ticker,date,close,volume,source
SOXX,2025-08-06,235.829544,4966500,yahoo
SOXX,2025-08-07,239.721375,6073400,yahoo
SOXX,2025-08-08,241.741943,5301300,yahoo
SOXX,2025-08-11,241.284073,4127900,yahoo
SOXX,2025-08-12,248.998093,10091500,yahoo
SOXX,2025-08-13,252.700836,6022400,yahoo
SOXX,2025-08-14,252.95961,5315700,yahoo
SOXX,2025-08-15,247.166641,6840100,yahoo
SOXX,2025-08-18,247.893234,4978200,yahoo
SOXX,2025-08-19,244.011353,3508000,yahoo
SOXX,2025-08-20,242.607925,9423100,yahoo
SOXX,2025-08-21,241.234314,4581100,yahoo
SOXX,2025-08-22,247.933075,6527700,yahoo
SOXX,2025-08-25,247.355743,3654200,yahoo
SOXX,2025-08-26,249.684891,3762000,yahoo
SOXX,2025-08-27,250.172607,4195400,yahoo
SOXX,2025-08-28,251.376984,5060200,yahoo
SOXX,2025-08-29,244.180588,8672600,yahoo
SOXX,2025-09-02,241.702118,6659200,yahoo
SOXX,2025-09-03,240.557465,5473300,yahoo
SOXX,2025-09-04,243.035919,11842200,yahoo
SOXX,2025-09-05,245.902542,17105500,yahoo
SOXX,2025-09-08,247.694199,10290500,yahoo
SOXX,2025-09-09,247.903198,9305200,yahoo
SOXX,2025-09-10,252.272812,13398400,yahoo
SOXX,2025-09-11,254.00473,10286200,yahoo
SOXX,2025-09-12,254.452637,7144200,yahoo
SOXX,2025-09-15,256.6026,7239200,yahoo
SOXX,2025-09-16,257.920227,7543300,yahoo
SOXX,2025-09-17,257.870361,6566900,yahoo
SOXX,2025-09-18,266.887299,12601600,yahoo
SOXX,2025-09-19,265.181641,5839100,yahoo
SOXX,2025-09-22,269.14151,5721400,yahoo
SOXX,2025-09-23,268.822327,6068300,yahoo
SOXX,2025-09-24,268.413391,7825500,yahoo
SOXX,2025-09-25,267.555573,11157800,yahoo
SOXX,2025-09-26,268.144073,7244300,yahoo
SOXX,2025-09-29,268.243805,5954900,yahoo
SOXX,2025-09-30,270.428223,7091800,yahoo
SOXX,2025-10-01,275.634918,9339600,yahoo
SOXX,2025-10-02,280.971283,7250000,yahoo
SOXX,2025-10-03,279.245697,8629100,yahoo
SOXX,2025-10-06,287.624237,11275000,yahoo
SOXX,2025-10-07,281.190704,9952000,yahoo
SOXX,2025-10-08,290.796143,9301700,yahoo
SOXX,2025-10-09,289.449585,7603500,yahoo
SOXX,2025-10-10,271.29599,26691200,yahoo
SOXX,2025-10-13,284.143158,8703400,yahoo
SOXX,2025-10-14,278.318024,8476000,yahoo
SOXX,2025-10-15,286.906097,7595200,yahoo
SOXX,2025-10-16,288.242676,7410400,yahoo
SOXX,2025-10-17,287.434753,6261500,yahoo
SOXX,2025-10-20,292.222473,5832300,yahoo
SOXX,2025-10-21,290.586639,3965200,yahoo
SOXX,2025-10-22,283.405029,7875300,yahoo
SOXX,2025-10-23,290.317352,5374800,yahoo
SOXX,2025-10-24,295.105103,4621200,yahoo
SOXX,2025-10-27,303.304138,5165000,yahoo
SOXX,2025-10-28,303.673187,4156400,yahoo
SOXX,2025-10-29,308.810089,4503100,yahoo
SOXX,2025-10-30,304.630737,4630700,yahoo
SOXX,2025-10-31,305.767822,5163900,yahoo
SOXX,2025-11-03,307.59317,3750800,yahoo
SOXX,2025-11-04,295.504089,5288800,yahoo
SOXX,2025-11-05,304.690582,4949400,yahoo
SOXX,2025-11-06,296.740936,8548300,yahoo
SOXX,2025-11-07,293.628876,13798600,yahoo
SOXX,2025-11-10,301.229431,6030800,yahoo
SOXX,2025-11-11,294.396912,5877900,yahoo
SOXX,2025-11-12,298.905396,4145000,yahoo
SOXX,2025-11-13,288.641663,10980600,yahoo
SOXX,2025-11-14,287.783813,7142000,yahoo
SOXX,2025-11-17,282.836517,8188700,yahoo
SOXX,2025-11-18,276.273315,11103100,yahoo
SOXX,2025-11-19,280.891449,5108100,yahoo
SOXX,2025-11-20,267.415955,13398300,yahoo
SOXX,2025-11-21,270.138947,15355900,yahoo
SOXX,2025-11-24,281.978699,6424800,yahoo
SOXX,2025-11-25,282.856445,5942800,yahoo
SOXX,2025-11-26,290.646545,5818300,yahoo
SOXX,2025-11-28,295.982849,3038000,yahoo
SOXX,2025-12-01,296.162415,3933000,yahoo
SOXX,2025-12-02,302.067291,5086900,yahoo
SOXX,2025-12-03,308.570648,3867100,yahoo
SOXX,2025-12-04,305.498535,4639700,yahoo
SOXX,2025-12-05,308.610565,4338100,yahoo
SOXX,2025-12-08,311.962006,3620900,yahoo
SOXX,2025-12-09,311.383484,2775300,yahoo
SOXX,2025-12-10,315.522858,5093800,yahoo
SOXX,2025-12-11,313.717468,6504700,yahoo
SOXX,2025-12-12,298.715881,13813600,yahoo
SOXX,2025-12-15,297.249634,5241800,yahoo
SOXX,2025-12-16,295.877136,5850400,yahoo
SOXX,2025-12-17,284.919098,10422000,yahoo
SOXX,2025-12-18,291.72168,6740400,yahoo
SOXX,2025-12-19,299.483185,5075000,yahoo
SOXX,2025-12-22,303.508789,4019000,yahoo
SOXX,2025-12-23,304.627563,2708600,yahoo
SOXX,2025-12-24,305.806305,1723200,yahoo
SOXX,2025-12-26,305.70639,1860900,yahoo
SOXX,2025-12-29,304.987183,3620700,yahoo
SOXX,2025-12-30,304.587646,2984800,yahoo
SOXX,2025-12-31,300.821716,2954200,yahoo
SOXX,2026-01-02,313.348053,8491300,yahoo
SOXX,2026-01-05,317.713287,7923200,yahoo
SOXX,2026-01-06,327.992065,7579900,yahoo
SOXX,2026-01-07,324.535858,4528500,yahoo
SOXX,2026-01-08,319.231628,5408300,yahoo
SOXX,2026-01-09,328.421631,7323100,yahoo
SOXX,2026-01-12,329.989899,5159600,yahoo
SOXX,2026-01-13,332.936646,3835900,yahoo
SOXX,2026-01-14,331.538208,5468900,yahoo
SOXX,2026-01-15,336.852417,6531500,yahoo
SOXX,2026-01-16,342.09668,5127300,yahoo
SOXX,2026-01-20,336.9823,6232600,yahoo
SOXX,2026-01-21,347.760529,7204200,yahoo
SOXX,2026-01-22,348.289948,4662000,yahoo
SOXX,2026-01-23,344.334229,4335900,yahoo
SOXX,2026-01-26,342.696045,4458700,yahoo
SOXX,2026-01-27,350.697296,5293600,yahoo
SOXX,2026-01-28,360.067047,5364000,yahoo
SOXX,2026-01-29,360.736359,8446200,yahoo
SOXX,2026-01-30,345.922485,8719100,yahoo
SOXX,2026-02-02,352.305542,7758000,yahoo
SOXX,2026-02-03,345.263245,8371200,yahoo
SOXX,2026-02-04,330.019867,15231400,yahoo
SOXX,2026-02-05,330.46936,10406500,yahoo
SOXX,2026-02-06,348.130127,9096100,yahoo
SOXX,2026-02-09,352.385468,7091400,yahoo
SOXX,2026-02-10,351.046936,6252400,yahoo
SOXX,2026-02-11,359.807373,7497000,yahoo
SOXX,2026-02-12,351.116852,9488000,yahoo
SOXX,2026-02-13,354.273376,5963000,yahoo
SOXX,2026-02-17,353.71402,4068900,yahoo
SOXX,2026-02-18,357.529877,5681200,yahoo
SOXX,2026-02-19,355.452118,5576400,yahoo
SOXX,2026-02-20,359.038177,6013600,yahoo
SOXX,2026-02-23,356.431061,6339800,yahoo
SOXX,2026-02-24,361.645386,6206000,yahoo
SOXX,2026-02-25,367.598846,4539900,yahoo
SOXX,2026-02-26,356.411041,13329100,yahoo
SOXX,2026-02-27,351.905975,6250200,yahoo
SOXX,2026-03-02,351.666229,7284000,yahoo
SOXX,2026-03-03,334.41507,17946100,yahoo
SOXX,2026-03-04,341.167694,10649900,yahoo
SOXX,2026-03-05,337.391815,7239300,yahoo
SOXX,2026-03-06,323.157379,8733700,yahoo
SOXX,2026-03-09,336.003326,9824600,yahoo
SOXX,2026-03-10,338.440674,7471000,yahoo
SOXX,2026-03-11,341.717102,6215100,yahoo
SOXX,2026-03-12,329.830078,8008100,yahoo
SOXX,2026-03-13,330.958832,6450800,yahoo
SOXX,2026-03-16,337.461731,8018200,yahoo
SOXX,2026-03-17,340.088501,4472100,yahoo
SOXX,2026-03-18,338.129456,6363900,yahoo
SOXX,2026-03-19,340.038544,8292100,yahoo
SOXX,2026-03-20,332.352203,9441300,yahoo
SOXX,2026-03-23,336.430237,8151000,yahoo
SOXX,2026-03-24,340.858124,5287500,yahoo
SOXX,2026-03-25,345.086121,5869000,yahoo
SOXX,2026-03-26,328.693909,10172400,yahoo
SOXX,2026-03-27,323.326477,6334800,yahoo
SOXX,2026-03-30,309.642975,13204800,yahoo
SOXX,2026-03-31,328.503998,14036500,yahoo
SOXX,2026-04-01,338.379333,10130800,yahoo
SOXX,2026-04-02,339.448792,6521000,yahoo
SOXX,2026-04-06,343.936676,3105000,yahoo
SOXX,2026-04-07,347.59494,4026000,yahoo
SOXX,2026-04-08,370.224182,9868700,yahoo
SOXX,2026-04-09,378.450287,6036700,yahoo
SOXX,2026-04-10,386.416504,5596900,yahoo
SOXX,2026-04-13,393.15329,4377400,yahoo
SOXX,2026-04-14,401.049561,5202600,yahoo
SOXX,2026-04-15,401.66925,5570200,yahoo
SOXX,2026-04-16,405.757324,4400500,yahoo
SOXX,2026-04-17,415.512695,5729100,yahoo
SOXX,2026-04-20,417.351807,3493500,yahoo
SOXX,2026-04-21,420.500336,3676800,yahoo
SOXX,2026-04-22,431.565063,6557600,yahoo
SOXX,2026-04-23,440.79068,10812400,yahoo
SOXX,2026-04-24,461.38092,9072000,yahoo
SOXX,2026-04-27,455.193848,8924600,yahoo
SOXX,2026-04-28,438.50177,11014900,yahoo
SOXX,2026-04-29,449.776398,5972800,yahoo
SOXX,2026-04-30,461.220978,5170200,yahoo
SOXX,2026-05-01,465.528931,4155900,yahoo
SOXX,2026-05-04,461.840698,5233100,yahoo
SOXX,2026-05-05,482.500885,7203000,yahoo
SOXX,2026-05-06,506.629425,9768600,yahoo
SOXX,2026-05-07,492.126282,9913700,yahoo
SOXX,2026-05-08,520.05304,7754500,yahoo
SOXX,2026-05-11,532.507141,7492600,yahoo
SOXX,2026-05-12,515.745056,14660600,yahoo
SOXX,2026-05-13,528.039246,7346400,yahoo
SOXX,2026-05-14,529.778442,5212400,yahoo
SOXX,2026-05-15,508.278625,9388200,yahoo
SOXX,2026-05-18,495.634644,9999000,yahoo
SOXX,2026-05-19,496.504211,12217000,yahoo
SOXX,2026-05-20,520.063049,9457600,yahoo
SOXX,2026-05-21,524.460999,6749900,yahoo
SOXX,2026-05-22,537.075012,7671100,yahoo
SOXX,2026-05-26,569.819458,8926200,yahoo
SOXX,2026-05-27,563.71228,11412400,yahoo
SOXX,2026-05-28,569.199707,6763900,yahoo
SOXX,2026-05-29,568.809937,7323900,yahoo
SOXX,2026-06-01,571.658508,6999500,yahoo
SOXX,2026-06-02,604.732849,7475400,yahoo
SOXX,2026-06-03,615.387756,8564700,yahoo
SOXX,2026-06-04,602.433899,11445300,yahoo
SOXX,2026-06-05,539.513855,22377300,yahoo
SOXX,2026-06-08,571.178772,12843000,yahoo
SOXX,2026-06-09,561.87323,24548100,yahoo
SOXX,2026-06-10,541.252991,16672200,yahoo
SOXX,2026-06-11,586.651428,12295400,yahoo
SOXX,2026-06-12,595.96698,9928200,yahoo
SOXX,2026-06-15,628.450012,8170800,yahoo
SOXX,2026-06-16,591.23999,11204900,yahoo
SOXX,2026-06-17,599.72998,8948400,yahoo
SOXX,2026-06-18,639.450012,9666000,yahoo
SOXX,2026-06-22,655.01001,7782700,yahoo
SOXX,2026-06-23,603.390015,12712200,yahoo
SOXX,2026-06-24,601.5,9230700,yahoo
SOXX,2026-06-25,625.200012,12713200,yahoo
SOXX,2026-06-26,589.940002,11017500,yahoo
SOXX,2026-06-29,614.349976,11036800,yahoo
SOXX,2026-06-30,640.76001,10112600,yahoo
SOXX,2026-07-01,599.700012,9983000,yahoo
SOXX,2026-07-02,566.320007,16092600,yahoo
SOXX,2026-07-06,581.51001,8419400,yahoo
SOXX,2026-07-07,551.690002,12285700,yahoo
SOXX,2026-07-08,562.030029,7195400,yahoo
SOXX,2026-07-09,581.700012,10026200,yahoo
SOXX,2026-07-10,581.340027,5861000,yahoo
SOXX,2026-07-13,553.609985,8307000,yahoo
SOXX,2026-07-14,567.919983,7372300,yahoo
SOXX,2026-07-15,555.27002,10199600,yahoo
SOXX,2026-07-16,530.5,10343300,yahoo
SOXX,2026-07-17,521.809998,15576800,yahoo
SOXX,2026-07-20,524.140015,6533100,yahoo
SOXX,2026-07-21,552.690002,10079700,yahoo
SOXX,2026-07-22,555.52002,6268400,yahoo
SOXX,2026-07-23,551.23999,6689500,yahoo
SOXX,2026-07-24,527.01001,10952000,yahoo
SOXX,2026-07-27,516.22998,13472800,yahoo
SOXX,2026-07-28,491.459991,14904200,yahoo
SOXX,2026-07-29,465.0,18817200,yahoo
SOXX,2026-07-30,504.529999,17477800,yahoo
SOXX,2026-07-31,504.890015,13113700,yahoo
SOXX,2026-08-03,507.679993,10302000,yahoo
SOXX,2026-08-04,542.210022,10898600,yahoo
SOXX,2026-08-05,530.700012,9614800,yahoo
LQD,2025-08-06,105.017639,31825300,yahoo
LQD,2025-08-07,104.912498,29018100,yahoo
LQD,2025-08-08,104.577965,16946300,yahoo
LQD,2025-08-11,104.74044,24444300,yahoo
LQD,2025-08-12,104.836021,26380500,yahoo
LQD,2025-08-13,105.390404,27701400,yahoo
LQD,2025-08-14,105.027191,18817700,yahoo
LQD,2025-08-15,104.893379,20932000,yahoo
LQD,2025-08-18,104.702209,19579900,yahoo
LQD,2025-08-19,104.864693,26744200,yahoo
LQD,2025-08-20,104.912498,25054700,yahoo
LQD,2025-08-21,104.51104,25157900,yahoo
LQD,2025-08-22,105.333061,34562900,yahoo
LQD,2025-08-25,105.055862,18983100,yahoo
LQD,2025-08-26,105.132339,23246400,yahoo
LQD,2025-08-27,105.170555,25171700,yahoo
LQD,2025-08-28,105.333061,26892700,yahoo
LQD,2025-08-29,104.950722,32201100,yahoo
LQD,2025-09-02,104.599663,31044800,yahoo
LQD,2025-09-03,105.223129,34520600,yahoo
LQD,2025-09-04,105.94252,43026600,yahoo
LQD,2025-09-05,106.633141,36249000,yahoo
LQD,2025-09-08,107.00721,28998000,yahoo
LQD,2025-09-09,106.815392,24412500,yahoo
LQD,2025-09-10,107.13192,30188100,yahoo
LQD,2025-09-11,107.630692,28405600,yahoo
LQD,2025-09-12,107.43885,26728500,yahoo
LQD,2025-09-15,107.774574,21863600,yahoo
LQD,2025-09-16,107.678665,28232600,yahoo
LQD,2025-09-17,107.486809,34969800,yahoo
LQD,2025-09-18,107.266205,37159300,yahoo
LQD,2025-09-19,107.179871,26845400,yahoo
LQD,2025-09-22,106.940079,25908600,yahoo
LQD,2025-09-23,107.1511,31575400,yahoo
LQD,2025-09-24,106.719452,34756700,yahoo
LQD,2025-09-25,106.527611,36991200,yahoo
LQD,2025-09-26,106.671516,31962100,yahoo
LQD,2025-09-29,107.026405,31961900,yahoo
LQD,2025-09-30,106.920898,34939700,yahoo
LQD,2025-10-01,107.350266,30262700,yahoo
LQD,2025-10-02,107.523552,18259400,yahoo
LQD,2025-10-03,107.388779,19971200,yahoo
LQD,2025-10-06,107.042191,19553600,yahoo
LQD,2025-10-07,107.24437,29459500,yahoo
LQD,2025-10-08,107.109581,22462100,yahoo
LQD,2025-10-09,106.897804,29660700,yahoo
LQD,2025-10-10,107.196236,39146400,yahoo
LQD,2025-10-13,107.562057,11235900,yahoo
LQD,2025-10-14,107.918243,43975300,yahoo
LQD,2025-10-15,107.918243,45017200,yahoo
LQD,2025-10-16,108.226311,39858400,yahoo
LQD,2025-10-17,108.014519,35433500,yahoo
LQD,2025-10-20,108.341835,26361100,yahoo
LQD,2025-10-21,108.361092,27353800,yahoo
LQD,2025-10-22,108.466988,41003600,yahoo
LQD,2025-10-23,108.332207,27558500,yahoo
LQD,2025-10-24,108.515137,29474600,yahoo
LQD,2025-10-27,108.698036,23513400,yahoo
LQD,2025-10-28,108.707649,34236300,yahoo
LQD,2025-10-29,108.091545,36236000,yahoo
LQD,2025-10-30,107.513924,46045200,yahoo
LQD,2025-10-31,107.080704,57255300,yahoo
LQD,2025-11-03,106.792778,53372100,yahoo
LQD,2025-11-04,106.937721,62636700,yahoo
LQD,2025-11-05,106.618866,43258300,yahoo
LQD,2025-11-06,107.17926,37814800,yahoo
LQD,2025-11-07,106.966698,42671600,yahoo
LQD,2025-11-10,107.024673,45229000,yahoo
LQD,2025-11-11,107.449791,11282600,yahoo
LQD,2025-11-12,107.343513,39067900,yahoo
LQD,2025-11-13,106.812119,34125900,yahoo
LQD,2025-11-14,106.522255,31437600,yahoo
LQD,2025-11-17,106.58989,34343300,yahoo
LQD,2025-11-18,106.638184,30566000,yahoo
LQD,2025-11-19,106.64785,29144800,yahoo
LQD,2025-11-20,106.792778,49362200,yahoo
LQD,2025-11-21,107.169594,41000500,yahoo
LQD,2025-11-24,107.594727,28437900,yahoo
LQD,2025-11-25,107.894226,47560900,yahoo
LQD,2025-11-26,108.261398,24585400,yahoo
LQD,2025-11-28,108.077827,25471200,yahoo
LQD,2025-12-01,107.498856,24610100,yahoo
LQD,2025-12-02,107.56675,34955000,yahoo
LQD,2025-12-03,107.809189,20997800,yahoo
LQD,2025-12-04,107.615227,29846500,yahoo
LQD,2025-12-05,107.508553,25470000,yahoo
LQD,2025-12-08,107.2855,28815200,yahoo
LQD,2025-12-09,107.149734,29239900,yahoo
LQD,2025-12-10,107.644325,34019300,yahoo
LQD,2025-12-11,107.489159,41927200,yahoo
LQD,2025-12-12,106.839401,39040100,yahoo
LQD,2025-12-15,106.965492,22151200,yahoo
LQD,2025-12-16,107.207932,31692600,yahoo
LQD,2025-12-17,107.091553,22248000,yahoo
LQD,2025-12-18,107.498856,31844300,yahoo
LQD,2025-12-19,107.222359,28594900,yahoo
LQD,2025-12-22,107.202888,17335000,yahoo
LQD,2025-12-23,107.309982,16137300,yahoo
LQD,2025-12-24,107.72863,6400600,yahoo
LQD,2025-12-26,107.718895,10589300,yahoo
LQD,2025-12-29,107.864922,18943900,yahoo
LQD,2025-12-30,107.738358,21486400,yahoo
LQD,2025-12-31,107.280777,19124600,yahoo
LQD,2026-01-02,107.251564,25676200,yahoo
LQD,2026-01-05,107.553375,27771000,yahoo
LQD,2026-01-06,107.553375,31037300,yahoo
LQD,2026-01-07,107.631271,28107400,yahoo
LQD,2026-01-08,107.329445,26395600,yahoo
LQD,2026-01-09,107.718895,29660300,yahoo
LQD,2026-01-12,107.592323,28990100,yahoo
LQD,2026-01-13,107.825989,31139200,yahoo
LQD,2026-01-14,108.098587,27251900,yahoo
LQD,2026-01-15,107.962296,34534800,yahoo
LQD,2026-01-16,107.650742,38762100,yahoo
LQD,2026-01-20,106.998436,43500200,yahoo
LQD,2026-01-21,107.641006,38616500,yahoo
LQD,2026-01-22,107.845467,36342900,yahoo
LQD,2026-01-23,107.913605,30615300,yahoo
LQD,2026-01-26,108.001236,23629800,yahoo
LQD,2026-01-27,107.884399,27166000,yahoo
LQD,2026-01-28,107.72863,31045900,yahoo
LQD,2026-01-29,107.757828,45815500,yahoo
LQD,2026-01-30,107.650742,39631400,yahoo
LQD,2026-02-02,107.551064,35480300,yahoo
LQD,2026-02-03,107.59993,32761700,yahoo
LQD,2026-02-04,107.463112,31344400,yahoo
LQD,2026-02-05,107.981033,23929700,yahoo
LQD,2026-02-06,108.039658,29022200,yahoo
LQD,2026-02-09,108.039658,27356900,yahoo
LQD,2026-02-10,108.293724,34509800,yahoo
LQD,2026-02-11,108.176468,29955300,yahoo
LQD,2026-02-12,108.684624,39724200,yahoo
LQD,2026-02-13,109.046173,33609900,yahoo
LQD,2026-02-17,109.153671,33132600,yahoo
LQD,2026-02-18,109.046173,40087000,yahoo
LQD,2026-02-19,109.13414,30394400,yahoo
LQD,2026-02-20,109.046173,44837400,yahoo
LQD,2026-02-23,109.163452,33323600,yahoo
LQD,2026-02-24,109.13414,37797100,yahoo
LQD,2026-02-25,109.10482,33682200,yahoo
LQD,2026-02-26,109.173225,33031800,yahoo
LQD,2026-02-27,109.13414,48343700,yahoo
LQD,2026-03-02,108.76445,54854600,yahoo
LQD,2026-03-03,108.715431,78775000,yahoo
LQD,2026-03-04,108.813484,49023300,yahoo
LQD,2026-03-05,108.382042,47318400,yahoo
LQD,2026-03-06,108.019234,58242900,yahoo
LQD,2026-03-09,108.666405,44312100,yahoo
LQD,2026-03-10,107.921165,71501200,yahoo
LQD,2026-03-11,107.038666,66523500,yahoo
LQD,2026-03-12,106.460129,72750200,yahoo
LQD,2026-03-13,106.067902,54605100,yahoo
LQD,2026-03-16,106.577797,65430000,yahoo
LQD,2026-03-17,107.175934,53953900,yahoo
LQD,2026-03-18,106.597404,60360000,yahoo
LQD,2026-03-19,107.068077,60271200,yahoo
LQD,2026-03-20,105.754112,66608900,yahoo
LQD,2026-03-23,106.450317,54512800,yahoo
LQD,2026-03-24,106.234596,46515300,yahoo
LQD,2026-03-25,106.617012,48616300,yahoo
LQD,2026-03-26,105.783531,42072700,yahoo
LQD,2026-03-27,105.528587,42578500,yahoo
LQD,2026-03-30,106.20517,42677000,yahoo
LQD,2026-03-31,106.871971,57883800,yahoo
LQD,2026-04-01,106.986176,37445300,yahoo
LQD,2026-04-02,107.439087,27148600,yahoo
LQD,2026-04-06,107.271706,29080500,yahoo
LQD,2026-04-07,107.389854,41258900,yahoo
LQD,2026-04-08,107.803383,63694700,yahoo
LQD,2026-04-09,107.803383,39122000,yahoo
LQD,2026-04-10,107.517853,22857000,yahoo
LQD,2026-04-13,107.931389,19904200,yahoo
LQD,2026-04-14,108.285851,29507800,yahoo
LQD,2026-04-15,108.24646,30074300,yahoo
LQD,2026-04-16,107.744308,25833300,yahoo
LQD,2026-04-17,108.34491,44767700,yahoo
LQD,2026-04-20,108.335075,19935900,yahoo
LQD,2026-04-21,107.921539,26008100,yahoo
LQD,2026-04-22,108.128304,17815000,yahoo
LQD,2026-04-23,107.832924,25668600,yahoo
LQD,2026-04-24,107.911697,23212600,yahoo
LQD,2026-04-27,107.606468,21833200,yahoo
LQD,2026-04-28,107.655701,25603500,yahoo
LQD,2026-04-29,107.055092,21800900,yahoo
LQD,2026-04-30,107.173248,45530700,yahoo
LQD,2026-05-01,107.34623,34755500,yahoo
LQD,2026-05-04,107.000267,21983900,yahoo
LQD,2026-05-05,107.395653,33609700,yahoo
LQD,2026-05-06,107.92942,28417400,yahoo
LQD,2026-05-07,107.484612,24184900,yahoo
LQD,2026-05-08,107.939301,17503300,yahoo
LQD,2026-05-11,107.672424,23050600,yahoo
LQD,2026-05-12,107.306686,26579400,yahoo
LQD,2026-05-13,107.366005,19083000,yahoo
LQD,2026-05-14,107.296814,18038000,yahoo
LQD,2026-05-15,106.614769,49718000,yahoo
LQD,2026-05-18,106.417084,31145200,yahoo
LQD,2026-05-19,105.883316,36965500,yahoo
LQD,2026-05-20,106.703728,34281700,yahoo
LQD,2026-05-21,106.921196,25440400,yahoo
LQD,2026-05-22,107.118889,19668800,yahoo
LQD,2026-05-26,107.524155,23730300,yahoo
LQD,2026-05-27,107.672424,16208400,yahoo
LQD,2026-05-28,107.998611,24176800,yahoo
LQD,2026-05-29,108.097458,26551200,yahoo
LQD,2026-06-01,108.080582,19298000,yahoo
LQD,2026-06-02,108.070663,14394700,yahoo
LQD,2026-06-03,107.773003,24018700,yahoo
LQD,2026-06-04,108.001205,17881600,yahoo
LQD,2026-06-05,107.326508,30790300,yahoo
LQD,2026-06-08,107.217369,21944000,yahoo
LQD,2026-06-09,107.564644,37925400,yahoo
LQD,2026-06-10,107.316597,20870100,yahoo
LQD,2026-06-11,108.229416,34849400,yahoo
LQD,2026-06-12,108.159958,23423000,yahoo
LQD,2026-06-15,108.140114,27040500,yahoo
LQD,2026-06-16,108.269104,24297100,yahoo
LQD,2026-06-17,107.921829,31079300,yahoo
LQD,2026-06-18,108.21949,41725500,yahoo
LQD,2026-06-22,107.931755,22557300,yahoo
LQD,2026-06-23,108.060738,27509300,yahoo
LQD,2026-06-24,108.556847,31462200,yahoo
LQD,2026-06-25,108.646141,33772500,yahoo
LQD,2026-06-26,108.646141,26033500,yahoo
LQD,2026-06-29,108.844582,43883300,yahoo
LQD,2026-06-30,108.21949,32665400,yahoo
LQD,2026-07-01,107.99247,25563100,yahoo
LQD,2026-07-02,108.171692,18406000,yahoo
LQD,2026-07-06,108.201561,17471600,yahoo
LQD,2026-07-07,107.41497,32025000,yahoo
LQD,2026-07-08,107.205872,31080600,yahoo
LQD,2026-07-09,107.245705,24612700,yahoo
LQD,2026-07-10,106.99678,34114000,yahoo
LQD,2026-07-13,106.49894,29936100,yahoo
LQD,2026-07-14,106.747856,33688900,yahoo
LQD,2026-07-15,107.116264,27178700,yahoo
LQD,2026-07-16,107.036606,33413200,yahoo
LQD,2026-07-17,107.096352,25761500,yahoo
LQD,2026-07-20,106.688118,29445700,yahoo
LQD,2026-07-21,106.389412,26033300,yahoo
LQD,2026-07-22,106.210182,20115500,yahoo
LQD,2026-07-23,105.801956,35690700,yahoo
LQD,2026-07-24,105.772087,27980000,yahoo
LQD,2026-07-27,106.05088,33698100,yahoo
LQD,2026-07-28,106.369499,23347600,yahoo
LQD,2026-07-29,105.762131,44523200,yahoo
LQD,2026-07-30,105.951309,30975700,yahoo
LQD,2026-07-31,105.792,40904000,yahoo
LQD,2026-08-03,106.110001,30003200,yahoo
LQD,2026-08-04,106.760002,30075900,yahoo
LQD,2026-08-05,106.739998,24602300,yahoo
SOX,2025-08-06,5550.299805,0,yahoo
SOX,2025-08-07,5633.700195,0,yahoo
SOX,2025-08-08,5678.02002,0,yahoo
SOX,2025-08-11,5670.370117,0,yahoo
SOX,2025-08-12,5840.089844,0,yahoo
SOX,2025-08-13,5892.609863,0,yahoo
SOX,2025-08-14,5885.490234,0,yahoo
SOX,2025-08-15,5752.740234,0,yahoo
SOX,2025-08-18,5776.310059,0,yahoo
SOX,2025-08-19,5671.509766,0,yahoo
SOX,2025-08-20,5630.819824,0,yahoo
SOX,2025-08-21,5603.259766,0,yahoo
SOX,2025-08-22,5754.459961,0,yahoo
SOX,2025-08-25,5756.299805,0,yahoo
SOX,2025-08-26,5807.919922,0,yahoo
SOX,2025-08-27,5824.609863,0,yahoo
SOX,2025-08-28,5853.049805,0,yahoo
SOX,2025-08-29,5668.939941,0,yahoo
SOX,2025-09-02,5605.459961,0,yahoo
SOX,2025-09-03,5592.819824,0,yahoo
SOX,2025-09-04,5667.859863,0,yahoo
SOX,2025-09-05,5761.399902,0,yahoo
SOX,2025-09-08,5809.609863,0,yahoo
SOX,2025-09-09,5819.830078,0,yahoo
SOX,2025-09-10,5958.089844,0,yahoo
SOX,2025-09-11,5995.390137,0,yahoo
SOX,2025-09-12,6001.740234,0,yahoo
SOX,2025-09-15,6059.830078,0,yahoo
SOX,2025-09-16,6079.220215,0,yahoo
SOX,2025-09-17,6060.220215,0,yahoo
SOX,2025-09-18,6278.160156,0,yahoo
SOX,2025-09-19,6232.25,0,yahoo
SOX,2025-09-22,6330.120117,0,yahoo
SOX,2025-09-23,6308.209961,0,yahoo
SOX,2025-09-24,6297.0,0,yahoo
SOX,2025-09-25,6284.669922,0,yahoo
SOX,2025-09-26,6305.049805,0,yahoo
SOX,2025-09-29,6315.109863,0,yahoo
SOX,2025-09-30,6369.819824,0,yahoo
SOX,2025-10-01,6500.279785,0,yahoo
SOX,2025-10-02,6626.379883,0,yahoo
SOX,2025-10-03,6583.740234,0,yahoo
SOX,2025-10-06,6774.060059,0,yahoo
SOX,2025-10-07,6634.759766,0,yahoo
SOX,2025-10-08,6860.200195,0,yahoo
SOX,2025-10-09,6840.200195,0,yahoo
SOX,2025-10-10,6407.600098,0,yahoo
SOX,2025-10-13,6723.470215,0,yahoo
SOX,2025-10-14,6570.330078,0,yahoo
SOX,2025-10-15,6767.060059,0,yahoo
SOX,2025-10-16,6800.02002,0,yahoo
SOX,2025-10-17,6777.97998,0,yahoo
SOX,2025-10-20,6885.029785,0,yahoo
SOX,2025-10-21,6839.27002,0,yahoo
SOX,2025-10-22,6677.569824,0,yahoo
SOX,2025-10-23,6847.390137,0,yahoo
SOX,2025-10-24,6976.939941,0,yahoo
SOX,2025-10-27,7167.97998,0,yahoo
SOX,2025-10-28,7194.709961,0,yahoo
SOX,2025-10-29,7327.930176,0,yahoo
SOX,2025-10-30,7216.0,0,yahoo
SOX,2025-10-31,7228.660156,0,yahoo
SOX,2025-11-03,7270.970215,0,yahoo
SOX,2025-11-04,6979.569824,0,yahoo
SOX,2025-11-05,7190.27002,0,yahoo
SOX,2025-11-06,7018.390137,0,yahoo
SOX,2025-11-07,6947.359863,0,yahoo
SOX,2025-11-10,7156.950195,0,yahoo
SOX,2025-11-11,6979.700195,0,yahoo
SOX,2025-11-12,7082.129883,0,yahoo
SOX,2025-11-13,6818.740234,0,yahoo
SOX,2025-11-14,6811.200195,0,yahoo
SOX,2025-11-17,6705.740234,0,yahoo
SOX,2025-11-18,6551.029785,0,yahoo
SOX,2025-11-19,6670.029785,0,yahoo
SOX,2025-11-20,6352.069824,0,yahoo
SOX,2025-11-21,6406.430176,0,yahoo
SOX,2025-11-24,6703.200195,0,yahoo
SOX,2025-11-25,6714.180176,0,yahoo
SOX,2025-11-26,6899.459961,0,yahoo
SOX,2025-11-28,7025.149902,0,yahoo
SOX,2025-12-01,7020.529785,0,yahoo
SOX,2025-12-02,7149.470215,0,yahoo
SOX,2025-12-03,7280.509766,0,yahoo
SOX,2025-12-04,7215.970215,0,yahoo
SOX,2025-12-05,7294.839844,0,yahoo
SOX,2025-12-08,7375.220215,0,yahoo
SOX,2025-12-09,7372.509766,0,yahoo
SOX,2025-12-10,7467.490234,0,yahoo
SOX,2025-12-11,7411.47998,0,yahoo
SOX,2025-12-12,7033.569824,0,yahoo
SOX,2025-12-15,6990.410156,0,yahoo
SOX,2025-12-16,6958.439941,0,yahoo
SOX,2025-12-17,6695.310059,0,yahoo
SOX,2025-12-18,6863.629883,0,yahoo
SOX,2025-12-19,7067.870117,0,yahoo
SOX,2025-12-22,7145.569824,0,yahoo
SOX,2025-12-23,7184.540039,0,yahoo
SOX,2025-12-24,7204.370117,0,yahoo
SOX,2025-12-26,7207.640137,0,yahoo
SOX,2025-12-29,7178.27002,0,yahoo
SOX,2025-12-30,7169.100098,0,yahoo
SOX,2025-12-31,7083.129883,0,yahoo
SOX,2026-01-02,7367.470215,0,yahoo
SOX,2026-01-05,7446.450195,0,yahoo
SOX,2026-01-06,7650.930176,0,yahoo
SOX,2026-01-07,7574.870117,0,yahoo
SOX,2026-01-08,7436.100098,0,yahoo
SOX,2026-01-09,7638.779785,0,yahoo
SOX,2026-01-12,7674.839844,0,yahoo
SOX,2026-01-13,7747.990234,0,yahoo
SOX,2026-01-14,7701.470215,0,yahoo
SOX,2026-01-15,7837.299805,0,yahoo
SOX,2026-01-16,7927.410156,0,yahoo
SOX,2026-01-20,7794.189941,0,yahoo
SOX,2026-01-21,8042.069824,0,yahoo
SOX,2026-01-22,8055.169922,0,yahoo
SOX,2026-01-23,7957.930176,0,yahoo
SOX,2026-01-26,7927.040039,0,yahoo
SOX,2026-01-27,8117.180176,0,yahoo
SOX,2026-01-28,8306.740234,0,yahoo
SOX,2026-01-29,8320.389648,0,yahoo
SOX,2026-01-30,7998.470215,0,yahoo
SOX,2026-02-02,8134.490234,0,yahoo
SOX,2026-02-03,7966.330078,0,yahoo
SOX,2026-02-04,7619.160156,0,yahoo
SOX,2026-02-05,7614.640137,0,yahoo
SOX,2026-02-06,8048.620117,0,yahoo
SOX,2026-02-09,8162.580078,0,yahoo
SOX,2026-02-10,8107.129883,0,yahoo
SOX,2026-02-11,8291.860352,0,yahoo
SOX,2026-02-12,8084.700195,0,yahoo
SOX,2026-02-13,8137.859863,0,yahoo
SOX,2026-02-17,8136.049805,0,yahoo
SOX,2026-02-18,8214.349609,0,yahoo
SOX,2026-02-19,8173.299805,0,yahoo
SOX,2026-02-20,8260.419922,0,yahoo
SOX,2026-02-23,8213.459961,0,yahoo
SOX,2026-02-24,8332.339844,0,yahoo
SOX,2026-02-25,8467.429688,0,yahoo
SOX,2026-02-26,8197.259766,0,yahoo
SOX,2026-02-27,8098.370117,0,yahoo
SOX,2026-03-02,8137.359863,0,yahoo
SOX,2026-03-03,7764.879883,0,yahoo
SOX,2026-03-04,7914.47998,0,yahoo
SOX,2026-03-05,7821.759766,0,yahoo
SOX,2026-03-06,7514.740234,0,yahoo
SOX,2026-03-09,7810.399902,0,yahoo
SOX,2026-03-10,7865.120117,0,yahoo
SOX,2026-03-11,7914.569824,0,yahoo
SOX,2026-03-12,7643.169922,0,yahoo
SOX,2026-03-13,7646.640137,0,yahoo
SOX,2026-03-16,7796.240234,0,yahoo
SOX,2026-03-17,7836.830078,0,yahoo
SOX,2026-03-18,7795.129883,0,yahoo
SOX,2026-03-19,7863.299805,0,yahoo
SOX,2026-03-20,7670.609863,0,yahoo
SOX,2026-03-23,7773.129883,0,yahoo
SOX,2026-03-24,7872.709961,0,yahoo
SOX,2026-03-25,7967.75,0,yahoo
SOX,2026-03-26,7585.870117,0,yahoo
SOX,2026-03-27,7457.669922,0,yahoo
SOX,2026-03-30,7142.330078,0,yahoo
SOX,2026-03-31,7588.200195,0,yahoo
SOX,2026-04-01,7802.310059,0,yahoo
SOX,2026-04-02,7833.390137,0,yahoo
SOX,2026-04-06,7916.109863,0,yahoo
SOX,2026-04-07,8003.870117,0,yahoo
SOX,2026-04-08,8510.919922,0,yahoo
SOX,2026-04-09,8689.530273,0,yahoo
SOX,2026-04-10,8889.830078,0,yahoo
SOX,2026-04-13,9039.519531,0,yahoo
SOX,2026-04-14,9224.120117,0,yahoo
SOX,2026-04-15,9239.290039,0,yahoo
SOX,2026-04-16,9329.349609,0,yahoo
SOX,2026-04-17,9555.879883,0,yahoo
SOX,2026-04-20,9599.209961,0,yahoo
SOX,2026-04-21,9647.209961,0,yahoo
SOX,2026-04-22,9909.269531,0,yahoo
SOX,2026-04-23,10078.570312,0,yahoo
SOX,2026-04-24,10513.660156,0,yahoo
SOX,2026-04-27,10408.040039,0,yahoo
SOX,2026-04-28,10035.580078,0,yahoo
SOX,2026-04-29,10271.299805,0,yahoo
SOX,2026-04-30,10503.700195,0,yahoo
SOX,2026-05-01,10595.339844,0,yahoo
SOX,2026-05-04,10534.660156,0,yahoo
SOX,2026-05-05,10980.580078,0,yahoo
SOX,2026-05-06,11472.75,0,yahoo
SOX,2026-05-07,11160.990234,0,yahoo
SOX,2026-05-08,11775.5,0,yahoo
SOX,2026-05-11,12081.040039,0,yahoo
SOX,2026-05-12,11717.259766,0,yahoo
SOX,2026-05-13,12017.980469,0,yahoo
SOX,2026-05-14,12073.780273,0,yahoo
SOX,2026-05-15,11588.459961,0,yahoo
SOX,2026-05-18,11302.519531,0,yahoo
SOX,2026-05-19,11305.5,0,yahoo
SOX,2026-05-20,11813.290039,0,yahoo
SOX,2026-05-21,11964.080078,0,yahoo
SOX,2026-05-22,12202.540039,0,yahoo
SOX,2026-05-26,12876.910156,0,yahoo
SOX,2026-05-27,12702.19043,0,yahoo
SOX,2026-05-28,12829.139648,0,yahoo
SOX,2026-05-29,12829.379883,0,yahoo
SOX,2026-06-01,12965.650391,0,yahoo
SOX,2026-06-02,13726.269531,0,yahoo
SOX,2026-06-03,13916.959961,0,yahoo
SOX,2026-06-04,13617.5,0,yahoo
SOX,2026-06-05,12220.759766,0,yahoo
SOX,2026-06-08,12906.69043,0,yahoo
SOX,2026-06-09,12657.80957,0,yahoo
SOX,2026-06-10,12206.459961,0,yahoo
SOX,2026-06-11,13171.44043,0,yahoo
SOX,2026-06-12,13371.469727,0,yahoo
SOX,2026-06-15,14099.620117,0,yahoo
SOX,2026-06-16,13294.219727,0,yahoo
SOX,2026-06-17,13477.070312,0,yahoo
SOX,2026-06-18,14341.780273,0,yahoo
SOX,2026-06-22,14634.719727,0,yahoo
SOX,2026-06-23,13482.509766,0,yahoo
SOX,2026-06-24,13458.200195,0,yahoo
SOX,2026-06-25,13940.870117,0,yahoo
SOX,2026-06-26,13203.570312,0,yahoo
SOX,2026-06-29,13709.660156,0,yahoo
SOX,2026-06-30,14246.959961,0,yahoo
SOX,2026-07-01,13353.280273,0,yahoo
SOX,2026-07-02,12626.219727,0,yahoo
SOX,2026-07-06,12900.139648,0,yahoo
SOX,2026-07-07,12300.519531,0,yahoo
SOX,2026-07-08,12574.969727,0,yahoo
SOX,2026-07-09,12960.0,0,yahoo
SOX,2026-07-10,12967.160156,0,yahoo
SOX,2026-07-13,12347.780273,0,yahoo
SOX,2026-07-14,12661.929688,0,yahoo
SOX,2026-07-15,12398.889648,0,yahoo
SOX,2026-07-16,11867.5,0,yahoo
SOX,2026-07-17,11673.889648,0,yahoo
SOX,2026-07-20,11743.849609,0,yahoo
SOX,2026-07-21,12356.160156,0,yahoo
SOX,2026-07-22,12410.669922,0,yahoo
SOX,2026-07-23,12343.839844,0,yahoo
SOX,2026-07-24,11818.879883,0,yahoo
SOX,2026-07-27,11554.879883,0,yahoo
SOX,2026-07-28,11035.679688,0,yahoo
SOX,2026-07-29,10447.490234,0,yahoo
SOX,2026-07-30,11302.990234,0,yahoo
SOX,2026-07-31,11311.080078,0,yahoo
SOX,2026-08-03,11430.349609,0,yahoo
SOX,2026-08-04,12179.259766,0,yahoo
SOX,2026-08-05,12008.879883,0,yahoo
VIX,2025-08-06,16.77,0,yahoo
VIX,2025-08-07,16.57,0,yahoo
VIX,2025-08-08,15.15,0,yahoo
VIX,2025-08-11,16.25,0,yahoo
VIX,2025-08-12,14.73,0,yahoo
VIX,2025-08-13,14.49,0,yahoo
VIX,2025-08-14,14.83,0,yahoo
VIX,2025-08-15,15.09,0,yahoo
VIX,2025-08-18,14.99,0,yahoo
VIX,2025-08-19,15.57,0,yahoo
VIX,2025-08-20,15.69,0,yahoo
VIX,2025-08-21,16.6,0,yahoo
VIX,2025-08-22,14.22,0,yahoo
VIX,2025-08-25,14.79,0,yahoo
VIX,2025-08-26,14.62,0,yahoo
VIX,2025-08-27,14.85,0,yahoo
VIX,2025-08-28,14.43,0,yahoo
VIX,2025-08-29,15.36,0,yahoo
VIX,2025-09-02,17.17,0,yahoo
VIX,2025-09-03,16.35,0,yahoo
VIX,2025-09-04,15.3,0,yahoo
VIX,2025-09-05,15.18,0,yahoo
VIX,2025-09-08,15.11,0,yahoo
VIX,2025-09-09,15.04,0,yahoo
VIX,2025-09-10,15.35,0,yahoo
VIX,2025-09-11,14.71,0,yahoo
VIX,2025-09-12,14.76,0,yahoo
VIX,2025-09-15,15.69,0,yahoo
VIX,2025-09-16,16.360001,0,yahoo
VIX,2025-09-17,15.72,0,yahoo
VIX,2025-09-18,15.7,0,yahoo
VIX,2025-09-19,15.45,0,yahoo
VIX,2025-09-22,16.1,0,yahoo
VIX,2025-09-23,16.639999,0,yahoo
VIX,2025-09-24,16.18,0,yahoo
VIX,2025-09-25,16.74,0,yahoo
VIX,2025-09-26,15.29,0,yahoo
VIX,2025-09-29,16.120001,0,yahoo
VIX,2025-09-30,16.280001,0,yahoo
VIX,2025-10-01,16.290001,0,yahoo
VIX,2025-10-02,16.629999,0,yahoo
VIX,2025-10-03,16.65,0,yahoo
VIX,2025-10-06,16.370001,0,yahoo
VIX,2025-10-07,17.24,0,yahoo
VIX,2025-10-08,16.299999,0,yahoo
VIX,2025-10-09,16.43,0,yahoo
VIX,2025-10-10,21.66,0,yahoo
VIX,2025-10-13,19.030001,0,yahoo
VIX,2025-10-14,20.809999,0,yahoo
VIX,2025-10-15,20.639999,0,yahoo
VIX,2025-10-16,25.309999,0,yahoo
VIX,2025-10-17,20.780001,0,yahoo
VIX,2025-10-20,18.23,0,yahoo
VIX,2025-10-21,17.870001,0,yahoo
VIX,2025-10-22,18.6,0,yahoo
VIX,2025-10-23,17.299999,0,yahoo
VIX,2025-10-24,16.370001,0,yahoo
VIX,2025-10-27,15.79,0,yahoo
VIX,2025-10-28,16.42,0,yahoo
VIX,2025-10-29,16.92,0,yahoo
VIX,2025-10-30,16.91,0,yahoo
VIX,2025-10-31,17.440001,0,yahoo
VIX,2025-11-03,17.17,0,yahoo
VIX,2025-11-04,19.0,0,yahoo
VIX,2025-11-05,18.01,0,yahoo
VIX,2025-11-06,19.5,0,yahoo
VIX,2025-11-07,19.08,0,yahoo
VIX,2025-11-10,17.6,0,yahoo
VIX,2025-11-11,17.280001,0,yahoo
VIX,2025-11-12,17.51,0,yahoo
VIX,2025-11-13,20.0,0,yahoo
VIX,2025-11-14,19.83,0,yahoo
VIX,2025-11-17,22.379999,0,yahoo
VIX,2025-11-18,24.690001,0,yahoo
VIX,2025-11-19,23.66,0,yahoo
VIX,2025-11-20,26.42,0,yahoo
VIX,2025-11-21,23.43,0,yahoo
VIX,2025-11-24,20.52,0,yahoo
VIX,2025-11-25,18.559999,0,yahoo
VIX,2025-11-26,17.190001,0,yahoo
VIX,2025-11-28,16.35,0,yahoo
VIX,2025-12-01,17.24,0,yahoo
VIX,2025-12-02,16.59,0,yahoo
VIX,2025-12-03,16.08,0,yahoo
VIX,2025-12-04,15.78,0,yahoo
VIX,2025-12-05,15.41,0,yahoo
VIX,2025-12-08,16.66,0,yahoo
VIX,2025-12-09,16.93,0,yahoo
VIX,2025-12-10,15.77,0,yahoo
VIX,2025-12-11,14.85,0,yahoo
VIX,2025-12-12,15.74,0,yahoo
VIX,2025-12-15,16.5,0,yahoo
VIX,2025-12-16,16.48,0,yahoo
VIX,2025-12-17,17.620001,0,yahoo
VIX,2025-12-18,16.870001,0,yahoo
VIX,2025-12-19,14.91,0,yahoo
VIX,2025-12-22,14.08,0,yahoo
VIX,2025-12-23,14.0,0,yahoo
VIX,2025-12-24,13.47,0,yahoo
VIX,2025-12-26,13.6,0,yahoo
VIX,2025-12-29,14.2,0,yahoo
VIX,2025-12-30,14.33,0,yahoo
VIX,2025-12-31,14.95,0,yahoo
VIX,2026-01-02,14.51,0,yahoo
VIX,2026-01-05,14.9,0,yahoo
VIX,2026-01-06,14.75,0,yahoo
VIX,2026-01-07,15.38,0,yahoo
VIX,2026-01-08,15.45,0,yahoo
VIX,2026-01-09,14.49,0,yahoo
VIX,2026-01-12,15.12,0,yahoo
VIX,2026-01-13,15.98,0,yahoo
VIX,2026-01-14,16.75,0,yahoo
VIX,2026-01-15,15.84,0,yahoo
VIX,2026-01-16,15.86,0,yahoo
VIX,2026-01-20,20.09,0,yahoo
VIX,2026-01-21,16.9,0,yahoo
VIX,2026-01-22,15.64,0,yahoo
VIX,2026-01-23,16.09,0,yahoo
VIX,2026-01-26,16.15,0,yahoo
VIX,2026-01-27,16.35,0,yahoo
VIX,2026-01-28,16.35,0,yahoo
VIX,2026-01-29,16.879999,0,yahoo
VIX,2026-01-30,17.440001,0,yahoo
VIX,2026-02-02,16.34,0,yahoo
VIX,2026-02-03,18.0,0,yahoo
VIX,2026-02-04,18.639999,0,yahoo
VIX,2026-02-05,21.77,0,yahoo
VIX,2026-02-06,20.370001,0,yahoo
VIX,2026-02-09,17.360001,0,yahoo
VIX,2026-02-10,17.790001,0,yahoo
VIX,2026-02-11,17.65,0,yahoo
VIX,2026-02-12,20.82,0,yahoo
VIX,2026-02-13,20.6,0,yahoo
VIX,2026-02-17,20.290001,0,yahoo
VIX,2026-02-18,19.620001,0,yahoo
VIX,2026-02-19,20.23,0,yahoo
VIX,2026-02-20,19.09,0,yahoo
VIX,2026-02-23,21.01,0,yahoo
VIX,2026-02-24,19.549999,0,yahoo
VIX,2026-02-25,17.93,0,yahoo
VIX,2026-02-26,18.629999,0,yahoo
VIX,2026-02-27,19.860001,0,yahoo
VIX,2026-03-02,21.440001,0,yahoo
VIX,2026-03-03,23.57,0,yahoo
VIX,2026-03-04,21.15,0,yahoo
VIX,2026-03-05,23.75,0,yahoo
VIX,2026-03-06,29.49,0,yahoo
VIX,2026-03-09,25.5,0,yahoo
VIX,2026-03-10,24.93,0,yahoo
VIX,2026-03-11,24.23,0,yahoo
VIX,2026-03-12,27.290001,0,yahoo
VIX,2026-03-13,27.190001,0,yahoo
VIX,2026-03-16,23.51,0,yahoo
VIX,2026-03-17,22.370001,0,yahoo
VIX,2026-03-18,25.09,0,yahoo
VIX,2026-03-19,24.059999,0,yahoo
VIX,2026-03-20,26.780001,0,yahoo
VIX,2026-03-23,26.15,0,yahoo
VIX,2026-03-24,26.950001,0,yahoo
VIX,2026-03-25,25.33,0,yahoo
VIX,2026-03-26,27.440001,0,yahoo
VIX,2026-03-27,31.049999,0,yahoo
VIX,2026-03-30,30.610001,0,yahoo
VIX,2026-03-31,25.25,0,yahoo
VIX,2026-04-01,24.540001,0,yahoo
VIX,2026-04-02,23.870001,0,yahoo
VIX,2026-04-06,24.17,0,yahoo
VIX,2026-04-07,25.780001,0,yahoo
VIX,2026-04-08,21.040001,0,yahoo
VIX,2026-04-09,19.49,0,yahoo
VIX,2026-04-10,19.23,0,yahoo
VIX,2026-04-13,19.120001,0,yahoo
VIX,2026-04-14,18.360001,0,yahoo
VIX,2026-04-15,18.17,0,yahoo
VIX,2026-04-16,17.940001,0,yahoo
VIX,2026-04-17,17.48,0,yahoo
VIX,2026-04-20,18.870001,0,yahoo
VIX,2026-04-21,19.5,0,yahoo
VIX,2026-04-22,18.92,0,yahoo
VIX,2026-04-23,19.309999,0,yahoo
VIX,2026-04-24,18.709999,0,yahoo
VIX,2026-04-27,18.02,0,yahoo
VIX,2026-04-28,17.83,0,yahoo
VIX,2026-04-29,18.809999,0,yahoo
VIX,2026-04-30,16.889999,0,yahoo
VIX,2026-05-01,16.99,0,yahoo
VIX,2026-05-04,18.290001,0,yahoo
VIX,2026-05-05,17.379999,0,yahoo
VIX,2026-05-06,17.389999,0,yahoo
VIX,2026-05-07,17.08,0,yahoo
VIX,2026-05-08,17.190001,0,yahoo
VIX,2026-05-11,18.379999,0,yahoo
VIX,2026-05-12,17.99,0,yahoo
VIX,2026-05-13,17.870001,0,yahoo
VIX,2026-05-14,17.26,0,yahoo
VIX,2026-05-15,18.43,0,yahoo
VIX,2026-05-18,17.82,0,yahoo
VIX,2026-05-19,18.059999,0,yahoo
VIX,2026-05-20,17.440001,0,yahoo
VIX,2026-05-21,16.76,0,yahoo
VIX,2026-05-22,16.700001,0,yahoo
VIX,2026-05-25,16.59,0,yahoo
VIX,2026-05-26,17.01,0,yahoo
VIX,2026-05-27,16.290001,0,yahoo
VIX,2026-05-28,15.74,0,yahoo
VIX,2026-05-29,15.32,0,yahoo
VIX,2026-06-01,16.049999,0,yahoo
VIX,2026-06-02,15.77,0,yahoo
VIX,2026-06-03,16.059999,0,yahoo
VIX,2026-06-04,15.4,0,yahoo
VIX,2026-06-05,21.51,0,yahoo
VIX,2026-06-08,18.92,0,yahoo
VIX,2026-06-09,19.870001,0,yahoo
VIX,2026-06-10,22.219999,0,yahoo
VIX,2026-06-11,19.440001,0,yahoo
VIX,2026-06-12,17.68,0,yahoo
VIX,2026-06-15,16.200001,0,yahoo
VIX,2026-06-16,16.41,0,yahoo
VIX,2026-06-17,18.440001,0,yahoo
VIX,2026-06-18,16.4,0,yahoo
VIX,2026-06-22,17.280001,0,yahoo
VIX,2026-06-23,19.49,0,yahoo
VIX,2026-06-24,18.629999,0,yahoo
VIX,2026-06-25,18.889999,0,yahoo
VIX,2026-06-26,18.41,0,yahoo
VIX,2026-06-29,17.65,0,yahoo
VIX,2026-06-30,16.450001,0,yahoo
VIX,2026-07-01,16.59,0,yahoo
VIX,2026-07-02,16.15,0,yahoo
VIX,2026-07-06,15.57,0,yahoo
VIX,2026-07-07,16.129999,0,yahoo
VIX,2026-07-08,16.9,0,yahoo
VIX,2026-07-09,15.84,0,yahoo
VIX,2026-07-10,15.03,0,yahoo
VIX,2026-07-13,17.16,0,yahoo
VIX,2026-07-14,16.5,0,yahoo
VIX,2026-07-15,15.67,0,yahoo
VIX,2026-07-16,16.73,0,yahoo
VIX,2026-07-17,18.77,0,yahoo
VIX,2026-07-20,18.65,0,yahoo
VIX,2026-07-21,17.049999,0,yahoo
VIX,2026-07-22,16.639999,0,yahoo
VIX,2026-07-23,18.700001,0,yahoo
VIX,2026-07-24,18.58,0,yahoo
VIX,2026-07-27,18.67,0,yahoo
VIX,2026-07-28,18.209999,0,yahoo
VIX,2026-07-29,20.66,0,yahoo
VIX,2026-07-30,17.09,0,yahoo
VIX,2026-07-31,15.99,0,yahoo
VIX,2026-08-03,15.86,0,yahoo
VIX,2026-08-04,16.5,0,yahoo
VIX,2026-08-05,15.81,0,yahoo
VIX,2026-08-06,15.91,0,yahoo
IWM,2025-08-06,218.292725,23142100,yahoo
IWM,2025-08-07,217.580124,37088000,yahoo
IWM,2025-08-08,218.055191,28318100,yahoo
IWM,2025-08-11,218.005707,25212800,yahoo
IWM,2025-08-12,224.478485,43815500,yahoo
IWM,2025-08-13,228.84317,41705800,yahoo
IWM,2025-08-14,225.893784,55945500,yahoo
IWM,2025-08-15,224.795197,33571400,yahoo
IWM,2025-08-18,225.616669,20144100,yahoo
IWM,2025-08-19,223.884644,25000700,yahoo
IWM,2025-08-20,223.09288,29229700,yahoo
IWM,2025-08-21,223.647125,24539400,yahoo
IWM,2025-08-22,232.416031,58205500,yahoo
IWM,2025-08-25,229.971436,28453700,yahoo
IWM,2025-08-26,231.871704,25121500,yahoo
IWM,2025-08-27,233.514618,25395400,yahoo
IWM,2025-08-28,233.791763,25011200,yahoo
IWM,2025-08-29,232.752548,29254800,yahoo
IWM,2025-09-02,231.495605,33108600,yahoo
IWM,2025-09-03,231.26796,33252400,yahoo
IWM,2025-09-04,234.157944,30323800,yahoo
IWM,2025-09-05,235.325821,47542500,yahoo
IWM,2025-09-08,235.800888,31487700,yahoo
IWM,2025-09-09,234.415283,35395800,yahoo
IWM,2025-09-10,233.999573,33910200,yahoo
IWM,2025-09-11,238.324677,43629800,yahoo
IWM,2025-09-12,235.889954,46097600,yahoo
IWM,2025-09-15,236.889587,33014000,yahoo
IWM,2025-09-16,236.499512,37059300,yahoo
IWM,2025-09-17,237.10495,79955600,yahoo
IWM,2025-09-18,243.010498,49167700,yahoo
IWM,2025-09-19,241.164368,56092000,yahoo
IWM,2025-09-22,242.563858,53572900,yahoo
IWM,2025-09-23,242.01796,41854500,yahoo
IWM,2025-09-24,239.794708,36002200,yahoo
IWM,2025-09-25,237.501953,37209500,yahoo
IWM,2025-09-26,239.536636,28942800,yahoo
IWM,2025-09-29,239.814545,26391500,yahoo
IWM,2025-09-30,240.152023,33447700,yahoo
IWM,2025-10-01,240.67804,28520000,yahoo
IWM,2025-10-02,242.196625,28687400,yahoo
IWM,2025-10-03,243.993088,34579600,yahoo
IWM,2025-10-06,244.965759,31507400,yahoo
IWM,2025-10-07,242.335571,31766600,yahoo
IWM,2025-10-08,244.87645,25825000,yahoo
IWM,2025-10-09,243.298325,26243100,yahoo
IWM,2025-10-10,236.013153,70569400,yahoo
IWM,2025-10-13,242.583694,36298600,yahoo
IWM,2025-10-14,246.047623,45320800,yahoo
IWM,2025-10-15,248.459473,45369000,yahoo
IWM,2025-10-16,243.228851,52740400,yahoo
IWM,2025-10-17,241.591187,55379500,yahoo
IWM,2025-10-20,246.305664,32545000,yahoo
IWM,2025-10-21,245.14444,26337900,yahoo
IWM,2025-10-22,241.521698,46578400,yahoo
IWM,2025-10-23,244.57869,28591000,yahoo
IWM,2025-10-24,247.566177,26627000,yahoo
IWM,2025-10-27,248.429688,31798100,yahoo
IWM,2025-10-28,247.099701,28075900,yahoo
IWM,2025-10-29,244.995529,56235300,yahoo
IWM,2025-10-30,243.020416,44538700,yahoo
IWM,2025-10-31,244.390091,37214700,yahoo
IWM,2025-11-03,243.606018,28887900,yahoo
IWM,2025-11-04,239.39769,34468700,yahoo
IWM,2025-11-05,242.851685,38229200,yahoo
IWM,2025-11-06,238.554047,40601200,yahoo
IWM,2025-11-07,239.804626,54978900,yahoo
IWM,2025-11-10,242.206528,31238000,yahoo
IWM,2025-11-11,242.414993,27357900,yahoo
IWM,2025-11-12,241.819443,34543200,yahoo
IWM,2025-11-13,235.02063,65710000,yahoo
IWM,2025-11-14,235.705475,58344400,yahoo
IWM,2025-11-17,231.020752,55765900,yahoo
IWM,2025-11-18,231.725449,63092500,yahoo
IWM,2025-11-19,231.685745,57280500,yahoo
IWM,2025-11-20,227.398026,95483000,yahoo
IWM,2025-11-21,233.839539,99504100,yahoo
IWM,2025-11-24,238.107391,36135300,yahoo
IWM,2025-11-25,243.298325,46160800,yahoo
IWM,2025-11-26,245.452103,34636600,yahoo
IWM,2025-11-28,246.891281,18911800,yahoo
IWM,2025-12-01,243.784668,36920000,yahoo
IWM,2025-12-02,243.338028,31918500,yahoo
IWM,2025-12-03,247.764694,32846300,yahoo
IWM,2025-12-04,249.938324,40245800,yahoo
IWM,2025-12-05,248.896179,36956600,yahoo
IWM,2025-12-08,248.995422,29100000,yahoo
IWM,2025-12-09,249.511536,30170100,yahoo
IWM,2025-12-10,252.905975,51105200,yahoo
IWM,2025-12-11,255.873642,41345200,yahoo
IWM,2025-12-12,251.953156,57657700,yahoo
IWM,2025-12-15,250.047501,43120100,yahoo
IWM,2025-12-16,248.864426,43115300,yahoo
IWM,2025-12-17,246.215454,38132400,yahoo
IWM,2025-12-18,247.679367,39068000,yahoo
IWM,2025-12-19,249.750732,43610400,yahoo
IWM,2025-12-22,252.52919,40497300,yahoo
IWM,2025-12-23,251.0354,24973500,yahoo
IWM,2025-12-24,251.662796,12103000,yahoo
IWM,2025-12-26,250.378143,17429900,yahoo
IWM,2025-12-29,248.844528,25218800,yahoo
IWM,2025-12-30,247.002182,22123600,yahoo
IWM,2025-12-31,245.139938,35352000,yahoo
IWM,2026-01-02,247.749069,40007700,yahoo
IWM,2026-01-05,251.682709,37428100,yahoo
IWM,2026-01-06,255.018814,40677800,yahoo
IWM,2026-01-07,254.42131,33052000,yahoo
IWM,2026-01-08,257.199738,37957000,yahoo
IWM,2026-01-09,259.151642,36301500,yahoo
IWM,2026-01-12,260.416351,28423400,yahoo
IWM,2026-01-13,260.266998,33882400,yahoo
IWM,2026-01-14,262.099365,37164300,yahoo
IWM,2026-01-15,264.40976,33465200,yahoo
IWM,2026-01-16,264.658722,33844900,yahoo
IWM,2026-01-20,261.491882,47911500,yahoo
IWM,2026-01-21,266.680298,59952800,yahoo
IWM,2026-01-22,268.672028,35110800,yahoo
IWM,2026-01-23,263.712646,42636700,yahoo
IWM,2026-01-26,262.886108,32119300,yahoo
IWM,2026-01-27,263.632996,26975500,yahoo
IWM,2026-01-28,262.208893,37139100,yahoo
IWM,2026-01-29,262.278625,43922900,yahoo
IWM,2026-01-30,258.574036,59164200,yahoo
IWM,2026-02-02,261.093536,42896200,yahoo
IWM,2026-02-03,261.691071,54588000,yahoo
IWM,2026-02-04,259.44043,48826500,yahoo
IWM,2026-02-05,254.769867,48279600,yahoo
IWM,2026-02-06,263.921783,43354900,yahoo
IWM,2026-02-09,265.774078,29064800,yahoo
IWM,2026-02-10,265.057037,24661700,yahoo
IWM,2026-02-11,263.852081,41829400,yahoo
IWM,2026-02-12,258.464508,47628200,yahoo
IWM,2026-02-13,261.870331,45360300,yahoo
IWM,2026-02-17,261.950012,33734800,yahoo
IWM,2026-02-18,262.896057,36034700,yahoo
IWM,2026-02-19,263.50351,31006000,yahoo
IWM,2026-02-20,263.513489,47126600,yahoo
IWM,2026-02-23,259.410522,44001100,yahoo
IWM,2026-02-24,262.23877,34884200,yahoo
IWM,2026-02-25,263.483582,26012100,yahoo
IWM,2026-02-26,264.887756,41206500,yahoo
IWM,2026-02-27,260.326752,40631500,yahoo
IWM,2026-03-02,262.716797,53495700,yahoo
IWM,2026-03-03,258.16571,59537000,yahoo
IWM,2026-03-04,260.675293,37979700,yahoo
IWM,2026-03-05,255.696014,60414600,yahoo
IWM,2026-03-06,249.850342,64192000,yahoo
IWM,2026-03-09,252.569016,65369500,yahoo
IWM,2026-03-10,252.310089,55879100,yahoo
IWM,2026-03-11,251.802231,50418100,yahoo
IWM,2026-03-12,246.384766,61802900,yahoo
IWM,2026-03-13,245.568146,53933300,yahoo
IWM,2026-03-16,247.888504,48755700,yahoo
IWM,2026-03-17,249.456772,40642800,yahoo
IWM,2026-03-18,245.43634,43192600,yahoo
IWM,2026-03-19,247.042511,59219500,yahoo
IWM,2026-03-20,241.645355,76749900,yahoo
IWM,2026-03-23,246.86293,78746600,yahoo
IWM,2026-03-24,248.189789,45210800,yahoo
IWM,2026-03-25,251.22258,45671700,yahoo
IWM,2026-03-26,246.852966,46830200,yahoo
IWM,2026-03-27,242.52327,48114400,yahoo
IWM,2026-03-30,239.041534,51290500,yahoo
IWM,2026-03-31,247.411636,58660800,yahoo
IWM,2026-04-01,248.967926,51295900,yahoo
IWM,2026-04-02,250.693817,30369200,yahoo
IWM,2026-04-06,251.761292,22151400,yahoo
IWM,2026-04-07,252.309982,34881900,yahoo
IWM,2026-04-08,259.852051,46680200,yahoo
IWM,2026-04-09,261.338501,26758400,yahoo
IWM,2026-04-10,260.680054,22365900,yahoo
IWM,2026-04-13,264.441132,23820000,yahoo
IWM,2026-04-14,268.082489,24270400,yahoo
IWM,2026-04-15,268.750916,21670600,yahoo
IWM,2026-04-16,269.30957,30847900,yahoo
IWM,2026-04-17,275.125732,46462700,yahoo
IWM,2026-04-20,276.692017,22993900,yahoo
IWM,2026-04-21,273.858765,32235200,yahoo
IWM,2026-04-22,275.824066,20274300,yahoo
IWM,2026-04-23,274.866333,32886600,yahoo
IWM,2026-04-24,275.993652,21568600,yahoo
IWM,2026-04-27,276.482513,23399400,yahoo
IWM,2026-04-28,273.260162,24139400,yahoo
IWM,2026-04-29,271.434479,29428900,yahoo
IWM,2026-04-30,277.310547,29220700,yahoo
IWM,2026-05-01,278.617432,28936700,yahoo
IWM,2026-05-04,277.220764,28632300,yahoo
IWM,2026-05-05,281.889648,24863200,yahoo
IWM,2026-05-06,286.119568,23330300,yahoo
IWM,2026-05-07,281.590363,28350400,yahoo
IWM,2026-05-08,283.49585,22474300,yahoo
IWM,2026-05-11,284.653046,20150400,yahoo
IWM,2026-05-12,281.899628,27404600,yahoo
IWM,2026-05-13,281.99939,20742300,yahoo
IWM,2026-05-14,283.775177,17428700,yahoo
IWM,2026-05-15,276.941406,35408000,yahoo
IWM,2026-05-18,275.315277,27243300,yahoo
IWM,2026-05-19,272.352325,30276900,yahoo
IWM,2026-05-20,279.206024,31562000,yahoo
IWM,2026-05-21,281.819794,31680500,yahoo
IWM,2026-05-22,284.443573,23849300,yahoo
IWM,2026-05-26,289.820801,24506500,yahoo
IWM,2026-05-27,289.681122,24519900,yahoo
IWM,2026-05-28,291.337189,23710600,yahoo
IWM,2026-05-29,289.740967,26952800,yahoo
IWM,2026-06-01,288.294434,23826100,yahoo
IWM,2026-06-02,290.968048,18378800,yahoo
IWM,2026-06-03,286.987518,29167300,yahoo
IWM,2026-06-04,291.31723,24307800,yahoo
IWM,2026-06-05,280.981781,35812800,yahoo
IWM,2026-06-08,283.435944,27277400,yahoo
IWM,2026-06-09,284.343781,41761300,yahoo
IWM,2026-06-10,281.380829,39285000,yahoo
IWM,2026-06-11,289.721008,41468800,yahoo
IWM,2026-06-12,292.255005,34415200,yahoo
IWM,2026-06-15,294.640015,23889000,yahoo
IWM,2026-06-16,292.079987,23807700,yahoo
IWM,2026-06-17,289.880005,39920100,yahoo
IWM,2026-06-18,295.589996,32463200,yahoo
IWM,2026-06-22,298.179993,22796200,yahoo
IWM,2026-06-23,295.320007,26821700,yahoo
IWM,2026-06-24,296.690002,28664900,yahoo
IWM,2026-06-25,298.910004,27599900,yahoo
IWM,2026-06-26,299.829987,39832500,yahoo
IWM,2026-06-29,298.970001,24834100,yahoo
IWM,2026-06-30,300.450012,23230300,yahoo
IWM,2026-07-01,299.320007,20607900,yahoo
IWM,2026-07-02,297.579987,21178900,yahoo
IWM,2026-07-06,298.899994,18581300,yahoo
IWM,2026-07-07,296.190002,18057100,yahoo
IWM,2026-07-08,293.480011,24078400,yahoo
IWM,2026-07-09,297.23999,16466800,yahoo
IWM,2026-07-10,295.98999,15888500,yahoo
IWM,2026-07-13,293.480011,19375500,yahoo
IWM,2026-07-14,294.51001,18326900,yahoo
IWM,2026-07-15,295.769989,18832700,yahoo
IWM,2026-07-16,295.589996,24081300,yahoo
IWM,2026-07-17,294.040009,28738500,yahoo
IWM,2026-07-20,292.309998,20539900,yahoo
IWM,2026-07-21,296.540009,18190200,yahoo
IWM,2026-07-22,293.790009,19116000,yahoo
IWM,2026-07-23,292.089996,27795100,yahoo
IWM,2026-07-24,291.170013,19771000,yahoo
IWM,2026-07-27,292.910004,19445500,yahoo
IWM,2026-07-28,293.369995,20531100,yahoo
IWM,2026-07-29,288.570007,33297400,yahoo
IWM,2026-07-30,292.589996,22198800,yahoo
IWM,2026-07-31,291.200012,28350700,yahoo
IWM,2026-08-03,296.220001,23175700,yahoo
IWM,2026-08-04,301.709991,20751800,yahoo
IWM,2026-08-05,299.769989,17771900,yahoo
SMH,2025-08-06,285.730927,6124300,yahoo
SMH,2025-08-07,290.216949,8069400,yahoo
SMH,2025-08-08,292.619476,5121600,yahoo
SMH,2025-08-11,292.489868,5799700,yahoo
SMH,2025-08-12,299.169098,7592800,yahoo
SMH,2025-08-13,300.345459,8959700,yahoo
SMH,2025-08-14,300.983459,5827000,yahoo
SMH,2025-08-15,294.73291,9026300,yahoo
SMH,2025-08-18,295.939148,5577500,yahoo
SMH,2025-08-19,289.967743,8191900,yahoo
SMH,2025-08-20,288.06366,10091000,yahoo
SMH,2025-08-21,286.568298,6067700,yahoo
SMH,2025-08-22,292.729156,5810400,yahoo
SMH,2025-08-25,293.008301,4965000,yahoo
SMH,2025-08-26,295.829498,4967100,yahoo
SMH,2025-08-27,296.736664,5646200,yahoo
SMH,2025-08-28,297.952881,7194000,yahoo
SMH,2025-08-29,289.389557,13420900,yahoo
SMH,2025-09-02,285.59137,11543700,yahoo
SMH,2025-09-03,285.541504,7249600,yahoo
SMH,2025-09-04,288.960846,8079300,yahoo
SMH,2025-09-05,292.37027,9809600,yahoo
SMH,2025-09-08,295.600189,7223200,yahoo
SMH,2025-09-09,296.8862,6797000,yahoo
SMH,2025-09-10,299.89682,10221400,yahoo
SMH,2025-09-11,302.987213,7312400,yahoo
SMH,2025-09-12,303.376038,5231900,yahoo
SMH,2025-09-15,306.217194,5390200,yahoo
SMH,2025-09-16,306.25705,4227600,yahoo
SMH,2025-09-17,304.303131,9647700,yahoo
SMH,2025-09-18,315.986786,16335600,yahoo
SMH,2025-09-19,314.730682,8381600,yahoo
SMH,2025-09-22,321.170654,11618100,yahoo
SMH,2025-09-23,320.702118,9159000,yahoo
SMH,2025-09-24,320.113922,8632200,yahoo
SMH,2025-09-25,320.064087,9592900,yahoo
SMH,2025-09-26,320.821747,6886100,yahoo
SMH,2025-09-29,321.659119,5833600,yahoo
SMH,2025-09-30,325.347626,7459900,yahoo
SMH,2025-10-01,332.654907,9911800,yahoo
SMH,2025-10-02,337.190796,8092600,yahoo
SMH,2025-10-03,335.63562,7770000,yahoo
SMH,2025-10-06,342.31485,10263200,yahoo
SMH,2025-10-07,336.004486,9365700,yahoo
SMH,2025-10-08,344.996521,7841500,yahoo
SMH,2025-10-09,344.13916,5565500,yahoo
SMH,2025-10-10,324.330811,18804500,yahoo
SMH,2025-10-13,338.696106,11760200,yahoo
SMH,2025-10-14,332.465515,7296700,yahoo
SMH,2025-10-15,340.719818,8283800,yahoo
SMH,2025-10-16,342.235077,9047500,yahoo
SMH,2025-10-17,341.766541,8396300,yahoo
SMH,2025-10-20,346.142944,6436900,yahoo
SMH,2025-10-21,344.228882,4391800,yahoo
SMH,2025-10-22,337.549683,8014200,yahoo
SMH,2025-10-23,343.730438,6422600,yahoo
SMH,2025-10-24,350.050812,5649300,yahoo
SMH,2025-10-27,358.823486,6663400,yahoo
SMH,2025-10-28,361.983643,5086000,yahoo
SMH,2025-10-29,367.466583,8102600,yahoo
SMH,2025-10-30,362.601746,6932700,yahoo
SMH,2025-10-31,361.893921,4917900,yahoo
SMH,2025-11-03,364.964386,4470500,yahoo
SMH,2025-11-04,351.665771,8269000,yahoo
SMH,2025-11-05,358.384857,8605400,yahoo
SMH,2025-11-06,350.000946,9600500,yahoo
SMH,2025-11-07,347.040161,14723200,yahoo
SMH,2025-11-10,357.677063,9180700,yahoo
SMH,2025-11-11,349.96106,7661200,yahoo
SMH,2025-11-12,354.427155,5870700,yahoo
SMH,2025-11-13,343.750397,10654800,yahoo
SMH,2025-11-14,343.909912,12271200,yahoo
SMH,2025-11-17,339.244385,6921300,yahoo
SMH,2025-11-18,332.256165,12933100,yahoo
SMH,2025-11-19,338.387085,9842300,yahoo
SMH,2025-11-20,324.091553,14686700,yahoo
SMH,2025-11-21,325.118378,17298700,yahoo
SMH,2025-11-24,338.068054,10650900,yahoo
SMH,2025-11-25,338.955322,12052700,yahoo
SMH,2025-11-26,346.631409,5533300,yahoo
SMH,2025-11-28,351.187256,3352700,yahoo
SMH,2025-12-01,351.865143,3902000,yahoo
SMH,2025-12-02,358.315063,6657900,yahoo
SMH,2025-12-03,363.239746,4642700,yahoo
SMH,2025-12-04,360.478333,3971800,yahoo
SMH,2025-12-05,363.289612,3619200,yahoo
SMH,2025-12-08,367.406769,4334300,yahoo
SMH,2025-12-09,367.855377,3173300,yahoo
SMH,2025-12-10,372.939575,5653300,yahoo
SMH,2025-12-11,369.739532,7499900,yahoo
SMH,2025-12-12,353.021545,12705900,yahoo
SMH,2025-12-15,351.805328,5605800,yahoo
SMH,2025-12-16,350.848297,5849200,yahoo
SMH,2025-12-17,338.187683,10780400,yahoo
SMH,2025-12-18,346.172852,8260200,yahoo
SMH,2025-12-19,355.125,8838700,yahoo
SMH,2025-12-22,359.700012,4799500,yahoo
SMH,2025-12-23,363.160004,3542100,yahoo
SMH,2025-12-24,364.170013,1640500,yahoo
SMH,2025-12-26,365.859985,2921300,yahoo
SMH,2025-12-29,364.209991,4874400,yahoo
SMH,2025-12-30,363.309998,2927000,yahoo
SMH,2025-12-31,360.130005,2687300,yahoo
SMH,2026-01-02,373.299988,8972400,yahoo
SMH,2026-01-05,377.589996,9071300,yahoo
SMH,2026-01-06,387.619995,10201200,yahoo
SMH,2026-01-07,385.019989,6058900,yahoo
SMH,2026-01-08,378.980011,5724000,yahoo
SMH,2026-01-09,389.220001,6490800,yahoo
SMH,2026-01-12,390.660004,5532000,yahoo
SMH,2026-01-13,391.529999,5281600,yahoo
SMH,2026-01-14,388.350006,6696500,yahoo
SMH,2026-01-15,396.410004,9948100,yahoo
SMH,2026-01-16,400.390015,5485900,yahoo
SMH,2026-01-20,390.390015,7158500,yahoo
SMH,2026-01-21,401.929993,8754600,yahoo
SMH,2026-01-22,402.820007,5462600,yahoo
SMH,2026-01-23,400.089996,5869500,yahoo
SMH,2026-01-26,398.820007,4326900,yahoo
SMH,2026-01-27,407.25,6145600,yahoo
SMH,2026-01-28,416.630005,7641900,yahoo
SMH,2026-01-29,417.519989,9352500,yahoo
SMH,2026-01-30,403.459991,9029000,yahoo
SMH,2026-02-02,407.970001,5946300,yahoo
SMH,2026-02-03,397.679993,12188600,yahoo
SMH,2026-02-04,382.019989,16908500,yahoo
SMH,2026-02-05,381.070007,12007800,yahoo
SMH,2026-02-06,401.649994,13460300,yahoo
SMH,2026-02-09,406.649994,5915200,yahoo
SMH,2026-02-10,404.76001,5645300,yahoo
SMH,2026-02-11,414.779999,6211200,yahoo
SMH,2026-02-12,406.109985,7379100,yahoo
SMH,2026-02-13,407.720001,6481600,yahoo
SMH,2026-02-17,407.51001,7312700,yahoo
SMH,2026-02-18,412.549988,5839900,yahoo
SMH,2026-02-19,410.200012,4056400,yahoo
SMH,2026-02-20,415.029999,5715800,yahoo
SMH,2026-02-23,412.880005,5842800,yahoo
SMH,2026-02-24,419.160004,7828900,yahoo
SMH,2026-02-25,426.160004,7714500,yahoo
SMH,2026-02-26,412.01001,14811300,yahoo
SMH,2026-02-27,406.369995,9049100,yahoo
SMH,2026-03-02,406.390015,11490200,yahoo
SMH,2026-03-03,391.059998,13768900,yahoo
SMH,2026-03-04,399.100006,8767200,yahoo
SMH,2026-03-05,395.350006,11793700,yahoo
SMH,2026-03-06,380.559998,12423200,yahoo
SMH,2026-03-09,394.369995,16338100,yahoo
SMH,2026-03-10,397.329987,13687700,yahoo
SMH,2026-03-11,401.029999,6024900,yahoo
SMH,2026-03-12,388.130005,9845200,yahoo
SMH,2026-03-13,387.329987,7636100,yahoo
SMH,2026-03-16,393.920013,10317600,yahoo
SMH,2026-03-17,396.880005,6646300,yahoo
SMH,2026-03-18,393.670013,8372400,yahoo
SMH,2026-03-19,394.920013,12674800,yahoo
SMH,2026-03-20,384.73999,12846800,yahoo
SMH,2026-03-23,391.359985,12742300,yahoo
SMH,2026-03-24,394.589996,6177200,yahoo
SMH,2026-03-25,399.019989,7388700,yahoo
SMH,2026-03-26,380.839996,14806200,yahoo
SMH,2026-03-27,374.25,11811400,yahoo
SMH,2026-03-30,362.529999,12198200,yahoo
SMH,2026-03-31,383.399994,13834900,yahoo
SMH,2026-04-01,391.970001,10805400,yahoo
SMH,2026-04-02,392.320007,8505800,yahoo
SMH,2026-04-06,395.980011,4186100,yahoo
SMH,2026-04-07,399.899994,6672500,yahoo
SMH,2026-04-08,422.920013,10184300,yahoo
SMH,2026-04-09,430.309998,6018200,yahoo
SMH,2026-04-10,436.880005,11224200,yahoo
SMH,2026-04-13,443.339996,6549800,yahoo
SMH,2026-04-14,452.0,6932400,yahoo
SMH,2026-04-15,453.0,9155700,yahoo
SMH,2026-04-16,454.799988,6450700,yahoo
SMH,2026-04-17,464.160004,7184600,yahoo
SMH,2026-04-20,463.959991,3935100,yahoo
SMH,2026-04-21,464.660004,5598600,yahoo
SMH,2026-04-22,476.829987,7835200,yahoo
SMH,2026-04-23,481.850006,10619700,yahoo
SMH,2026-04-24,506.440002,12614300,yahoo
SMH,2026-04-27,506.26001,9040200,yahoo
SMH,2026-04-28,491.209991,12664800,yahoo
SMH,2026-04-29,499.579987,6007900,yahoo
SMH,2026-04-30,506.720001,8401600,yahoo
SMH,2026-05-01,509.820007,5308300,yahoo
SMH,2026-05-04,506.790009,6867500,yahoo
SMH,2026-05-05,522.690002,8624600,yahoo
SMH,2026-05-06,549.76001,15262900,yahoo
SMH,2026-05-07,540.099976,10905200,yahoo
SMH,2026-05-08,566.539978,8553700,yahoo
SMH,2026-05-11,576.309998,12680900,yahoo
SMH,2026-05-12,561.25,17720800,yahoo
SMH,2026-05-13,572.460022,9586700,yahoo
SMH,2026-05-14,578.340027,8458700,yahoo
SMH,2026-05-15,556.340027,13009600,yahoo
SMH,2026-05-18,546.159973,12317500,yahoo
SMH,2026-05-19,543.960022,11905800,yahoo
SMH,2026-05-20,564.659973,8892200,yahoo
SMH,2026-05-21,567.880005,8293800,yahoo
SMH,2026-05-22,576.320007,7535000,yahoo
SMH,2026-05-26,602.140015,10008500,yahoo
SMH,2026-05-27,595.5,11209000,yahoo
SMH,2026-05-28,599.830017,7625000,yahoo
SMH,2026-05-29,598.929993,7596100,yahoo
SMH,2026-06-01,607.809998,8649000,yahoo
SMH,2026-06-02,632.210022,8083500,yahoo
SMH,2026-06-03,637.900024,10179900,yahoo
SMH,2026-06-04,627.530029,10462900,yahoo
SMH,2026-06-05,569.690002,22038000,yahoo
SMH,2026-06-08,598.159973,13823900,yahoo
SMH,2026-06-09,591.01001,20329700,yahoo
SMH,2026-06-10,570.909973,12711400,yahoo
SMH,2026-06-11,609.450012,12196800,yahoo
SMH,2026-06-12,619.960022,8963300,yahoo
SMH,2026-06-15,647.099976,9613900,yahoo
SMH,2026-06-16,616.0,10949600,yahoo
SMH,2026-06-17,623.969971,10658800,yahoo
SMH,2026-06-18,659.880005,11229700,yahoo
SMH,2026-06-22,668.909973,8043000,yahoo
SMH,2026-06-23,622.049988,19126000,yahoo
SMH,2026-06-24,618.919983,11902000,yahoo
SMH,2026-06-25,636.880005,14877600,yahoo
SMH,2026-06-26,611.609985,12728300,yahoo
SMH,2026-06-29,631.97998,10473900,yahoo
SMH,2026-06-30,655.890015,9406900,yahoo
SMH,2026-07-01,620.460022,13424700,yahoo
SMH,2026-07-02,592.289978,21288600,yahoo
SMH,2026-07-06,604.299988,9820700,yahoo
SMH,2026-07-07,581.450012,14619200,yahoo
SMH,2026-07-08,593.0,9521300,yahoo
SMH,2026-07-09,607.72998,9045100,yahoo
SMH,2026-07-10,611.030029,6608400,yahoo
SMH,2026-07-13,585.619995,8736500,yahoo
SMH,2026-07-14,600.309998,7581100,yahoo
SMH,2026-07-15,590.77002,11020800,yahoo
SMH,2026-07-16,568.919983,12353300,yahoo
SMH,2026-07-17,556.530029,22083900,yahoo
SMH,2026-07-20,558.830017,6962600,yahoo
SMH,2026-07-21,584.080017,7129800,yahoo
SMH,2026-07-22,586.909973,5249700,yahoo
SMH,2026-07-23,580.169983,7963200,yahoo
SMH,2026-07-24,561.190002,19156400,yahoo
SMH,2026-07-27,548.549988,38682200,yahoo
SMH,2026-07-28,529.599976,18429000,yahoo
SMH,2026-07-29,504.220001,19440900,yahoo
SMH,2026-07-30,538.900024,14175000,yahoo
SMH,2026-07-31,540.530029,14673900,yahoo
SMH,2026-08-03,545.460022,7283800,yahoo
SMH,2026-08-04,575.710022,9566200,yahoo
SMH,2026-08-05,569.700012,6167700,yahoo
QQQ,2025-08-06,564.600769,41823700,yahoo
QQQ,2025-08-07,566.511536,44463000,yahoo
QQQ,2025-08-08,571.796082,35255500,yahoo
QQQ,2025-08-11,570.104248,33112900,yahoo
QQQ,2025-08-12,577.269714,42143300,yahoo
QQQ,2025-08-13,577.55835,41209300,yahoo
QQQ,2025-08-14,577.110596,45425000,yahoo
QQQ,2025-08-15,574.572754,49480200,yahoo
QQQ,2025-08-18,574.34375,29831000,yahoo
QQQ,2025-08-19,566.551453,53752600,yahoo
QQQ,2025-08-20,563.187622,76781100,yahoo
QQQ,2025-08-21,560.5802,46436900,yahoo
QQQ,2025-08-22,569.228455,51502100,yahoo
QQQ,2025-08-25,567.586365,34044700,yahoo
QQQ,2025-08-26,569.865417,34103000,yahoo
QQQ,2025-08-27,570.741211,36927100,yahoo
QQQ,2025-08-28,574.314026,46787900,yahoo
QQQ,2025-08-29,567.666077,56030400,yahoo
QQQ,2025-09-02,562.908875,65876800,yahoo
QQQ,2025-09-03,567.337585,54230200,yahoo
QQQ,2025-09-04,572.472839,47526300,yahoo
QQQ,2025-09-05,573.298828,68342500,yahoo
QQQ,2025-09-08,576.095398,46371400,yahoo
QQQ,2025-09-09,577.727539,44007600,yahoo
QQQ,2025-09-10,577.916687,49308000,yahoo
QQQ,2025-09-11,581.280457,44745800,yahoo
QQQ,2025-09-12,583.848022,50745900,yahoo
QQQ,2025-09-15,588.843994,44360300,yahoo
QQQ,2025-09-16,588.346375,36942100,yahoo
QQQ,2025-09-17,587.172058,69384800,yahoo
QQQ,2025-09-18,592.466614,61069300,yahoo
QQQ,2025-09-19,596.477234,58196100,yahoo
QQQ,2025-09-22,600.008362,57154800,yahoo
QQQ,2025-09-23,596.022888,64635500,yahoo
QQQ,2025-09-24,593.930542,49850300,yahoo
QQQ,2025-09-25,591.369934,70920200,yahoo
QQQ,2025-09-26,593.800964,54337400,yahoo
QQQ,2025-09-29,596.550964,48332900,yahoo
QQQ,2025-09-30,598.184998,46533800,yahoo
QQQ,2025-10-01,601.054504,46899600,yahoo
QQQ,2025-10-02,603.525513,43765400,yahoo
QQQ,2025-10-03,600.984802,46482100,yahoo
QQQ,2025-10-06,605.498291,41962100,yahoo
QQQ,2025-10-07,602.309998,58209500,yahoo
QQQ,2025-10-08,609.214722,50629800,yahoo
QQQ,2025-10-09,608.477417,45551000,yahoo
QQQ,2025-10-10,587.354553,97614800,yahoo
QQQ,2025-10-13,599.819031,65872600,yahoo
QQQ,2025-10-14,595.823669,69203200,yahoo
QQQ,2025-10-15,600.028259,62805500,yahoo
QQQ,2025-10-16,597.806396,70982000,yahoo
QQQ,2025-10-17,601.732056,72024900,yahoo
QQQ,2025-10-20,609.314331,45761700,yahoo
QQQ,2025-10-21,609.154907,44538200,yahoo
QQQ,2025-10-22,603.286377,61478800,yahoo
QQQ,2025-10-23,608.35791,42844300,yahoo
QQQ,2025-10-24,614.854065,47632500,yahoo
QQQ,2025-10-27,625.804199,54098600,yahoo
QQQ,2025-10-28,630.616516,61195700,yahoo
QQQ,2025-10-29,633.456177,67422800,yahoo
QQQ,2025-10-30,623.771545,61628600,yahoo
QQQ,2025-10-31,626.780579,66305100,yahoo
QQQ,2025-11-03,629.779663,37154300,yahoo
QQQ,2025-11-04,616.996338,63830800,yahoo
QQQ,2025-11-05,621.011658,48688500,yahoo
QQQ,2025-11-06,609.443848,72115100,yahoo
QQQ,2025-11-07,607.520935,81835400,yahoo
QQQ,2025-11-10,620.961792,55919900,yahoo
QQQ,2025-11-11,619.307861,44868800,yahoo
QQQ,2025-11-12,618.819641,47444400,yahoo
QQQ,2025-11-13,606.185852,71333600,yahoo
QQQ,2025-11-14,606.644043,80087300,yahoo
QQQ,2025-11-17,601.463013,63850400,yahoo
QQQ,2025-11-18,594.139771,83327300,yahoo
QQQ,2025-11-19,597.686829,73111500,yahoo
QQQ,2025-11-20,583.538513,117743200,yahoo
QQQ,2025-11-21,587.922485,103344200,yahoo
QQQ,2025-11-24,602.957581,60168100,yahoo
QQQ,2025-11-25,606.674072,57560900,yahoo
QQQ,2025-11-26,612.034424,42393600,yahoo
QQQ,2025-11-28,616.996338,23034400,yahoo
QQQ,2025-12-01,614.923828,40957600,yahoo
QQQ,2025-12-02,619.736267,54541800,yahoo
QQQ,2025-12-03,621.250793,47841600,yahoo
QQQ,2025-12-04,620.672852,47067800,yahoo
QQQ,2025-12-05,623.203674,53614200,yahoo
QQQ,2025-12-08,622.007996,43462400,yahoo
QQQ,2025-12-09,622.775208,37156000,yahoo
QQQ,2025-12-10,625.325867,55031400,yahoo
QQQ,2025-12-11,623.303345,58272800,yahoo
QQQ,2025-12-12,611.38678,75158700,yahoo
QQQ,2025-12-15,608.317993,49538200,yahoo
QQQ,2025-12-16,609.52356,55152800,yahoo
QQQ,2025-12-17,598.224792,70654300,yahoo
QQQ,2025-12-18,606.893188,78875800,yahoo
QQQ,2025-12-19,614.80426,60369800,yahoo
QQQ,2025-12-22,617.751343,43703100,yahoo
QQQ,2025-12-23,620.64447,41120400,yahoo
QQQ,2025-12-24,622.460205,18468700,yahoo
QQQ,2025-12-26,622.420349,28959800,yahoo
QQQ,2025-12-29,619.40741,32458300,yahoo
QQQ,2025-12-30,617.970764,31226800,yahoo
QQQ,2025-12-31,612.862854,40746500,yahoo
QQQ,2026-01-02,611.675659,61859200,yahoo
QQQ,2026-01-05,616.53418,46828400,yahoo
QQQ,2026-01-06,621.951416,43137500,yahoo
QQQ,2026-01-07,622.550049,44880300,yahoo
QQQ,2026-01-08,619.008362,50435900,yahoo
QQQ,2026-01-09,625.173828,49688700,yahoo
QQQ,2026-01-12,625.692566,37388700,yahoo
QQQ,2026-01-13,624.764771,44481400,yahoo
QQQ,2026-01-14,618.090515,72598700,yahoo
QQQ,2026-01-15,620.315308,53934900,yahoo
QQQ,2026-01-16,619.796509,61058100,yahoo
QQQ,2026-01-20,606.627625,81988900,yahoo
QQQ,2026-01-21,614.828247,79837900,yahoo
QQQ,2026-01-22,619.297668,42254800,yahoo
QQQ,2026-01-23,621.253052,43645800,yahoo
QQQ,2026-01-26,623.986633,35983000,yahoo
QQQ,2026-01-27,629.64325,38997200,yahoo
QQQ,2026-01-28,631.728271,50691700,yahoo
QQQ,2026-01-29,627.947205,79944000,yahoo
QQQ,2026-01-30,620.405029,65650700,yahoo
QQQ,2026-02-02,624.665039,49020300,yahoo
QQQ,2026-02-03,615.067688,81234000,yahoo
QQQ,2026-02-04,604.322998,81850700,yahoo
QQQ,2026-02-05,595.623596,89354500,yahoo
QQQ,2026-02-06,608.213867,78019300,yahoo
QQQ,2026-02-09,612.872864,56797600,yahoo
QQQ,2026-02-10,610.029541,53938900,yahoo
QQQ,2026-02-11,611.66571,58575100,yahoo
QQQ,2026-02-12,599.225098,81378900,yahoo
QQQ,2026-02-13,600.502014,69237500,yahoo
QQQ,2026-02-17,599.883484,69013800,yahoo
QQQ,2026-02-18,604.362976,64250700,yahoo
QQQ,2026-02-19,602.04834,60960800,yahoo
QQQ,2026-02-20,607.375793,74127300,yahoo
QQQ,2026-02-23,599.993225,63859100,yahoo
QQQ,2026-02-24,606.438049,55023700,yahoo
QQQ,2026-02-25,615.227295,55710700,yahoo
QQQ,2026-02-26,607.80481,96178900,yahoo
QQQ,2026-02-27,605.859436,68125200,yahoo
QQQ,2026-03-02,606.657532,75264600,yahoo
QQQ,2026-03-03,600.162842,97015500,yahoo
QQQ,2026-03-04,609.311218,70943900,yahoo
QQQ,2026-03-05,607.475586,89602400,yahoo
QQQ,2026-03-06,598.337158,86302300,yahoo
QQQ,2026-03-09,606.328308,93068200,yahoo
QQQ,2026-03-10,606.338318,64078900,yahoo
QQQ,2026-03-11,606.258423,60114800,yahoo
QQQ,2026-03-12,595.853027,71836600,yahoo
QQQ,2026-03-13,592.32135,63145500,yahoo
QQQ,2026-03-16,598.965698,49077200,yahoo
QQQ,2026-03-17,601.888794,47106600,yahoo
QQQ,2026-03-18,593.498657,56128000,yahoo
QQQ,2026-03-19,591.623047,75597600,yahoo
QQQ,2026-03-20,580.688843,91964700,yahoo
QQQ,2026-03-23,587.354553,89936100,yahoo
QQQ,2026-03-24,583.338928,57750900,yahoo
QQQ,2026-03-25,587.174744,60475500,yahoo
QQQ,2026-03-26,573.160095,81492100,yahoo
QQQ,2026-03-27,561.962463,82702200,yahoo
QQQ,2026-03-30,557.667175,70602600,yahoo
QQQ,2026-03-31,576.546387,95878000,yahoo
QQQ,2026-04-01,583.668579,79435100,yahoo
QQQ,2026-04-02,584.33783,50941700,yahoo
QQQ,2026-04-06,587.854004,35108500,yahoo
QQQ,2026-04-07,587.943909,49948200,yahoo
QQQ,2026-04-08,605.424683,63086000,yahoo
QQQ,2026-04-09,609.520203,37837500,yahoo
QQQ,2026-04-10,610.399231,34038500,yahoo
QQQ,2026-04-13,616.71228,32972100,yahoo
QQQ,2026-04-14,627.909912,49921100,yahoo
QQQ,2026-04-15,636.700317,50102400,yahoo
QQQ,2026-04-16,639.766907,42320600,yahoo
QQQ,2026-04-17,648.137695,53488900,yahoo
QQQ,2026-04-20,646.079956,37138500,yahoo
QQQ,2026-04-21,643.622681,39580500,yahoo
QQQ,2026-04-22,654.390869,37368400,yahoo
QQQ,2026-04-23,650.704895,40099800,yahoo
QQQ,2026-04-24,663.151245,45563100,yahoo
QQQ,2026-04-27,663.500854,32717000,yahoo
QQQ,2026-04-28,656.828186,34147900,yahoo
QQQ,2026-04-29,660.84375,31724900,yahoo
QQQ,2026-04-30,667.006958,40622200,yahoo
QQQ,2026-05-01,673.409973,39172600,yahoo
QQQ,2026-05-04,672.141357,34542000,yahoo
QQQ,2026-05-05,680.861755,37101100,yahoo
QQQ,2026-05-06,695.006226,38778500,yahoo
QQQ,2026-05-07,694.177124,43779100,yahoo
QQQ,2026-05-08,710.449219,44320400,yahoo
QQQ,2026-05-11,712.506958,36019100,yahoo
QQQ,2026-05-12,706.463623,45873000,yahoo
QQQ,2026-05-13,713.925476,40012500,yahoo
QQQ,2026-05-14,718.999817,33327500,yahoo
QQQ,2026-05-15,708.151794,51792700,yahoo
QQQ,2026-05-18,705.105103,49834500,yahoo
QQQ,2026-05-19,700.759949,46827500,yahoo
QQQ,2026-05-20,712.367188,36779200,yahoo
QQQ,2026-05-21,713.725647,36415400,yahoo
QQQ,2026-05-22,716.752319,33118600,yahoo
QQQ,2026-05-26,729.478394,34254700,yahoo
QQQ,2026-05-27,728.649292,35148700,yahoo
QQQ,2026-05-28,734.79248,32840000,yahoo
QQQ,2026-05-29,737.499512,37541700,yahoo
QQQ,2026-06-01,741.924683,33890600,yahoo
QQQ,2026-06-02,745.340881,30085200,yahoo
QQQ,2026-06-03,743.393066,40270200,yahoo
QQQ,2026-06-04,739.796997,40782600,yahoo
QQQ,2026-06-05,704.286011,99606600,yahoo
QQQ,2026-06-08,715.283936,47401500,yahoo
QQQ,2026-06-09,707.052979,91932200,yahoo
QQQ,2026-06-10,692.928528,65334300,yahoo
QQQ,2026-06-11,716.332764,71798900,yahoo
QQQ,2026-06-12,720.548157,51168400,yahoo
QQQ,2026-06-15,743.183289,46710200,yahoo
QQQ,2026-06-16,729.058777,45348700,yahoo
QQQ,2026-06-17,721.716858,51669300,yahoo
QQQ,2026-06-18,739.807007,50154600,yahoo
QQQ,2026-06-22,737.950012,43518600,yahoo
QQQ,2026-06-23,713.650024,53354200,yahoo
QQQ,2026-06-24,710.619995,52480400,yahoo
QQQ,2026-06-25,716.380005,49668000,yahoo
QQQ,2026-06-26,706.52002,47081800,yahoo
QQQ,2026-06-29,724.080017,44939100,yahoo
QQQ,2026-06-30,736.400024,42121800,yahoo
QQQ,2026-07-01,725.169983,40803800,yahoo
QQQ,2026-07-02,712.599976,50959800,yahoo
QQQ,2026-07-06,722.820007,30220400,yahoo
QQQ,2026-07-07,709.429993,42483100,yahoo
QQQ,2026-07-08,711.440002,35603200,yahoo
QQQ,2026-07-09,723.280029,33654700,yahoo
QQQ,2026-07-10,725.51001,26415900,yahoo
QQQ,2026-07-13,711.73999,36552400,yahoo
QQQ,2026-07-14,719.690002,29448100,yahoo
QQQ,2026-07-15,717.73999,32627600,yahoo
QQQ,2026-07-16,705.940002,39402000,yahoo
QQQ,2026-07-17,695.330017,54109300,yahoo
QQQ,2026-07-20,696.059998,29687600,yahoo
QQQ,2026-07-21,708.969971,33728300,yahoo
QQQ,2026-07-22,705.349976,23692200,yahoo
QQQ,2026-07-23,691.960022,44028600,yahoo
QQQ,2026-07-24,684.22998,42876700,yahoo
QQQ,2026-07-27,682.119995,42681500,yahoo
QQQ,2026-07-28,675.48999,51398700,yahoo
QQQ,2026-07-29,661.72998,57233300,yahoo
QQQ,2026-07-30,683.549988,66753700,yahoo
QQQ,2026-07-31,687.98999,50540500,yahoo
QQQ,2026-08-03,700.070007,44965100,yahoo
QQQ,2026-08-04,723.849976,59778600,yahoo
QQQ,2026-08-05,717.299988,33239300,yahoo
HYG,2025-08-06,75.737656,30512900,yahoo
HYG,2025-08-07,75.662186,29405000,yahoo
HYG,2025-08-08,75.671623,24679000,yahoo
HYG,2025-08-11,75.671623,30159800,yahoo
HYG,2025-08-12,75.841408,40846200,yahoo
HYG,2025-08-13,76.039513,35039600,yahoo
HYG,2025-08-14,75.841408,36559900,yahoo
HYG,2025-08-15,75.898018,22754000,yahoo
HYG,2025-08-18,75.841408,25400800,yahoo
HYG,2025-08-19,75.82254,21700500,yahoo
HYG,2025-08-20,75.79425,29704900,yahoo
HYG,2025-08-21,75.652756,35825900,yahoo
HYG,2025-08-22,76.2659,59541500,yahoo
HYG,2025-08-25,76.114975,32714800,yahoo
HYG,2025-08-26,76.284767,33659900,yahoo
HYG,2025-08-27,76.379097,24335000,yahoo
HYG,2025-08-28,76.41684,24203800,yahoo
HYG,2025-08-29,76.275345,35070300,yahoo
HYG,2025-09-02,76.192894,51804000,yahoo
HYG,2025-09-03,76.401398,34283100,yahoo
HYG,2025-09-04,76.609924,37999700,yahoo
HYG,2025-09-05,76.64782,39147800,yahoo
HYG,2025-09-08,76.64782,27003400,yahoo
HYG,2025-09-09,76.562523,36704500,yahoo
HYG,2025-09-10,76.619385,38106100,yahoo
HYG,2025-09-11,76.808945,34221500,yahoo
HYG,2025-09-12,76.733124,25702800,yahoo
HYG,2025-09-15,76.951134,27248800,yahoo
HYG,2025-09-16,76.894249,33075600,yahoo
HYG,2025-09-17,76.818428,35955700,yahoo
HYG,2025-09-18,76.989037,43250000,yahoo
HYG,2025-09-19,77.017471,32042900,yahoo
HYG,2025-09-22,77.074326,26670200,yahoo
HYG,2025-09-23,77.017471,37088500,yahoo
HYG,2025-09-24,76.913208,28124300,yahoo
HYG,2025-09-25,76.695213,33509900,yahoo
HYG,2025-09-26,76.84687,31046800,yahoo
HYG,2025-09-29,76.979546,28558500,yahoo
HYG,2025-09-30,76.951134,54970300,yahoo
HYG,2025-10-01,77.09491,58042600,yahoo
HYG,2025-10-02,77.066322,33348900,yahoo
HYG,2025-10-03,76.980629,35109200,yahoo
HYG,2025-10-06,76.999687,29485100,yahoo
HYG,2025-10-07,76.913971,27672300,yahoo
HYG,2025-10-08,76.799713,34932200,yahoo
HYG,2025-10-09,76.580681,65586700,yahoo
HYG,2025-10-10,76.133133,83840400,yahoo
HYG,2025-10-13,76.609245,31926800,yahoo
HYG,2025-10-14,76.694954,63860100,yahoo
HYG,2025-10-15,76.942551,59802200,yahoo
HYG,2025-10-16,76.666389,75725200,yahoo
HYG,2025-10-17,76.866379,70044200,yahoo
HYG,2025-10-20,77.018715,43762300,yahoo
HYG,2025-10-21,76.904449,45418100,yahoo
HYG,2025-10-22,76.82827,50698600,yahoo
HYG,2025-10-23,76.999687,37962400,yahoo
HYG,2025-10-24,77.20919,39905600,yahoo
HYG,2025-10-27,77.399628,36495000,yahoo
HYG,2025-10-28,77.323448,31591400,yahoo
HYG,2025-10-29,77.085381,51827100,yahoo
HYG,2025-10-30,76.942551,39967300,yahoo
HYG,2025-10-31,76.942551,45044600,yahoo
HYG,2025-11-03,76.703255,54615100,yahoo
HYG,2025-11-04,76.71283,49705000,yahoo
HYG,2025-11-05,76.789398,42273700,yahoo
HYG,2025-11-06,76.818115,46629200,yahoo
HYG,2025-11-07,76.885117,47233800,yahoo
HYG,2025-11-10,77.143532,51875200,yahoo
HYG,2025-11-11,77.229683,17001100,yahoo
HYG,2025-11-12,77.076538,43962900,yahoo
HYG,2025-11-13,76.760689,53631300,yahoo
HYG,2025-11-14,76.779831,40853500,yahoo
HYG,2025-11-17,76.655411,42954200,yahoo
HYG,2025-11-18,76.674553,44098700,yahoo
HYG,2025-11-19,76.71283,33510100,yahoo
HYG,2025-11-20,76.664986,65471200,yahoo
HYG,2025-11-21,76.923401,62331700,yahoo
HYG,2025-11-24,77.133957,38964900,yahoo
HYG,2025-11-25,77.401955,56524800,yahoo
HYG,2025-11-26,77.478531,27454800,yahoo
HYG,2025-11-28,77.516808,29430800,yahoo
HYG,2025-12-01,77.377388,45274800,yahoo
HYG,2025-12-02,77.521622,38842600,yahoo
HYG,2025-12-03,77.588928,35019100,yahoo
HYG,2025-12-04,77.646629,34777400,yahoo
HYG,2025-12-05,77.646629,30486800,yahoo
HYG,2025-12-08,77.454315,43160800,yahoo
HYG,2025-12-09,77.36776,30558800,yahoo
HYG,2025-12-10,77.627403,53052100,yahoo
HYG,2025-12-11,77.61779,44546400,yahoo
HYG,2025-12-12,77.473549,45566100,yahoo
HYG,2025-12-15,77.512001,28983600,yahoo
HYG,2025-12-16,77.560089,27908000,yahoo
HYG,2025-12-17,77.463928,36999700,yahoo
HYG,2025-12-18,77.675468,52680500,yahoo
HYG,2025-12-19,77.637794,34413300,yahoo
HYG,2025-12-22,77.705421,37203900,yahoo
HYG,2025-12-23,77.76339,24341800,yahoo
HYG,2025-12-24,77.908302,10533500,yahoo
HYG,2025-12-26,77.869667,10922900,yahoo
HYG,2025-12-29,77.898643,22012700,yahoo
HYG,2025-12-30,77.975945,20146700,yahoo
HYG,2025-12-31,77.898643,17457100,yahoo
HYG,2026-01-02,77.937302,28403300,yahoo
HYG,2026-01-05,78.140182,38563200,yahoo
HYG,2026-01-06,78.159508,31721500,yahoo
HYG,2026-01-07,78.140182,27022700,yahoo
HYG,2026-01-08,78.198143,33516900,yahoo
HYG,2026-01-09,78.256104,31849200,yahoo
HYG,2026-01-12,78.294762,23983600,yahoo
HYG,2026-01-13,78.294762,27607400,yahoo
HYG,2026-01-14,78.294762,42994000,yahoo
HYG,2026-01-15,78.294762,30412400,yahoo
HYG,2026-01-16,78.343063,52466300,yahoo
HYG,2026-01-20,78.140182,38653400,yahoo
HYG,2026-01-21,78.372047,42023500,yahoo
HYG,2026-01-22,78.430023,35231900,yahoo
HYG,2026-01-23,78.391365,38360500,yahoo
HYG,2026-01-26,78.430023,27027500,yahoo
HYG,2026-01-27,78.420357,22961500,yahoo
HYG,2026-01-28,78.294762,35559200,yahoo
HYG,2026-01-29,78.285088,38201600,yahoo
HYG,2026-01-30,78.372047,59848000,yahoo
HYG,2026-02-02,78.419624,42890700,yahoo
HYG,2026-02-03,78.371086,49372700,yahoo
HYG,2026-02-04,78.273994,42829400,yahoo
HYG,2026-02-05,78.186607,75554200,yahoo
HYG,2026-02-06,78.458443,40915900,yahoo
HYG,2026-02-09,78.565247,33716900,yahoo
HYG,2026-02-10,78.487579,37886100,yahoo
HYG,2026-02-11,78.47789,27272300,yahoo
HYG,2026-02-12,78.439041,48457000,yahoo
HYG,2026-02-13,78.497299,36612400,yahoo
HYG,2026-02-17,78.458443,35682000,yahoo
HYG,2026-02-18,78.555557,33943100,yahoo
HYG,2026-02-19,78.584671,29531000,yahoo
HYG,2026-02-20,78.642929,37959800,yahoo
HYG,2026-02-23,78.516716,33666000,yahoo
HYG,2026-02-24,78.458443,54979900,yahoo
HYG,2026-02-25,78.565247,29428200,yahoo
HYG,2026-02-26,78.497299,54533600,yahoo
HYG,2026-02-27,78.371086,62450000,yahoo
HYG,2026-03-02,78.326195,74327000,yahoo
HYG,2026-03-03,78.17009,118126800,yahoo
HYG,2026-03-04,78.443283,58694100,yahoo
HYG,2026-03-05,78.131065,79841000,yahoo
HYG,2026-03-06,77.750557,82125600,yahoo
HYG,2026-03-09,78.218872,88695000,yahoo
HYG,2026-03-10,78.092033,67499600,yahoo
HYG,2026-03-11,77.916412,59983500,yahoo
HYG,2026-03-12,77.418831,68674300,yahoo
HYG,2026-03-13,77.272469,68652900,yahoo
HYG,2026-03-16,77.516388,57535600,yahoo
HYG,2026-03-17,77.86763,47967800,yahoo
HYG,2026-03-18,77.467621,50281900,yahoo
HYG,2026-03-19,77.721291,103981600,yahoo
HYG,2026-03-20,76.99929,109084800,yahoo
HYG,2026-03-23,77.506645,79015800,yahoo
HYG,2026-03-24,77.24321,71941600,yahoo
HYG,2026-03-25,77.487122,49917700,yahoo
HYG,2026-03-26,76.99929,74979300,yahoo
HYG,2026-03-27,76.804161,68174300,yahoo
HYG,2026-03-30,76.891968,55210700,yahoo
HYG,2026-03-31,77.623711,101521300,yahoo
HYG,2026-04-01,77.813911,69789200,yahoo
HYG,2026-04-02,78.000183,53828200,yahoo
HYG,2026-04-06,78.137451,37098300,yahoo
HYG,2026-04-07,78.157059,47264100,yahoo
HYG,2026-04-08,78.617844,58556400,yahoo
HYG,2026-04-09,78.70607,45207500,yahoo
HYG,2026-04-10,78.392357,33005600,yahoo
HYG,2026-04-13,78.68647,38561400,yahoo
HYG,2026-04-14,78.921761,42038000,yahoo
HYG,2026-04-15,78.882545,47834900,yahoo
HYG,2026-04-16,78.774696,37743400,yahoo
HYG,2026-04-17,79.068825,61651600,yahoo
HYG,2026-04-20,79.000191,21104400,yahoo
HYG,2026-04-21,78.794319,58623500,yahoo
HYG,2026-04-22,78.921761,28004500,yahoo
HYG,2026-04-23,78.794319,49921700,yahoo
HYG,2026-04-24,78.902161,33626300,yahoo
HYG,2026-04-27,78.931564,24643700,yahoo
HYG,2026-04-28,78.82373,36382400,yahoo
HYG,2026-04-29,78.559021,56809400,yahoo
HYG,2026-04-30,78.804115,51626100,yahoo
HYG,2026-05-01,78.90168,43740400,yahoo
HYG,2026-05-04,78.645447,35069300,yahoo
HYG,2026-05-05,78.763702,26357900,yahoo
HYG,2026-05-06,79.000237,38323100,yahoo
HYG,2026-05-07,78.704575,44772900,yahoo
HYG,2026-05-08,78.980522,29715200,yahoo
HYG,2026-05-11,78.822838,34366600,yahoo
HYG,2026-05-12,78.714439,37418900,yahoo
HYG,2026-05-13,78.753853,33257100,yahoo
HYG,2026-05-14,78.694717,27235600,yahoo
HYG,2026-05-15,78.310364,54466000,yahoo
HYG,2026-05-18,78.389214,38596100,yahoo
HYG,2026-05-19,78.20195,42904700,yahoo
HYG,2026-05-20,78.704575,58906300,yahoo
HYG,2026-05-21,78.744003,37584600,yahoo
HYG,2026-05-22,78.753853,22429400,yahoo
HYG,2026-05-26,79.019943,30406100,yahoo
HYG,2026-05-27,78.970665,22523800,yahoo
HYG,2026-05-28,79.069229,32001600,yahoo
HYG,2026-05-29,79.148064,39142200,yahoo
HYG,2026-06-01,79.087631,32671000,yahoo
HYG,2026-06-02,79.147072,25237500,yahoo
HYG,2026-06-03,78.929146,28203400,yahoo
HYG,2026-06-04,79.077728,22697900,yahoo
HYG,2026-06-05,78.681503,46035600,yahoo
HYG,2026-06-08,78.790466,25217800,yahoo
HYG,2026-06-09,78.869713,34705500,yahoo
HYG,2026-06-10,78.721123,30345200,yahoo
HYG,2026-06-11,79.186699,55089500,yahoo
HYG,2026-06-12,79.186699,29873300,yahoo
HYG,2026-06-15,79.285751,32019600,yahoo
HYG,2026-06-16,79.275848,24471900,yahoo
HYG,2026-06-17,78.978683,47184800,yahoo
HYG,2026-06-18,79.256035,41111700,yahoo
HYG,2026-06-22,79.186699,26479500,yahoo
HYG,2026-06-23,79.117355,29811300,yahoo
HYG,2026-06-24,79.097542,38841000,yahoo
HYG,2026-06-25,79.127258,29322400,yahoo
HYG,2026-06-26,79.077728,27647500,yahoo
HYG,2026-06-29,79.256035,37325700,yahoo
HYG,2026-06-30,79.216415,38103900,yahoo
HYG,2026-07-01,79.20546,38152300,yahoo
HYG,2026-07-02,79.324883,26111800,yahoo
HYG,2026-07-06,79.484116,25159400,yahoo
HYG,2026-07-07,79.374649,28558300,yahoo
HYG,2026-07-08,79.275131,30771300,yahoo
HYG,2026-07-09,79.364693,21882200,yahoo
HYG,2026-07-10,79.324883,24550300,yahoo
HYG,2026-07-13,79.135803,32133300,yahoo
HYG,2026-07-14,79.295029,28248700,yahoo
HYG,2026-07-15,79.4244,26948800,yahoo
HYG,2026-07-16,79.414452,22780300,yahoo
HYG,2026-07-17,79.265175,42020100,yahoo
HYG,2026-07-20,79.295029,19767900,yahoo
HYG,2026-07-21,79.265175,27198800,yahoo
HYG,2026-07-22,79.135803,24851700,yahoo
HYG,2026-07-23,78.847206,52554200,yahoo
HYG,2026-07-24,78.847206,41964600,yahoo
HYG,2026-07-27,78.887009,28939800,yahoo
HYG,2026-07-28,79.036285,33698300,yahoo
HYG,2026-07-29,78.857155,53074500,yahoo
HYG,2026-07-30,79.086044,30570700,yahoo
HYG,2026-07-31,79.096001,38659800,yahoo
HYG,2026-08-03,79.309998,30860100,yahoo
HYG,2026-08-04,79.550003,46524700,yahoo
HYG,2026-08-05,79.519997,25737400,yahoo
VVIX,2025-08-06,97.809998,0,yahoo
VVIX,2025-08-07,97.370003,0,yahoo
VVIX,2025-08-08,93.139999,0,yahoo
VVIX,2025-08-11,97.089996,0,yahoo
VVIX,2025-08-12,92.860001,0,yahoo
VVIX,2025-08-13,98.169998,0,yahoo
VVIX,2025-08-14,98.040001,0,yahoo
VVIX,2025-08-15,97.849998,0,yahoo
VVIX,2025-08-18,96.629997,0,yahoo
VVIX,2025-08-19,102.089996,0,yahoo
VVIX,2025-08-20,98.599998,0,yahoo
VVIX,2025-08-21,99.989998,0,yahoo
VVIX,2025-08-22,89.779999,0,yahoo
VVIX,2025-08-25,92.300003,0,yahoo
VVIX,2025-08-26,91.650002,0,yahoo
VVIX,2025-08-27,94.93,0,yahoo
VVIX,2025-08-28,92.029999,0,yahoo
VVIX,2025-08-29,97.169998,0,yahoo
VVIX,2025-09-02,103.879997,0,yahoo
VVIX,2025-09-03,99.620003,0,yahoo
VVIX,2025-09-04,95.279999,0,yahoo
VVIX,2025-09-05,93.059998,0,yahoo
VVIX,2025-09-08,92.290001,0,yahoo
VVIX,2025-09-09,93.160004,0,yahoo
VVIX,2025-09-10,100.529999,0,yahoo
VVIX,2025-09-11,96.32,0,yahoo
VVIX,2025-09-12,96.779999,0,yahoo
VVIX,2025-09-15,99.550003,0,yahoo
VVIX,2025-09-16,104.099998,0,yahoo
VVIX,2025-09-17,96.169998,0,yahoo
VVIX,2025-09-18,97.279999,0,yahoo
VVIX,2025-09-19,96.900002,0,yahoo
VVIX,2025-09-22,99.75,0,yahoo
VVIX,2025-09-23,101.230003,0,yahoo
VVIX,2025-09-24,99.989998,0,yahoo
VVIX,2025-09-25,100.339996,0,yahoo
VVIX,2025-09-26,93.400002,0,yahoo
VVIX,2025-09-29,96.739998,0,yahoo
VVIX,2025-09-30,95.889999,0,yahoo
VVIX,2025-10-01,93.220001,0,yahoo
VVIX,2025-10-02,94.099998,0,yahoo
VVIX,2025-10-03,94.790001,0,yahoo
VVIX,2025-10-06,95.379997,0,yahoo
VVIX,2025-10-07,98.699997,0,yahoo
VVIX,2025-10-08,96.220001,0,yahoo
VVIX,2025-10-09,97.25,0,yahoo
VVIX,2025-10-10,116.25,0,yahoo
VVIX,2025-10-13,106.449997,0,yahoo
VVIX,2025-10-14,113.190002,0,yahoo
VVIX,2025-10-15,117.300003,0,yahoo
VVIX,2025-10-16,134.25,0,yahoo
VVIX,2025-10-17,115.629997,0,yahoo
VVIX,2025-10-20,103.18,0,yahoo
VVIX,2025-10-21,103.360001,0,yahoo
VVIX,2025-10-22,104.870003,0,yahoo
VVIX,2025-10-23,98.599998,0,yahoo
VVIX,2025-10-24,98.029999,0,yahoo
VVIX,2025-10-27,97.400002,0,yahoo
VVIX,2025-10-28,101.510002,0,yahoo
VVIX,2025-10-29,103.57,0,yahoo
VVIX,2025-10-30,102.839996,0,yahoo
VVIX,2025-10-31,104.459999,0,yahoo
VVIX,2025-11-03,101.43,0,yahoo
VVIX,2025-11-04,104.440002,0,yahoo
VVIX,2025-11-05,100.769997,0,yahoo
VVIX,2025-11-06,105.709999,0,yahoo
VVIX,2025-11-07,103.599998,0,yahoo
VVIX,2025-11-10,98.910004,0,yahoo
VVIX,2025-11-11,99.599998,0,yahoo
VVIX,2025-11-12,103.470001,0,yahoo
VVIX,2025-11-13,111.25,0,yahoo
VVIX,2025-11-14,107.949997,0,yahoo
VVIX,2025-11-17,117.860001,0,yahoo
VVIX,2025-11-18,124.32,0,yahoo
VVIX,2025-11-19,119.57,0,yahoo
VVIX,2025-11-20,128.649994,0,yahoo
VVIX,2025-11-21,118.339996,0,yahoo
VVIX,2025-11-24,103.959999,0,yahoo
VVIX,2025-11-25,96.849998,0,yahoo
VVIX,2025-11-26,92.169998,0,yahoo
VVIX,2025-11-28,90.339996,0,yahoo
VVIX,2025-12-01,93.760002,0,yahoo
VVIX,2025-12-02,91.709999,0,yahoo
VVIX,2025-12-03,92.389999,0,yahoo
VVIX,2025-12-04,91.279999,0,yahoo
VVIX,2025-12-05,90.650002,0,yahoo
VVIX,2025-12-08,97.349998,0,yahoo
VVIX,2025-12-09,98.139999,0,yahoo
VVIX,2025-12-10,99.110001,0,yahoo
VVIX,2025-12-11,95.410004,0,yahoo
VVIX,2025-12-12,97.330002,0,yahoo
VVIX,2025-12-15,100.370003,0,yahoo
VVIX,2025-12-16,98.360001,0,yahoo
VVIX,2025-12-17,99.889999,0,yahoo
VVIX,2025-12-18,92.610001,0,yahoo
VVIX,2025-12-19,83.870003,0,yahoo
VVIX,2025-12-22,81.970001,0,yahoo
VVIX,2025-12-23,85.139999,0,yahoo
VVIX,2025-12-24,85.239998,0,yahoo
VVIX,2025-12-26,84.239998,0,yahoo
VVIX,2025-12-29,85.879997,0,yahoo
VVIX,2025-12-30,87.129997,0,yahoo
VVIX,2025-12-31,92.669998,0,yahoo
VVIX,2026-01-02,90.099998,0,yahoo
VVIX,2026-01-05,90.510002,0,yahoo
VVIX,2026-01-06,89.010002,0,yahoo
VVIX,2026-01-07,91.860001,0,yahoo
VVIX,2026-01-08,89.849998,0,yahoo
VVIX,2026-01-09,88.190002,0,yahoo
VVIX,2026-01-12,93.129997,0,yahoo
VVIX,2026-01-13,101.07,0,yahoo
VVIX,2026-01-14,104.849998,0,yahoo
VVIX,2026-01-15,100.900002,0,yahoo
VVIX,2026-01-16,102.050003,0,yahoo
VVIX,2026-01-20,117.050003,0,yahoo
VVIX,2026-01-21,102.57,0,yahoo
VVIX,2026-01-22,96.120003,0,yahoo
VVIX,2026-01-23,101.830002,0,yahoo
VVIX,2026-01-26,99.75,0,yahoo
VVIX,2026-01-27,101.260002,0,yahoo
VVIX,2026-01-28,100.459999,0,yahoo
VVIX,2026-01-29,101.760002,0,yahoo
VVIX,2026-01-30,108.18,0,yahoo
VVIX,2026-02-02,98.769997,0,yahoo
VVIX,2026-02-03,103.82,0,yahoo
VVIX,2026-02-04,106.160004,0,yahoo
VVIX,2026-02-05,117.07,0,yahoo
VVIX,2026-02-06,100.989998,0,yahoo
VVIX,2026-02-09,98.599998,0,yahoo
VVIX,2026-02-10,100.809998,0,yahoo
VVIX,2026-02-11,102.150002,0,yahoo
VVIX,2026-02-12,112.300003,0,yahoo
VVIX,2026-02-13,115.519997,0,yahoo
VVIX,2026-02-17,107.089996,0,yahoo
VVIX,2026-02-18,108.690002,0,yahoo
VVIX,2026-02-19,111.669998,0,yahoo
VVIX,2026-02-20,108.709999,0,yahoo
VVIX,2026-02-23,115.660004,0,yahoo
VVIX,2026-02-24,108.610001,0,yahoo
VVIX,2026-02-25,103.980003,0,yahoo
VVIX,2026-02-26,104.150002,0,yahoo
VVIX,2026-02-27,110.889999,0,yahoo
VVIX,2026-03-02,113.440002,0,yahoo
VVIX,2026-03-03,116.019997,0,yahoo
VVIX,2026-03-04,106.940002,0,yahoo
VVIX,2026-03-05,115.93,0,yahoo
VVIX,2026-03-06,140.440002,0,yahoo
VVIX,2026-03-09,122.599998,0,yahoo
VVIX,2026-03-10,125.360001,0,yahoo
VVIX,2026-03-11,122.489998,0,yahoo
VVIX,2026-03-12,130.179993,0,yahoo
VVIX,2026-03-13,131.050003,0,yahoo
VVIX,2026-03-16,116.779999,0,yahoo
VVIX,2026-03-17,110.550003,0,yahoo
VVIX,2026-03-18,126.5,0,yahoo
VVIX,2026-03-19,118.089996,0,yahoo
VVIX,2026-03-20,126.279999,0,yahoo
VVIX,2026-03-23,122.82,0,yahoo
VVIX,2026-03-24,124.139999,0,yahoo
VVIX,2026-03-25,119.370003,0,yahoo
VVIX,2026-03-26,124.43,0,yahoo
VVIX,2026-03-27,133.179993,0,yahoo
VVIX,2026-03-30,127.839996,0,yahoo
VVIX,2026-03-31,116.050003,0,yahoo
VVIX,2026-04-01,114.830002,0,yahoo
VVIX,2026-04-02,115.330002,0,yahoo
VVIX,2026-04-06,113.529999,0,yahoo
VVIX,2026-04-07,117.300003,0,yahoo
VVIX,2026-04-08,111.07,0,yahoo
VVIX,2026-04-09,105.370003,0,yahoo
VVIX,2026-04-10,107.300003,0,yahoo
VVIX,2026-04-13,102.629997,0,yahoo
VVIX,2026-04-14,95.400002,0,yahoo
VVIX,2026-04-15,97.650002,0,yahoo
VVIX,2026-04-16,96.800003,0,yahoo
VVIX,2026-04-17,95.129997,0,yahoo
VVIX,2026-04-20,98.150002,0,yahoo
VVIX,2026-04-21,101.889999,0,yahoo
VVIX,2026-04-22,98.730003,0,yahoo
VVIX,2026-04-23,98.57,0,yahoo
VVIX,2026-04-24,97.18,0,yahoo
VVIX,2026-04-27,93.860001,0,yahoo
VVIX,2026-04-28,91.029999,0,yahoo
VVIX,2026-04-29,96.019997,0,yahoo
VVIX,2026-04-30,93.699997,0,yahoo
VVIX,2026-05-01,95.169998,0,yahoo
VVIX,2026-05-04,98.290001,0,yahoo
VVIX,2026-05-05,95.260002,0,yahoo
VVIX,2026-05-06,93.699997,0,yahoo
VVIX,2026-05-07,93.610001,0,yahoo
VVIX,2026-05-08,96.779999,0,yahoo
VVIX,2026-05-11,98.059998,0,yahoo
VVIX,2026-05-12,98.550003,0,yahoo
VVIX,2026-05-13,98.360001,0,yahoo
VVIX,2026-05-14,94.260002,0,yahoo
VVIX,2026-05-15,92.940002,0,yahoo
VVIX,2026-05-18,91.18,0,yahoo
VVIX,2026-05-19,94.610001,0,yahoo
VVIX,2026-05-20,96.449997,0,yahoo
VVIX,2026-05-21,91.879997,0,yahoo
VVIX,2026-05-22,91.160004,0,yahoo
VVIX,2026-05-26,89.550003,0,yahoo
VVIX,2026-05-27,87.529999,0,yahoo
VVIX,2026-05-28,86.029999,0,yahoo
VVIX,2026-05-29,86.059998,0,yahoo
VVIX,2026-06-01,91.599998,0,yahoo
VVIX,2026-06-02,90.529999,0,yahoo
VVIX,2026-06-03,89.800003,0,yahoo
VVIX,2026-06-04,85.75,0,yahoo
VVIX,2026-06-05,102.040001,0,yahoo
VVIX,2026-06-08,92.400002,0,yahoo
VVIX,2026-06-09,95.809998,0,yahoo
VVIX,2026-06-10,108.160004,0,yahoo
VVIX,2026-06-11,100.629997,0,yahoo
VVIX,2026-06-12,93.82,0,yahoo
VVIX,2026-06-15,87.580002,0,yahoo
VVIX,2026-06-16,87.690002,0,yahoo
VVIX,2026-06-17,94.529999,0,yahoo
VVIX,2026-06-18,88.43,0,yahoo
VVIX,2026-06-22,91.720001,0,yahoo
VVIX,2026-06-23,99.5,0,yahoo
VVIX,2026-06-24,95.580002,0,yahoo
VVIX,2026-06-25,91.190002,0,yahoo
VVIX,2026-06-26,89.019997,0,yahoo
VVIX,2026-06-29,88.709999,0,yahoo
VVIX,2026-06-30,86.870003,0,yahoo
VVIX,2026-07-01,89.040001,0,yahoo
VVIX,2026-07-02,88.800003,0,yahoo
VVIX,2026-07-06,87.089996,0,yahoo
VVIX,2026-07-07,87.900002,0,yahoo
VVIX,2026-07-08,91.379997,0,yahoo
VVIX,2026-07-09,88.779999,0,yahoo
VVIX,2026-07-10,87.279999,0,yahoo
VVIX,2026-07-13,95.279999,0,yahoo
VVIX,2026-07-14,93.529999,0,yahoo
VVIX,2026-07-15,91.849998,0,yahoo
VVIX,2026-07-16,97.309998,0,yahoo
VVIX,2026-07-17,104.870003,0,yahoo
VVIX,2026-07-20,102.82,0,yahoo
VVIX,2026-07-21,96.339996,0,yahoo
VVIX,2026-07-22,95.550003,0,yahoo
VVIX,2026-07-23,102.169998,0,yahoo
VVIX,2026-07-24,100.730003,0,yahoo
VVIX,2026-07-27,100.910004,0,yahoo
VVIX,2026-07-28,98.510002,0,yahoo
VVIX,2026-07-29,109.470001,0,yahoo
VVIX,2026-07-30,94.660004,0,yahoo
VVIX,2026-07-31,91.639999,0,yahoo
VVIX,2026-08-03,90.809998,0,yahoo
VVIX,2026-08-04,92.57,0,yahoo
VVIX,2026-08-05,90.43,0,yahoo
WTI,2025-08-06,64.349998,353827,yahoo
WTI,2025-08-07,63.880001,300518,yahoo
WTI,2025-08-08,63.880001,322939,yahoo
WTI,2025-08-11,63.959999,234807,yahoo
WTI,2025-08-12,63.169998,304441,yahoo
WTI,2025-08-13,62.650002,298939,yahoo
WTI,2025-08-14,63.959999,251652,yahoo
WTI,2025-08-15,62.799999,197390,yahoo
WTI,2025-08-18,63.419998,95113,yahoo
WTI,2025-08-19,62.349998,99484,yahoo
WTI,2025-08-20,63.209999,280663,yahoo
WTI,2025-08-21,63.52,250166,yahoo
WTI,2025-08-22,63.66,223169,yahoo
WTI,2025-08-25,64.800003,185270,yahoo
WTI,2025-08-26,63.25,199101,yahoo
WTI,2025-08-27,64.150002,193476,yahoo
WTI,2025-08-28,64.599998,208931,yahoo
WTI,2025-08-29,64.010002,0,yahoo
WTI,2025-09-02,65.589996,320218,yahoo
WTI,2025-09-03,63.970001,298737,yahoo
WTI,2025-09-04,63.48,251689,yahoo
WTI,2025-09-05,61.869999,294540,yahoo
WTI,2025-09-08,62.259998,237288,yahoo
WTI,2025-09-09,62.630001,268529,yahoo
WTI,2025-09-10,63.669998,260684,yahoo
WTI,2025-09-11,62.369999,222661,yahoo
WTI,2025-09-12,62.689999,313265,yahoo
WTI,2025-09-15,63.299999,205560,yahoo
WTI,2025-09-16,64.519997,234250,yahoo
WTI,2025-09-17,64.050003,165427,yahoo
WTI,2025-09-18,63.57,82321,yahoo
WTI,2025-09-19,62.68,87165,yahoo
WTI,2025-09-22,62.639999,223779,yahoo
WTI,2025-09-23,63.41,265948,yahoo
WTI,2025-09-24,64.989998,282721,yahoo
WTI,2025-09-25,64.980003,258353,yahoo
WTI,2025-09-26,65.720001,284990,yahoo
WTI,2025-09-29,63.450001,294292,yahoo
WTI,2025-09-30,62.369999,271649,yahoo
WTI,2025-10-01,61.779999,274339,yahoo
WTI,2025-10-02,60.48,290507,yahoo
WTI,2025-10-03,60.880001,240044,yahoo
WTI,2025-10-06,61.689999,224682,yahoo
WTI,2025-10-07,61.73,245121,yahoo
WTI,2025-10-08,62.549999,273318,yahoo
WTI,2025-10-09,61.509998,259171,yahoo
WTI,2025-10-10,58.900002,339103,yahoo
WTI,2025-10-13,59.490002,339103,yahoo
WTI,2025-10-14,58.700001,259200,yahoo
WTI,2025-10-15,58.27,224919,yahoo
WTI,2025-10-16,57.459999,203866,yahoo
WTI,2025-10-17,57.540001,108748,yahoo
WTI,2025-10-20,57.52,108146,yahoo
WTI,2025-10-21,57.82,314207,yahoo
WTI,2025-10-22,58.5,378637,yahoo
WTI,2025-10-23,61.790001,735186,yahoo
WTI,2025-10-24,61.5,373744,yahoo
WTI,2025-10-27,61.310001,272191,yahoo
WTI,2025-10-28,60.150002,307568,yahoo
WTI,2025-10-29,60.48,276875,yahoo
WTI,2025-10-30,60.57,247917,yahoo
WTI,2025-10-31,60.98,278598,yahoo
WTI,2025-11-03,61.049999,0,yahoo
WTI,2025-11-04,60.560001,219300,yahoo
WTI,2025-11-05,59.599998,292518,yahoo
WTI,2025-11-06,59.43,277768,yahoo
WTI,2025-11-07,59.75,259446,yahoo
WTI,2025-11-10,60.130001,222879,yahoo
WTI,2025-11-11,61.040001,264427,yahoo
WTI,2025-11-12,58.490002,329517,yahoo
WTI,2025-11-13,58.689999,247349,yahoo
WTI,2025-11-14,60.09,334116,yahoo
WTI,2025-11-17,59.91,189638,yahoo
WTI,2025-11-18,60.740002,105325,yahoo
WTI,2025-11-19,59.439999,79622,yahoo
WTI,2025-11-20,59.139999,324282,yahoo
WTI,2025-11-21,58.060001,345014,yahoo
WTI,2025-11-24,58.84,238138,yahoo
WTI,2025-11-25,57.950001,334442,yahoo
WTI,2025-11-26,58.650002,228285,yahoo
WTI,2025-11-28,58.549999,153758,yahoo
WTI,2025-12-01,59.32,232770,yahoo
WTI,2025-12-02,58.639999,255513,yahoo
WTI,2025-12-03,58.950001,260974,yahoo
WTI,2025-12-04,59.669998,264993,yahoo
WTI,2025-12-05,60.080002,255075,yahoo
WTI,2025-12-08,58.880001,263009,yahoo
WTI,2025-12-09,58.25,260206,yahoo
WTI,2025-12-10,58.459999,256508,yahoo
WTI,2025-12-11,57.599998,286808,yahoo
WTI,2025-12-12,57.439999,212806,yahoo
WTI,2025-12-15,56.82,229310,yahoo
WTI,2025-12-16,55.27,230933,yahoo
WTI,2025-12-17,55.939999,125608,yahoo
WTI,2025-12-18,56.150002,85735,yahoo
WTI,2025-12-19,56.66,209264,yahoo
WTI,2025-12-22,58.009998,221576,yahoo
WTI,2025-12-23,58.380001,183633,yahoo
WTI,2025-12-24,58.349998,111762,yahoo
WTI,2025-12-26,56.740002,166669,yahoo
WTI,2025-12-29,58.080002,178590,yahoo
WTI,2025-12-30,57.950001,143802,yahoo
WTI,2025-12-31,57.419998,157160,yahoo
WTI,2026-01-02,57.32,189503,yahoo
WTI,2026-01-05,58.32,301483,yahoo
WTI,2026-01-06,57.130001,292067,yahoo
WTI,2026-01-07,55.990002,383128,yahoo
WTI,2026-01-08,57.759998,334134,yahoo
WTI,2026-01-09,59.119999,360309,yahoo
WTI,2026-01-12,59.5,309700,yahoo
WTI,2026-01-13,61.150002,411190,yahoo
WTI,2026-01-14,62.02,410261,yahoo
WTI,2026-01-15,59.189999,113642,yahoo
WTI,2026-01-16,59.439999,113794,yahoo
WTI,2026-01-20,60.34,499595,yahoo
WTI,2026-01-21,60.619999,333062,yahoo
WTI,2026-01-22,59.360001,324349,yahoo
WTI,2026-01-23,61.07,283419,yahoo
WTI,2026-01-26,60.630001,281062,yahoo
WTI,2026-01-27,62.389999,360208,yahoo
WTI,2026-01-28,63.209999,354864,yahoo
WTI,2026-01-29,65.419998,560007,yahoo
WTI,2026-01-30,65.209999,449325,yahoo
WTI,2026-02-02,62.139999,414083,yahoo
WTI,2026-02-03,63.209999,381144,yahoo
WTI,2026-02-04,65.139999,446588,yahoo
WTI,2026-02-05,63.290001,389763,yahoo
WTI,2026-02-06,63.549999,448924,yahoo
WTI,2026-02-09,64.360001,298005,yahoo
WTI,2026-02-10,63.959999,276292,yahoo
WTI,2026-02-11,64.629997,340194,yahoo
WTI,2026-02-12,62.84,369303,yahoo
WTI,2026-02-13,62.889999,255793,yahoo
WTI,2026-02-17,62.330002,328727,yahoo
WTI,2026-02-18,65.190002,115379,yahoo
WTI,2026-02-19,66.43,113408,yahoo
WTI,2026-02-20,66.389999,351351,yahoo
WTI,2026-02-23,66.309998,270365,yahoo
WTI,2026-02-24,65.629997,312124,yahoo
WTI,2026-02-25,65.419998,306780,yahoo
WTI,2026-02-26,65.209999,498542,yahoo
WTI,2026-02-27,67.019997,437053,yahoo
WTI,2026-03-02,71.230003,881329,yahoo
WTI,2026-03-03,74.559998,1009753,yahoo
WTI,2026-03-04,74.660004,617822,yahoo
WTI,2026-03-05,81.010002,707030,yahoo
WTI,2026-03-06,90.900002,996251,yahoo
WTI,2026-03-09,94.769997,1107193,yahoo
WTI,2026-03-10,83.449997,801564,yahoo
WTI,2026-03-11,87.25,538020,yahoo
WTI,2026-03-12,95.730003,548999,yahoo
WTI,2026-03-13,98.709999,436700,yahoo
WTI,2026-03-16,93.5,455454,yahoo
WTI,2026-03-17,96.209999,308425,yahoo
WTI,2026-03-18,96.32,157222,yahoo
WTI,2026-03-19,96.139999,118719,yahoo
WTI,2026-03-20,98.32,461845,yahoo
WTI,2026-03-23,88.129997,666790,yahoo
WTI,2026-03-24,92.349998,420067,yahoo
WTI,2026-03-25,90.32,405170,yahoo
WTI,2026-03-26,94.480003,350768,yahoo
WTI,2026-03-27,99.639999,374920,yahoo
WTI,2026-03-30,102.879997,374075,yahoo
WTI,2026-03-31,101.379997,495395,yahoo
WTI,2026-04-01,100.120003,434561,yahoo
WTI,2026-04-02,111.540001,0,yahoo
WTI,2026-04-06,112.410004,271742,yahoo
WTI,2026-04-07,112.949997,429331,yahoo
WTI,2026-04-08,94.410004,599576,yahoo
WTI,2026-04-09,97.870003,427201,yahoo
WTI,2026-04-10,96.57,314855,yahoo
WTI,2026-04-13,99.080002,344337,yahoo
WTI,2026-04-14,91.279999,315821,yahoo
WTI,2026-04-15,91.290001,240397,yahoo
WTI,2026-04-16,94.690002,194354,yahoo
WTI,2026-04-17,83.849998,116624,yahoo
WTI,2026-04-20,89.610001,115578,yahoo
WTI,2026-04-21,92.129997,383596,yahoo
WTI,2026-04-22,92.959999,299675,yahoo
WTI,2026-04-23,95.849998,365210,yahoo
WTI,2026-04-24,94.400002,330280,yahoo
WTI,2026-04-27,96.370003,219055,yahoo
WTI,2026-04-28,99.93,281078,yahoo
WTI,2026-04-29,106.879997,318841,yahoo
WTI,2026-04-30,105.07,341994,yahoo
WTI,2026-05-01,101.940002,268707,yahoo
WTI,2026-05-04,106.419998,342843,yahoo
WTI,2026-05-05,102.269997,241150,yahoo
WTI,2026-05-06,95.080002,423491,yahoo
WTI,2026-05-07,94.809998,392091,yahoo
WTI,2026-05-08,95.419998,243423,yahoo
WTI,2026-05-11,98.07,256251,yahoo
WTI,2026-05-12,102.18,231747,yahoo
WTI,2026-05-13,101.019997,212582,yahoo
WTI,2026-05-14,101.169998,173862,yahoo
WTI,2026-05-15,105.419998,96552,yahoo
WTI,2026-05-18,108.660004,117910,yahoo
WTI,2026-05-19,107.769997,206472,yahoo
WTI,2026-05-20,98.260002,320034,yahoo
WTI,2026-05-21,96.349998,345482,yahoo
WTI,2026-05-22,96.599998,261142,yahoo
WTI,2026-05-26,93.889999,358867,yahoo
WTI,2026-05-27,88.68,290948,yahoo
WTI,2026-05-28,88.900002,235145,yahoo
WTI,2026-05-29,87.360001,267803,yahoo
WTI,2026-06-01,92.160004,322039,yahoo
WTI,2026-06-02,93.760002,238146,yahoo
WTI,2026-06-03,96.019997,260613,yahoo
WTI,2026-06-04,93.040001,219500,yahoo
WTI,2026-06-05,90.540001,252903,yahoo
WTI,2026-06-08,91.300003,278650,yahoo
WTI,2026-06-09,88.199997,306101,yahoo
WTI,2026-06-10,90.029999,291935,yahoo
WTI,2026-06-11,87.709999,317151,yahoo
WTI,2026-06-12,84.879997,233924,yahoo
WTI,2026-06-15,80.75,208395,yahoo
WTI,2026-06-16,76.050003,205050,yahoo
WTI,2026-06-17,76.790001,100474,yahoo
WTI,2026-06-18,76.599998,97813,yahoo
WTI,2026-06-22,74.82,315903,yahoo
WTI,2026-06-23,73.209999,203509,yahoo
WTI,2026-06-24,70.339996,251403,yahoo
WTI,2026-06-25,71.919998,228065,yahoo
WTI,2026-06-26,69.230003,249316,yahoo
WTI,2026-06-29,70.75,170488,yahoo
WTI,2026-06-30,69.5,194279,yahoo
WTI,2026-07-01,68.580002,200004,yahoo
WTI,2026-07-02,68.690002,183635,yahoo
WTI,2026-07-06,68.550003,229909,yahoo
WTI,2026-07-07,70.440002,264072,yahoo
WTI,2026-07-08,73.519997,445251,yahoo
WTI,2026-07-09,72.080002,264009,yahoo
WTI,2026-07-10,71.410004,219817,yahoo
WTI,2026-07-13,78.139999,327411,yahoo
WTI,2026-07-14,79.339996,409973,yahoo
WTI,2026-07-15,79.599998,239855,yahoo
WTI,2026-07-16,78.949997,188731,yahoo
WTI,2026-07-17,82.489998,96003,yahoo
WTI,2026-07-20,83.230003,99783,yahoo
WTI,2026-07-21,84.910004,298109,yahoo
WTI,2026-07-22,86.830002,358021,yahoo
WTI,2026-07-23,92.190002,401934,yahoo
WTI,2026-07-24,89.309998,365438,yahoo
WTI,2026-07-27,82.610001,352813,yahoo
WTI,2026-07-28,79.260002,368026,yahoo
WTI,2026-07-29,84.459999,327417,yahoo
WTI,2026-07-30,83.589996,235395,yahoo
WTI,2026-07-31,84.669998,257851,yahoo
WTI,2026-08-03,80.339996,294823,yahoo
WTI,2026-08-04,75.769997,362270,yahoo
WTI,2026-08-05,75.220001,362270,yahoo
WTI,2026-08-06,75.720001,29862,yahoo
GOLD,2025-08-06,3380.0,1492,yahoo
GOLD,2025-08-07,3400.300049,5464,yahoo
GOLD,2025-08-08,3439.100098,7657,yahoo
GOLD,2025-08-11,3353.100098,1488,yahoo
GOLD,2025-08-12,3348.899902,1611,yahoo
GOLD,2025-08-13,3358.699951,1011,yahoo
GOLD,2025-08-14,3335.199951,592,yahoo
GOLD,2025-08-15,3336.0,1185,yahoo
GOLD,2025-08-18,3331.699951,646,yahoo
GOLD,2025-08-19,3313.399902,1655,yahoo
GOLD,2025-08-20,3343.399902,1213,yahoo
GOLD,2025-08-21,3336.899902,142,yahoo
GOLD,2025-08-22,3374.399902,1240,yahoo
GOLD,2025-08-25,3373.800049,1044,yahoo
GOLD,2025-08-26,3388.600098,905,yahoo
GOLD,2025-08-27,3404.600098,3222,yahoo
GOLD,2025-08-28,3431.800049,1035,yahoo
GOLD,2025-08-29,3473.699951,0,yahoo
GOLD,2025-09-02,3549.399902,658,yahoo
GOLD,2025-09-03,3593.199951,72,yahoo
GOLD,2025-09-04,3565.800049,237,yahoo
GOLD,2025-09-05,3613.199951,925,yahoo
GOLD,2025-09-08,3638.100098,97,yahoo
GOLD,2025-09-09,3643.300049,535,yahoo
GOLD,2025-09-10,3643.600098,136,yahoo
GOLD,2025-09-11,3636.899902,307,yahoo
GOLD,2025-09-12,3649.399902,1300,yahoo
GOLD,2025-09-15,3682.199951,210,yahoo
GOLD,2025-09-16,3688.899902,373,yahoo
GOLD,2025-09-17,3681.800049,183,yahoo
GOLD,2025-09-18,3643.699951,80,yahoo
GOLD,2025-09-19,3671.5,211,yahoo
GOLD,2025-09-22,3740.699951,410,yahoo
GOLD,2025-09-23,3780.600098,627,yahoo
GOLD,2025-09-24,3732.100098,588,yahoo
GOLD,2025-09-25,3736.899902,1899,yahoo
GOLD,2025-09-26,3775.300049,19308,yahoo
GOLD,2025-09-29,3820.899902,8860,yahoo
GOLD,2025-09-30,3840.800049,1611,yahoo
GOLD,2025-10-01,3867.5,1778,yahoo
GOLD,2025-10-02,3839.699951,3418,yahoo
GOLD,2025-10-03,3880.800049,392,yahoo
GOLD,2025-10-06,3948.5,1267,yahoo
GOLD,2025-10-07,3976.600098,2903,yahoo
GOLD,2025-10-08,4043.300049,2179,yahoo
GOLD,2025-10-09,3946.300049,3130,yahoo
GOLD,2025-10-10,3975.899902,1697,yahoo
GOLD,2025-10-13,4108.600098,1697,yahoo
GOLD,2025-10-14,4138.700195,2424,yahoo
GOLD,2025-10-15,4176.899902,3287,yahoo
GOLD,2025-10-16,4280.200195,4705,yahoo
GOLD,2025-10-17,4189.899902,4060,yahoo
GOLD,2025-10-20,4336.399902,1750,yahoo
GOLD,2025-10-21,4087.699951,2943,yahoo
GOLD,2025-10-22,4044.399902,1237,yahoo
GOLD,2025-10-23,4125.5,354,yahoo
GOLD,2025-10-24,4118.399902,123,yahoo
GOLD,2025-10-27,4001.899902,220,yahoo
GOLD,2025-10-28,3966.199951,219,yahoo
GOLD,2025-10-29,3983.699951,1344,yahoo
GOLD,2025-10-30,4001.300049,935,yahoo
GOLD,2025-10-31,3982.199951,559,yahoo
GOLD,2025-11-03,4000.300049,0,yahoo
GOLD,2025-11-04,3947.699951,657,yahoo
GOLD,2025-11-05,3980.300049,559,yahoo
GOLD,2025-11-06,3979.899902,650,yahoo
GOLD,2025-11-07,3999.399902,245,yahoo
GOLD,2025-11-10,4111.799805,189,yahoo
GOLD,2025-11-11,4106.799805,569,yahoo
GOLD,2025-11-12,4204.399902,396,yahoo
GOLD,2025-11-13,4186.899902,167,yahoo
GOLD,2025-11-14,4087.600098,483,yahoo
GOLD,2025-11-17,4068.300049,1552,yahoo
GOLD,2025-11-18,4061.300049,1375,yahoo
GOLD,2025-11-19,4077.699951,486,yahoo
GOLD,2025-11-20,4056.5,202,yahoo
GOLD,2025-11-21,4076.699951,171,yahoo
GOLD,2025-11-24,4091.899902,591,yahoo
GOLD,2025-11-25,4139.200195,132704,yahoo
GOLD,2025-11-26,4165.200195,25088,yahoo
GOLD,2025-11-28,4218.299805,3615,yahoo
GOLD,2025-12-01,4239.299805,913,yahoo
GOLD,2025-12-02,4186.600098,366,yahoo
GOLD,2025-12-03,4199.299805,1897,yahoo
GOLD,2025-12-04,4211.799805,616,yahoo
GOLD,2025-12-05,4212.899902,533,yahoo
GOLD,2025-12-08,4187.200195,318,yahoo
GOLD,2025-12-09,4206.700195,660,yahoo
GOLD,2025-12-10,4196.399902,692,yahoo
GOLD,2025-12-11,4285.5,528,yahoo
GOLD,2025-12-12,4300.100098,1531,yahoo
GOLD,2025-12-15,4306.700195,854,yahoo
GOLD,2025-12-16,4304.5,1796,yahoo
GOLD,2025-12-17,4347.5,2169,yahoo
GOLD,2025-12-18,4339.5,705,yahoo
GOLD,2025-12-19,4361.399902,1065,yahoo
GOLD,2025-12-22,4444.600098,449,yahoo
GOLD,2025-12-23,4482.799805,694,yahoo
GOLD,2025-12-24,4480.600098,500,yahoo
GOLD,2025-12-26,4529.100098,263,yahoo
GOLD,2025-12-29,4325.100098,2044,yahoo
GOLD,2025-12-30,4370.100098,1837,yahoo
GOLD,2025-12-31,4325.600098,785,yahoo
GOLD,2026-01-02,4314.399902,589,yahoo
GOLD,2026-01-05,4436.899902,618,yahoo
GOLD,2026-01-06,4482.200195,459,yahoo
GOLD,2026-01-07,4449.299805,972,yahoo
GOLD,2026-01-08,4449.700195,2423,yahoo
GOLD,2026-01-09,4490.299805,237,yahoo
GOLD,2026-01-12,4604.299805,156,yahoo
GOLD,2026-01-13,4589.200195,239,yahoo
GOLD,2026-01-14,4626.299805,1313,yahoo
GOLD,2026-01-15,4616.299805,4358,yahoo
GOLD,2026-01-16,4588.399902,352,yahoo
GOLD,2026-01-20,4759.600098,175,yahoo
GOLD,2026-01-21,4831.799805,1706,yahoo
GOLD,2026-01-22,4908.799805,1175,yahoo
GOLD,2026-01-23,4976.200195,169,yahoo
GOLD,2026-01-26,5079.700195,180,yahoo
GOLD,2026-01-27,5079.899902,34,yahoo
GOLD,2026-01-28,5301.600098,112054,yahoo
GOLD,2026-01-29,5318.399902,23709,yahoo
GOLD,2026-01-30,4713.899902,8374,yahoo
GOLD,2026-02-02,4622.5,3588,yahoo
GOLD,2026-02-03,4903.700195,1213,yahoo
GOLD,2026-02-04,4920.399902,3886,yahoo
GOLD,2026-02-05,4861.399902,793,yahoo
GOLD,2026-02-06,4951.200195,1386,yahoo
GOLD,2026-02-09,5050.899902,170,yahoo
GOLD,2026-02-10,5003.799805,281,yahoo
GOLD,2026-02-11,5071.600098,2681,yahoo
GOLD,2026-02-12,4923.700195,484,yahoo
GOLD,2026-02-13,5022.0,232,yahoo
GOLD,2026-02-17,4882.899902,540,yahoo
GOLD,2026-02-18,4986.5,544,yahoo
GOLD,2026-02-19,4975.899902,37,yahoo
GOLD,2026-02-20,5059.299805,134,yahoo
GOLD,2026-02-23,5204.700195,779,yahoo
GOLD,2026-02-24,5155.799805,88,yahoo
GOLD,2026-02-25,5206.399902,1772,yahoo
GOLD,2026-02-26,5176.5,1520,yahoo
GOLD,2026-02-27,5230.5,354,yahoo
GOLD,2026-03-02,5294.399902,72,yahoo
GOLD,2026-03-03,5107.399902,1776,yahoo
GOLD,2026-03-04,5120.200195,679,yahoo
GOLD,2026-03-05,5065.299805,1701,yahoo
GOLD,2026-03-06,5146.100098,148,yahoo
GOLD,2026-03-09,5091.5,639,yahoo
GOLD,2026-03-10,5229.700195,4300,yahoo
GOLD,2026-03-11,5167.399902,633,yahoo
GOLD,2026-03-12,5115.799805,410,yahoo
GOLD,2026-03-13,5052.5,479,yahoo
GOLD,2026-03-16,4994.0,130,yahoo
GOLD,2026-03-17,5001.0,239,yahoo
GOLD,2026-03-18,4889.899902,1461,yahoo
GOLD,2026-03-19,4600.700195,627,yahoo
GOLD,2026-03-20,4570.399902,235,yahoo
GOLD,2026-03-23,4404.100098,544,yahoo
GOLD,2026-03-24,4399.299805,378,yahoo
GOLD,2026-03-25,4549.799805,388,yahoo
GOLD,2026-03-26,4375.5,1070,yahoo
GOLD,2026-03-27,4492.0,74348,yahoo
GOLD,2026-03-30,4526.0,10816,yahoo
GOLD,2026-03-31,4647.600098,4264,yahoo
GOLD,2026-04-01,4783.200195,1637,yahoo
GOLD,2026-04-02,4651.5,0,yahoo
GOLD,2026-04-06,4656.799805,148,yahoo
GOLD,2026-04-07,4657.100098,327,yahoo
GOLD,2026-04-08,4749.5,405,yahoo
GOLD,2026-04-09,4792.200195,1277,yahoo
GOLD,2026-04-10,4761.899902,812,yahoo
GOLD,2026-04-13,4742.399902,32,yahoo
GOLD,2026-04-14,4825.0,288,yahoo
GOLD,2026-04-15,4800.0,182,yahoo
GOLD,2026-04-16,4785.399902,805,yahoo
GOLD,2026-04-17,4857.600098,1902,yahoo
GOLD,2026-04-20,4806.600098,724,yahoo
GOLD,2026-04-21,4698.399902,1197,yahoo
GOLD,2026-04-22,4732.5,765,yahoo
GOLD,2026-04-23,4705.100098,292,yahoo
GOLD,2026-04-24,4722.299805,45,yahoo
GOLD,2026-04-27,4675.399902,538,yahoo
GOLD,2026-04-28,4591.5,2660,yahoo
GOLD,2026-04-29,4545.200195,507,yahoo
GOLD,2026-04-30,4614.700195,77,yahoo
GOLD,2026-05-01,4629.899902,113,yahoo
GOLD,2026-05-04,4519.5,20,yahoo
GOLD,2026-05-05,4555.799805,426,yahoo
GOLD,2026-05-06,4681.899902,212,yahoo
GOLD,2026-05-07,4699.799805,254,yahoo
GOLD,2026-05-08,4720.399902,120,yahoo
GOLD,2026-05-11,4718.700195,36,yahoo
GOLD,2026-05-12,4677.600098,93,yahoo
GOLD,2026-05-13,4697.700195,228,yahoo
GOLD,2026-05-14,4678.100098,5,yahoo
GOLD,2026-05-15,4555.799805,607,yahoo
GOLD,2026-05-18,4552.5,38,yahoo
GOLD,2026-05-19,4506.299805,875,yahoo
GOLD,2026-05-20,4531.299805,981,yahoo
GOLD,2026-05-21,4539.799805,426,yahoo
GOLD,2026-05-22,4521.0,40,yahoo
GOLD,2026-05-26,4500.399902,1261,yahoo
GOLD,2026-05-27,4447.5,81062,yahoo
GOLD,2026-05-28,4499.299805,16427,yahoo
GOLD,2026-05-29,4560.5,1883,yahoo
GOLD,2026-06-01,4475.200195,835,yahoo
GOLD,2026-06-02,4489.100098,456,yahoo
GOLD,2026-06-03,4436.700195,2913,yahoo
GOLD,2026-06-04,4475.799805,480,yahoo
GOLD,2026-06-05,4337.100098,4062,yahoo
GOLD,2026-06-08,4335.899902,357,yahoo
GOLD,2026-06-09,4260.0,1292,yahoo
GOLD,2026-06-10,4108.200195,525,yahoo
GOLD,2026-06-11,4090.300049,1938,yahoo
GOLD,2026-06-12,4215.0,1167,yahoo
GOLD,2026-06-15,4328.0,1666,yahoo
GOLD,2026-06-16,4330.899902,158,yahoo
GOLD,2026-06-17,4358.899902,1961,yahoo
GOLD,2026-06-18,4224.100098,738,yahoo
GOLD,2026-06-22,4181.899902,1197,yahoo
GOLD,2026-06-23,4129.899902,252,yahoo
GOLD,2026-06-24,3990.300049,353,yahoo
GOLD,2026-06-25,4030.5,2724,yahoo
GOLD,2026-06-26,4078.699951,1431,yahoo
GOLD,2026-06-29,4022.300049,785,yahoo
GOLD,2026-06-30,4022.899902,1108,yahoo
GOLD,2026-07-01,4068.300049,770,yahoo
GOLD,2026-07-02,4112.700195,228,yahoo
GOLD,2026-07-06,4155.100098,1024,yahoo
GOLD,2026-07-07,4145.299805,53,yahoo
GOLD,2026-07-08,4070.899902,292,yahoo
GOLD,2026-07-09,4130.600098,13,yahoo
GOLD,2026-07-10,4104.100098,389,yahoo
GOLD,2026-07-13,3997.0,679,yahoo
GOLD,2026-07-14,4061.100098,1281,yahoo
GOLD,2026-07-15,4044.0,374,yahoo
GOLD,2026-07-16,3985.600098,812,yahoo
GOLD,2026-07-17,4012.699951,141,yahoo
GOLD,2026-07-20,4010.300049,231,yahoo
GOLD,2026-07-21,4071.100098,87,yahoo
GOLD,2026-07-22,4146.899902,133,yahoo
GOLD,2026-07-23,4046.600098,59,yahoo
GOLD,2026-07-24,4067.600098,2,yahoo
GOLD,2026-07-27,4074.5,36,yahoo
GOLD,2026-07-28,4036.300049,248,yahoo
GOLD,2026-07-29,4034.699951,89664,yahoo
GOLD,2026-07-30,4100.100098,16985,yahoo
GOLD,2026-07-31,4049.100098,1166,yahoo
GOLD,2026-08-03,4033.699951,698,yahoo
GOLD,2026-08-04,4095.399902,426,yahoo
GOLD,2026-08-05,4245.799805,426,yahoo
GOLD,2026-08-06,4327.600098,57245,yahoo
MOVE,2025-08-06,83.889999,0,yahoo
MOVE,2025-08-07,80.150002,0,yahoo
MOVE,2025-08-08,79.199997,0,yahoo
MOVE,2025-08-11,81.760002,0,yahoo
MOVE,2025-08-12,77.419998,0,yahoo
MOVE,2025-08-13,77.309998,0,yahoo
MOVE,2025-08-14,76.769997,0,yahoo
MOVE,2025-08-15,76.660004,0,yahoo
MOVE,2025-08-18,81.82,0,yahoo
MOVE,2025-08-19,82.150002,0,yahoo
MOVE,2025-08-20,80.75,0,yahoo
MOVE,2025-08-21,80.519997,0,yahoo
MOVE,2025-08-22,78.099998,0,yahoo
MOVE,2025-08-25,77.559998,0,yahoo
MOVE,2025-08-26,79.360001,0,yahoo
MOVE,2025-08-27,77.660004,0,yahoo
MOVE,2025-08-28,77.550003,0,yahoo
MOVE,2025-08-29,79.389999,0,yahoo
MOVE,2025-09-02,85.279999,0,yahoo
MOVE,2025-09-03,89.669998,0,yahoo
MOVE,2025-09-04,88.260002,0,yahoo
MOVE,2025-09-05,85.290001,0,yahoo
MOVE,2025-09-08,84.0,0,yahoo
MOVE,2025-09-09,82.199997,0,yahoo
MOVE,2025-09-10,79.580002,0,yahoo
MOVE,2025-09-11,75.07,0,yahoo
MOVE,2025-09-12,73.370003,0,yahoo
MOVE,2025-09-15,76.879997,0,yahoo
MOVE,2025-09-16,77.089996,0,yahoo
MOVE,2025-09-17,75.949997,0,yahoo
MOVE,2025-09-18,71.910004,0,yahoo
MOVE,2025-09-19,72.510002,0,yahoo
MOVE,2025-09-22,75.800003,0,yahoo
MOVE,2025-09-23,75.660004,0,yahoo
MOVE,2025-09-24,75.129997,0,yahoo
MOVE,2025-09-25,75.440002,0,yahoo
MOVE,2025-09-26,74.379997,0,yahoo
MOVE,2025-09-29,75.510002,0,yahoo
MOVE,2025-09-30,77.93,0,yahoo
MOVE,2025-10-01,73.5,0,yahoo
MOVE,2025-10-02,71.209999,0,yahoo
MOVE,2025-10-03,69.529999,0,yahoo
MOVE,2025-10-06,72.989998,0,yahoo
MOVE,2025-10-07,75.43,0,yahoo
MOVE,2025-10-08,74.870003,0,yahoo
MOVE,2025-10-09,74.120003,0,yahoo
MOVE,2025-10-10,81.650002,0,yahoo
MOVE,2025-10-14,79.949997,0,yahoo
MOVE,2025-10-15,75.110001,0,yahoo
MOVE,2025-10-16,81.230003,0,yahoo
MOVE,2025-10-17,78.620003,0,yahoo
MOVE,2025-10-20,77.220001,0,yahoo
MOVE,2025-10-21,77.18,0,yahoo
MOVE,2025-10-22,75.489998,0,yahoo
MOVE,2025-10-23,74.050003,0,yahoo
MOVE,2025-10-24,68.940002,0,yahoo
MOVE,2025-10-27,66.870003,0,yahoo
MOVE,2025-10-28,67.300003,0,yahoo
MOVE,2025-10-29,65.75,0,yahoo
MOVE,2025-10-30,66.879997,0,yahoo
MOVE,2025-10-31,66.610001,0,yahoo
MOVE,2025-11-03,67.230003,0,yahoo
MOVE,2025-11-04,68.019997,0,yahoo
MOVE,2025-11-05,72.419998,0,yahoo
MOVE,2025-11-06,72.440002,0,yahoo
MOVE,2025-11-07,74.410004,0,yahoo
MOVE,2025-11-10,78.860001,0,yahoo
MOVE,2025-11-12,81.120003,0,yahoo
MOVE,2025-11-13,79.099998,0,yahoo
MOVE,2025-11-14,79.709999,0,yahoo
MOVE,2025-11-17,82.580002,0,yahoo
MOVE,2025-11-18,83.18,0,yahoo
MOVE,2025-11-19,84.32,0,yahoo
MOVE,2025-11-20,77.809998,0,yahoo
MOVE,2025-11-21,78.809998,0,yahoo
MOVE,2025-11-24,76.82,0,yahoo
MOVE,2025-11-25,72.82,0,yahoo
MOVE,2025-11-26,71.900002,0,yahoo
MOVE,2025-11-28,68.949997,0,yahoo
MOVE,2025-12-01,71.349998,0,yahoo
MOVE,2025-12-02,69.910004,0,yahoo
MOVE,2025-12-03,66.459999,0,yahoo
MOVE,2025-12-04,65.690002,0,yahoo
MOVE,2025-12-05,67.279999,0,yahoo
MOVE,2025-12-08,72.300003,0,yahoo
MOVE,2025-12-09,75.379997,0,yahoo
MOVE,2025-12-10,68.620003,0,yahoo
MOVE,2025-12-11,69.239998,0,yahoo
MOVE,2025-12-12,69.25,0,yahoo
MOVE,2025-12-15,73.309998,0,yahoo
MOVE,2025-12-16,67.139999,0,yahoo
MOVE,2025-12-17,62.740002,0,yahoo
MOVE,2025-12-18,60.009998,0,yahoo
MOVE,2025-12-19,59.41,0,yahoo
MOVE,2025-12-22,61.700001,0,yahoo
MOVE,2025-12-23,61.169998,0,yahoo
MOVE,2025-12-24,59.48,0,yahoo
MOVE,2025-12-26,58.5,0,yahoo
MOVE,2025-12-29,59.209999,0,yahoo
MOVE,2025-12-30,63.98,0,yahoo
MOVE,2025-12-31,63.959999,0,yahoo
MOVE,2026-01-02,62.360001,0,yahoo
MOVE,2026-01-05,64.709999,0,yahoo
MOVE,2026-01-06,65.82,0,yahoo
MOVE,2026-01-07,66.150002,0,yahoo
MOVE,2026-01-08,66.940002,0,yahoo
MOVE,2026-01-09,61.549999,0,yahoo
MOVE,2026-01-12,62.900002,0,yahoo
MOVE,2026-01-13,60.790001,0,yahoo
MOVE,2026-01-14,58.110001,0,yahoo
MOVE,2026-01-15,56.139999,0,yahoo
MOVE,2026-01-16,58.049999,0,yahoo
MOVE,2026-01-20,66.669998,0,yahoo
MOVE,2026-01-21,59.560001,0,yahoo
MOVE,2026-01-22,56.5,0,yahoo
MOVE,2026-01-23,56.25,0,yahoo
MOVE,2026-01-26,55.77,0,yahoo
MOVE,2026-01-27,56.119999,0,yahoo
MOVE,2026-01-28,57.43,0,yahoo
MOVE,2026-01-29,60.73,0,yahoo
MOVE,2026-01-30,59.200001,0,yahoo
MOVE,2026-02-02,59.299999,0,yahoo
MOVE,2026-02-03,57.540001,0,yahoo
MOVE,2026-02-04,57.509998,0,yahoo
MOVE,2026-02-05,62.16,0,yahoo
MOVE,2026-02-06,63.619999,0,yahoo
MOVE,2026-02-09,62.740002,0,yahoo
MOVE,2026-02-10,64.550003,0,yahoo
MOVE,2026-02-11,61.349998,0,yahoo
MOVE,2026-02-12,68.57,0,yahoo
MOVE,2026-02-13,70.099998,0,yahoo
MOVE,2026-02-17,68.839996,0,yahoo
MOVE,2026-02-18,64.190002,0,yahoo
MOVE,2026-02-19,68.029999,0,yahoo
MOVE,2026-02-20,64.269997,0,yahoo
MOVE,2026-02-23,68.029999,0,yahoo
MOVE,2026-02-24,65.269997,0,yahoo
MOVE,2026-02-25,62.43,0,yahoo
MOVE,2026-02-26,63.93,0,yahoo
MOVE,2026-02-27,73.379997,0,yahoo
MOVE,2026-03-02,73.209999,0,yahoo
MOVE,2026-03-03,77.75,0,yahoo
MOVE,2026-03-04,70.029999,0,yahoo
MOVE,2026-03-05,74.529999,0,yahoo
MOVE,2026-03-06,81.260002,0,yahoo
MOVE,2026-03-09,79.739998,0,yahoo
MOVE,2026-03-10,76.330002,0,yahoo
MOVE,2026-03-11,78.589996,0,yahoo
MOVE,2026-03-12,95.300003,0,yahoo
MOVE,2026-03-13,91.169998,0,yahoo
MOVE,2026-03-16,85.25,0,yahoo
MOVE,2026-03-17,79.230003,0,yahoo
MOVE,2026-03-18,81.25,0,yahoo
MOVE,2026-03-19,84.879997,0,yahoo
MOVE,2026-03-20,108.839996,0,yahoo
MOVE,2026-03-23,98.150002,0,yahoo
MOVE,2026-03-24,103.010002,0,yahoo
MOVE,2026-03-25,97.589996,0,yahoo
MOVE,2026-03-26,115.019997,0,yahoo
MOVE,2026-03-27,111.949997,0,yahoo
MOVE,2026-03-30,108.330002,0,yahoo
MOVE,2026-03-31,96.050003,0,yahoo
MOVE,2026-04-01,90.190002,0,yahoo
MOVE,2026-04-02,84.410004,0,yahoo
MOVE,2026-04-06,81.68,0,yahoo
MOVE,2026-04-07,83.150002,0,yahoo
MOVE,2026-04-08,78.739998,0,yahoo
MOVE,2026-04-09,74.010002,0,yahoo
MOVE,2026-04-10,72.150002,0,yahoo
MOVE,2026-04-13,74.419998,0,yahoo
MOVE,2026-04-14,74.349998,0,yahoo
MOVE,2026-04-15,67.940002,0,yahoo
MOVE,2026-04-16,65.889999,0,yahoo
MOVE,2026-04-17,65.699997,0,yahoo
MOVE,2026-04-20,67.900002,0,yahoo
MOVE,2026-04-21,70.779999,0,yahoo
MOVE,2026-04-22,69.879997,0,yahoo
MOVE,2026-04-23,67.699997,0,yahoo
MOVE,2026-04-24,66.970001,0,yahoo
MOVE,2026-04-27,68.419998,0,yahoo
MOVE,2026-04-28,68.68,0,yahoo
MOVE,2026-04-29,74.330002,0,yahoo
MOVE,2026-04-30,72.07,0,yahoo
MOVE,2026-05-01,70.410004,0,yahoo
MOVE,2026-05-04,77.860001,0,yahoo
MOVE,2026-05-05,76.779999,0,yahoo
MOVE,2026-05-06,70.629997,0,yahoo
MOVE,2026-05-07,72.239998,0,yahoo
MOVE,2026-05-08,67.25,0,yahoo
MOVE,2026-05-11,70.739998,0,yahoo
MOVE,2026-05-12,71.68,0,yahoo
MOVE,2026-05-13,70.239998,0,yahoo
MOVE,2026-05-14,69.629997,0,yahoo
MOVE,2026-05-15,79.870003,0,yahoo
MOVE,2026-05-18,86.07,0,yahoo
MOVE,2026-05-19,85.32,0,yahoo
MOVE,2026-05-20,81.529999,0,yahoo
MOVE,2026-05-21,79.720001,0,yahoo
MOVE,2026-05-22,78.43,0,yahoo
MOVE,2026-05-26,74.949997,0,yahoo
MOVE,2026-05-27,70.900002,0,yahoo
MOVE,2026-05-28,69.739998,0,yahoo
MOVE,2026-05-29,70.220001,0,yahoo
MOVE,2026-06-01,73.330002,0,yahoo
MOVE,2026-06-02,73.43,0,yahoo
MOVE,2026-06-03,73.580002,0,yahoo
MOVE,2026-06-04,71.160004,0,yahoo
MOVE,2026-06-05,75.199997,0,yahoo
MOVE,2026-06-08,76.980003,0,yahoo
MOVE,2026-06-09,77.029999,0,yahoo
MOVE,2026-06-10,73.949997,0,yahoo
MOVE,2026-06-11,69.449997,0,yahoo
MOVE,2026-06-12,69.360001,0,yahoo
MOVE,2026-06-15,69.379997,0,yahoo
MOVE,2026-06-16,67.279999,0,yahoo
MOVE,2026-06-17,70.660004,0,yahoo
MOVE,2026-06-18,65.389999,0,yahoo
MOVE,2026-06-22,70.019997,0,yahoo
MOVE,2026-06-23,68.779999,0,yahoo
MOVE,2026-06-24,69.059998,0,yahoo
MOVE,2026-06-25,67.099998,0,yahoo
MOVE,2026-06-26,66.790001,0,yahoo
MOVE,2026-06-29,68.139999,0,yahoo
MOVE,2026-06-30,71.959999,0,yahoo
MOVE,2026-07-01,68.559998,0,yahoo
MOVE,2026-07-02,65.400002,0,yahoo
MOVE,2026-07-06,65.760002,0,yahoo
MOVE,2026-07-07,70.25,0,yahoo
MOVE,2026-07-08,72.410004,0,yahoo
MOVE,2026-07-09,68.889999,0,yahoo
MOVE,2026-07-10,69.550003,0,yahoo
MOVE,2026-07-13,77.769997,0,yahoo
MOVE,2026-07-14,75.029999,0,yahoo
MOVE,2026-07-15,68.480003,0,yahoo
MOVE,2026-07-16,68.160004,0,yahoo
MOVE,2026-07-17,70.879997,0,yahoo
DXY,2025-08-06,98.18,0,yahoo
DXY,2025-08-07,98.400002,0,yahoo
DXY,2025-08-08,98.18,0,yahoo
DXY,2025-08-11,98.519997,0,yahoo
DXY,2025-08-12,98.099998,0,yahoo
DXY,2025-08-13,97.839996,0,yahoo
DXY,2025-08-14,98.25,0,yahoo
DXY,2025-08-15,97.849998,0,yahoo
DXY,2025-08-18,98.169998,0,yahoo
DXY,2025-08-19,98.269997,0,yahoo
DXY,2025-08-20,98.220001,0,yahoo
DXY,2025-08-21,98.620003,0,yahoo
DXY,2025-08-22,97.720001,0,yahoo
DXY,2025-08-25,98.43,0,yahoo
DXY,2025-08-26,98.230003,0,yahoo
DXY,2025-08-27,98.230003,0,yahoo
DXY,2025-08-28,97.809998,0,yahoo
DXY,2025-08-29,97.769997,0,yahoo
DXY,2025-09-02,98.400002,0,yahoo
DXY,2025-09-03,98.139999,0,yahoo
DXY,2025-09-04,98.349998,0,yahoo
DXY,2025-09-05,97.769997,0,yahoo
DXY,2025-09-08,97.449997,0,yahoo
DXY,2025-09-09,97.790001,0,yahoo
DXY,2025-09-10,97.779999,0,yahoo
DXY,2025-09-11,97.540001,0,yahoo
DXY,2025-09-12,97.550003,0,yahoo
DXY,2025-09-15,97.300003,0,yahoo
DXY,2025-09-16,96.629997,0,yahoo
DXY,2025-09-17,96.870003,0,yahoo
DXY,2025-09-18,97.349998,0,yahoo
DXY,2025-09-19,97.639999,0,yahoo
DXY,2025-09-22,97.330002,0,yahoo
DXY,2025-09-23,97.260002,0,yahoo
DXY,2025-09-24,97.870003,0,yahoo
DXY,2025-09-25,98.550003,0,yahoo
DXY,2025-09-26,98.150002,0,yahoo
DXY,2025-09-29,97.910004,0,yahoo
DXY,2025-09-30,97.769997,0,yahoo
DXY,2025-10-01,97.709999,0,yahoo
DXY,2025-10-02,97.849998,0,yahoo
DXY,2025-10-03,97.720001,0,yahoo
DXY,2025-10-06,98.110001,0,yahoo
DXY,2025-10-07,98.580002,0,yahoo
DXY,2025-10-08,98.849998,0,yahoo
DXY,2025-10-09,99.540001,0,yahoo
DXY,2025-10-10,98.980003,0,yahoo
DXY,2025-10-13,99.269997,0,yahoo
DXY,2025-10-14,99.050003,0,yahoo
DXY,2025-10-15,98.790001,0,yahoo
DXY,2025-10-16,98.389999,0,yahoo
DXY,2025-10-17,98.43,0,yahoo
DXY,2025-10-20,98.589996,0,yahoo
DXY,2025-10-21,98.93,0,yahoo
DXY,2025-10-22,98.900002,0,yahoo
DXY,2025-10-23,98.940002,0,yahoo
DXY,2025-10-24,98.949997,0,yahoo
DXY,2025-10-27,98.779999,0,yahoo
DXY,2025-10-28,98.690002,0,yahoo
DXY,2025-10-29,99.220001,0,yahoo
DXY,2025-10-30,99.529999,0,yahoo
DXY,2025-10-31,99.800003,0,yahoo
DXY,2025-11-03,99.870003,0,yahoo
DXY,2025-11-04,100.220001,0,yahoo
DXY,2025-11-05,100.199997,0,yahoo
DXY,2025-11-06,99.730003,0,yahoo
DXY,2025-11-07,99.599998,0,yahoo
DXY,2025-11-10,99.620003,0,yahoo
DXY,2025-11-11,99.459999,0,yahoo
DXY,2025-11-12,99.480003,0,yahoo
DXY,2025-11-13,99.18,0,yahoo
DXY,2025-11-14,99.269997,0,yahoo
DXY,2025-11-17,99.589996,0,yahoo
DXY,2025-11-18,99.550003,0,yahoo
DXY,2025-11-19,100.230003,0,yahoo
DXY,2025-11-20,100.160004,0,yahoo
DXY,2025-11-21,100.18,0,yahoo
DXY,2025-11-24,100.139999,0,yahoo
DXY,2025-11-25,99.660004,0,yahoo
DXY,2025-11-26,99.599998,0,yahoo
DXY,2025-11-28,99.459999,0,yahoo
DXY,2025-12-01,99.410004,0,yahoo
DXY,2025-12-02,99.360001,0,yahoo
DXY,2025-12-03,98.849998,0,yahoo
DXY,2025-12-04,98.989998,0,yahoo
DXY,2025-12-05,98.989998,0,yahoo
DXY,2025-12-08,99.089996,0,yahoo
DXY,2025-12-09,99.220001,0,yahoo
DXY,2025-12-10,98.790001,0,yahoo
DXY,2025-12-11,98.349998,0,yahoo
DXY,2025-12-12,98.400002,0,yahoo
DXY,2025-12-15,98.150002,0,yahoo
DXY,2025-12-16,98.150002,0,yahoo
DXY,2025-12-17,98.370003,0,yahoo
DXY,2025-12-18,98.43,0,yahoo
DXY,2025-12-19,98.599998,0,yahoo
DXY,2025-12-22,98.290001,0,yahoo
DXY,2025-12-23,97.940002,0,yahoo
DXY,2025-12-24,97.980003,0,yahoo
DXY,2025-12-26,98.019997,0,yahoo
DXY,2025-12-29,98.040001,0,yahoo
DXY,2025-12-30,98.239998,0,yahoo
DXY,2025-12-31,98.279999,0,yahoo
DXY,2026-01-02,98.419998,0,yahoo
DXY,2026-01-05,98.269997,0,yahoo
DXY,2026-01-06,98.580002,0,yahoo
DXY,2026-01-07,98.68,0,yahoo
DXY,2026-01-08,98.93,0,yahoo
DXY,2026-01-09,99.129997,0,yahoo
DXY,2026-01-12,98.860001,0,yahoo
DXY,2026-01-13,99.129997,0,yahoo
DXY,2026-01-14,99.129997,0,yahoo
DXY,2026-01-15,99.32,0,yahoo
DXY,2026-01-16,99.389999,0,yahoo
DXY,2026-01-20,98.639999,0,yahoo
DXY,2026-01-21,98.760002,0,yahoo
DXY,2026-01-22,98.360001,0,yahoo
DXY,2026-01-23,97.599998,0,yahoo
DXY,2026-01-26,97.040001,0,yahoo
DXY,2026-01-27,96.220001,0,yahoo
DXY,2026-01-28,96.449997,0,yahoo
DXY,2026-01-29,96.279999,0,yahoo
DXY,2026-01-30,96.989998,0,yahoo
DXY,2026-02-02,97.610001,0,yahoo
DXY,2026-02-03,97.440002,0,yahoo
DXY,2026-02-04,97.620003,0,yahoo
DXY,2026-02-05,97.82,0,yahoo
DXY,2026-02-06,97.629997,0,yahoo
DXY,2026-02-09,96.82,0,yahoo
DXY,2026-02-10,96.800003,0,yahoo
DXY,2026-02-11,96.830002,0,yahoo
DXY,2026-02-12,96.93,0,yahoo
DXY,2026-02-13,96.879997,0,yahoo
DXY,2026-02-17,97.160004,0,yahoo
DXY,2026-02-18,97.699997,0,yahoo
DXY,2026-02-19,97.93,0,yahoo
DXY,2026-02-20,97.800003,0,yahoo
DXY,2026-02-23,97.699997,0,yahoo
DXY,2026-02-24,97.879997,0,yahoo
DXY,2026-02-25,97.699997,0,yahoo
DXY,2026-02-26,97.790001,0,yahoo
DXY,2026-02-27,97.610001,0,yahoo
DXY,2026-03-02,98.379997,0,yahoo
DXY,2026-03-03,99.050003,0,yahoo
DXY,2026-03-04,98.769997,0,yahoo
DXY,2026-03-05,99.32,0,yahoo
DXY,2026-03-06,98.989998,0,yahoo
DXY,2026-03-09,99.18,0,yahoo
DXY,2026-03-10,98.830002,0,yahoo
DXY,2026-03-11,99.230003,0,yahoo
DXY,2026-03-12,99.739998,0,yahoo
DXY,2026-03-13,100.360001,0,yahoo
DXY,2026-03-16,99.709999,0,yahoo
DXY,2026-03-17,99.580002,0,yahoo
DXY,2026-03-18,100.089996,0,yahoo
DXY,2026-03-19,99.230003,0,yahoo
DXY,2026-03-20,99.650002,0,yahoo
DXY,2026-03-23,98.949997,0,yahoo
DXY,2026-03-24,99.43,0,yahoo
DXY,2026-03-25,99.599998,0,yahoo
DXY,2026-03-26,99.900002,0,yahoo
DXY,2026-03-27,100.150002,0,yahoo
DXY,2026-03-30,100.510002,0,yahoo
DXY,2026-03-31,99.959999,0,yahoo
DXY,2026-04-01,99.650002,0,yahoo
DXY,2026-04-02,100.029999,0,yahoo
DXY,2026-04-06,99.980003,0,yahoo
DXY,2026-04-07,99.639999,0,yahoo
DXY,2026-04-08,99.129997,0,yahoo
DXY,2026-04-09,98.82,0,yahoo
DXY,2026-04-10,98.650002,0,yahoo
DXY,2026-04-13,98.370003,0,yahoo
DXY,2026-04-14,98.120003,0,yahoo
DXY,2026-04-15,98.059998,0,yahoo
DXY,2026-04-16,98.220001,0,yahoo
DXY,2026-04-17,98.099998,0,yahoo
DXY,2026-04-20,98.050003,0,yahoo
DXY,2026-04-21,98.410004,0,yahoo
DXY,2026-04-22,98.589996,0,yahoo
DXY,2026-04-23,98.800003,0,yahoo
DXY,2026-04-24,98.510002,0,yahoo
DXY,2026-04-27,98.480003,0,yahoo
DXY,2026-04-28,98.620003,0,yahoo
DXY,2026-04-29,98.919998,0,yahoo
DXY,2026-04-30,98.080002,0,yahoo
DXY,2026-05-01,98.209999,0,yahoo
DXY,2026-05-04,98.470001,0,yahoo
DXY,2026-05-05,98.480003,0,yahoo
DXY,2026-05-06,98.019997,0,yahoo
DXY,2026-05-07,98.25,0,yahoo
DXY,2026-05-08,97.839996,0,yahoo
DXY,2026-05-11,97.940002,0,yahoo
DXY,2026-05-12,98.290001,0,yahoo
DXY,2026-05-13,98.480003,0,yahoo
DXY,2026-05-14,98.879997,0,yahoo
DXY,2026-05-15,99.269997,0,yahoo
DXY,2026-05-18,98.970001,0,yahoo
DXY,2026-05-19,99.300003,0,yahoo
DXY,2026-05-20,99.110001,0,yahoo
DXY,2026-05-21,99.190002,0,yahoo
DXY,2026-05-22,99.32,0,yahoo
DXY,2026-05-26,99.169998,0,yahoo
DXY,2026-05-27,99.209999,0,yahoo
DXY,2026-05-28,99.019997,0,yahoo
DXY,2026-05-29,98.910004,0,yahoo
DXY,2026-06-01,99.199997,0,yahoo
DXY,2026-06-02,99.220001,0,yahoo
DXY,2026-06-03,99.529999,0,yahoo
DXY,2026-06-04,99.410004,0,yahoo
DXY,2026-06-05,100.07,0,yahoo
DXY,2026-06-08,100.050003,0,yahoo
DXY,2026-06-09,99.910004,0,yahoo
DXY,2026-06-10,99.949997,0,yahoo
DXY,2026-06-11,99.860001,0,yahoo
DXY,2026-06-12,99.75,0,yahoo
DXY,2026-06-15,99.629997,0,yahoo
DXY,2026-06-16,99.540001,0,yahoo
DXY,2026-06-17,100.089996,0,yahoo
DXY,2026-06-18,100.849998,0,yahoo
DXY,2026-06-22,101.019997,0,yahoo
DXY,2026-06-23,101.410004,0,yahoo
DXY,2026-06-24,101.610001,0,yahoo
DXY,2026-06-25,101.43,0,yahoo
DXY,2026-06-26,101.360001,0,yahoo
DXY,2026-06-29,101.110001,0,yahoo
DXY,2026-06-30,101.190002,0,yahoo
DXY,2026-07-01,101.389999,0,yahoo
DXY,2026-07-02,100.860001,0,yahoo
DXY,2026-07-06,100.849998,0,yahoo
DXY,2026-07-07,101.139999,0,yahoo
DXY,2026-07-08,101.050003,0,yahoo
DXY,2026-07-09,100.940002,0,yahoo
DXY,2026-07-10,100.970001,0,yahoo
DXY,2026-07-13,101.279999,0,yahoo
DXY,2026-07-14,100.940002,0,yahoo
DXY,2026-07-15,100.5,0,yahoo
DXY,2026-07-16,100.730003,0,yahoo
DXY,2026-07-17,100.75,0,yahoo
DXY,2026-07-20,100.989998,0,yahoo
DXY,2026-07-21,101.18,0,yahoo
DXY,2026-07-22,101.139999,0,yahoo
DXY,2026-07-23,101.43,0,yahoo
DXY,2026-07-24,101.470001,0,yahoo
DXY,2026-07-27,101.510002,0,yahoo
DXY,2026-07-28,101.379997,0,yahoo
DXY,2026-07-29,100.800003,0,yahoo
DXY,2026-07-30,100.010002,0,yahoo
DXY,2026-07-31,99.800003,0,yahoo
DXY,2026-08-03,99.959999,0,yahoo
DXY,2026-08-04,99.889999,0,yahoo
DXY,2026-08-05,99.690002,0,yahoo
DXY,2026-08-06,99.750999,0,yahoo
USDJPY,2025-08-05,147.559998,0,yahoo
USDJPY,2025-08-06,147.192993,0,yahoo
USDJPY,2025-08-07,146.837006,0,yahoo
USDJPY,2025-08-10,147.664001,0,yahoo
USDJPY,2025-08-11,148.125,0,yahoo
USDJPY,2025-08-12,147.757996,0,yahoo
USDJPY,2025-08-13,147.119995,0,yahoo
USDJPY,2025-08-14,147.690994,0,yahoo
USDJPY,2025-08-17,147.264008,0,yahoo
USDJPY,2025-08-18,147.916,0,yahoo
USDJPY,2025-08-19,147.731003,0,yahoo
USDJPY,2025-08-20,147.317993,0,yahoo
USDJPY,2025-08-21,148.386002,0,yahoo
USDJPY,2025-08-24,147.214996,0,yahoo
USDJPY,2025-08-25,147.822006,0,yahoo
USDJPY,2025-08-26,147.462006,0,yahoo
USDJPY,2025-08-27,147.315994,0,yahoo
USDJPY,2025-08-28,146.789993,0,yahoo
USDJPY,2025-08-31,147.097,0,yahoo
USDJPY,2025-09-01,147.084,0,yahoo
USDJPY,2025-09-02,148.548004,0,yahoo
USDJPY,2025-09-03,147.979996,0,yahoo
USDJPY,2025-09-04,148.375,0,yahoo
USDJPY,2025-09-07,148.343994,0,yahoo
USDJPY,2025-09-08,147.363998,0,yahoo
USDJPY,2025-09-09,147.391998,0,yahoo
USDJPY,2025-09-10,147.332001,0,yahoo
USDJPY,2025-09-11,147.223999,0,yahoo
USDJPY,2025-09-14,147.666,0,yahoo
USDJPY,2025-09-15,147.404999,0,yahoo
USDJPY,2025-09-16,146.412994,0,yahoo
USDJPY,2025-09-17,146.891006,0,yahoo
USDJPY,2025-09-18,147.947006,0,yahoo
USDJPY,2025-09-21,148.095001,0,yahoo
USDJPY,2025-09-22,147.725006,0,yahoo
USDJPY,2025-09-23,147.613007,0,yahoo
USDJPY,2025-09-24,148.751007,0,yahoo
USDJPY,2025-09-25,149.860992,0,yahoo
USDJPY,2025-09-28,149.404999,0,yahoo
USDJPY,2025-09-29,148.595001,0,yahoo
USDJPY,2025-09-30,147.996994,0,yahoo
USDJPY,2025-10-01,147.082993,0,yahoo
USDJPY,2025-10-02,147.149994,0,yahoo
USDJPY,2025-10-05,149.606003,0,yahoo
USDJPY,2025-10-06,150.330994,0,yahoo
USDJPY,2025-10-07,152.050995,0,yahoo
USDJPY,2025-10-08,152.679993,0,yahoo
USDJPY,2025-10-09,152.964996,0,yahoo
USDJPY,2025-10-12,152.056,0,yahoo
USDJPY,2025-10-13,152.434006,0,yahoo
USDJPY,2025-10-14,151.731003,0,yahoo
USDJPY,2025-10-15,150.973999,0,yahoo
USDJPY,2025-10-16,150.119995,0,yahoo
USDJPY,2025-10-19,150.899994,0,yahoo
USDJPY,2025-10-20,150.774002,0,yahoo
USDJPY,2025-10-21,151.893005,0,yahoo
USDJPY,2025-10-22,151.953995,0,yahoo
USDJPY,2025-10-23,152.602005,0,yahoo
USDJPY,2025-10-27,153.061005,0,yahoo
USDJPY,2025-10-28,152.692001,0,yahoo
USDJPY,2025-10-29,151.731003,0,yahoo
USDJPY,2025-10-30,152.722,0,yahoo
USDJPY,2025-10-31,153.899994,0,yahoo
USDJPY,2025-11-03,154.195007,0,yahoo
USDJPY,2025-11-04,154.203995,0,yahoo
USDJPY,2025-11-05,153.557007,0,yahoo
USDJPY,2025-11-06,154.072998,0,yahoo
USDJPY,2025-11-07,152.947998,0,yahoo
USDJPY,2025-11-10,153.817001,0,yahoo
USDJPY,2025-11-11,154.145996,0,yahoo
USDJPY,2025-11-12,154.074997,0,yahoo
USDJPY,2025-11-13,154.712997,0,yahoo
USDJPY,2025-11-14,154.632996,0,yahoo
USDJPY,2025-11-17,154.585007,0,yahoo
USDJPY,2025-11-18,155.272995,0,yahoo
USDJPY,2025-11-19,155.548004,0,yahoo
USDJPY,2025-11-20,156.992004,0,yahoo
USDJPY,2025-11-21,157.369003,0,yahoo
USDJPY,2025-11-24,156.688004,0,yahoo
USDJPY,2025-11-25,156.938995,0,yahoo
USDJPY,2025-11-26,156.229996,0,yahoo
USDJPY,2025-11-27,156.238998,0,yahoo
USDJPY,2025-11-28,156.283997,0,yahoo
USDJPY,2025-12-01,155.927994,0,yahoo
USDJPY,2025-12-02,155.557007,0,yahoo
USDJPY,2025-12-03,155.807007,0,yahoo
USDJPY,2025-12-04,155.106995,0,yahoo
USDJPY,2025-12-05,155.141998,0,yahoo
USDJPY,2025-12-08,155.339996,0,yahoo
USDJPY,2025-12-09,155.843994,0,yahoo
USDJPY,2025-12-10,156.837997,0,yahoo
USDJPY,2025-12-11,155.789993,0,yahoo
USDJPY,2025-12-12,155.567001,0,yahoo
USDJPY,2025-12-15,155.888,0,yahoo
USDJPY,2025-12-16,155.014999,0,yahoo
USDJPY,2025-12-17,154.778,0,yahoo
USDJPY,2025-12-18,155.494995,0,yahoo
USDJPY,2025-12-19,155.585999,0,yahoo
USDJPY,2025-12-22,157.675995,0,yahoo
USDJPY,2025-12-23,156.876999,0,yahoo
USDJPY,2025-12-24,156.175995,0,yahoo
USDJPY,2025-12-26,156.089996,0,yahoo
USDJPY,2025-12-29,156.462997,0,yahoo
USDJPY,2025-12-30,156.013,0,yahoo
USDJPY,2025-12-31,156.412994,0,yahoo
USDJPY,2026-01-02,156.731003,0,yahoo
USDJPY,2026-01-05,156.988998,0,yahoo
USDJPY,2026-01-06,156.626007,0,yahoo
USDJPY,2026-01-07,156.679993,0,yahoo
USDJPY,2026-01-08,156.731003,0,yahoo
USDJPY,2026-01-09,156.880005,0,yahoo
USDJPY,2026-01-12,158.149002,0,yahoo
USDJPY,2026-01-13,157.985992,0,yahoo
USDJPY,2026-01-14,159.179001,0,yahoo
USDJPY,2026-01-15,158.401993,0,yahoo
USDJPY,2026-01-16,158.595993,0,yahoo
USDJPY,2026-01-19,157.535004,0,yahoo
USDJPY,2026-01-20,158.177002,0,yahoo
USDJPY,2026-01-21,158.162003,0,yahoo
USDJPY,2026-01-22,158.455994,0,yahoo
USDJPY,2026-01-23,158.501007,0,yahoo
USDJPY,2026-01-26,155.166,0,yahoo
USDJPY,2026-01-27,154.335999,0,yahoo
USDJPY,2026-01-28,152.453003,0,yahoo
USDJPY,2026-01-29,153.095993,0,yahoo
USDJPY,2026-01-30,153.162003,0,yahoo
USDJPY,2026-02-02,155.201996,0,yahoo
USDJPY,2026-02-03,155.442993,0,yahoo
USDJPY,2026-02-04,155.798996,0,yahoo
USDJPY,2026-02-05,156.917007,0,yahoo
USDJPY,2026-02-06,156.783997,0,yahoo
USDJPY,2026-02-09,157.244003,0,yahoo
USDJPY,2026-02-10,156.132004,0,yahoo
USDJPY,2026-02-11,154.481995,0,yahoo
USDJPY,2026-02-12,153.268997,0,yahoo
USDJPY,2026-02-13,152.820999,0,yahoo
USDJPY,2026-02-16,152.779007,0,yahoo
USDJPY,2026-02-17,153.608994,0,yahoo
USDJPY,2026-02-18,153.149002,0,yahoo
USDJPY,2026-02-19,154.692993,0,yahoo
USDJPY,2026-02-20,155.160004,0,yahoo
USDJPY,2026-02-23,154.339005,0,yahoo
USDJPY,2026-02-24,154.634995,0,yahoo
USDJPY,2026-02-25,155.880005,0,yahoo
USDJPY,2026-02-26,156.199997,0,yahoo
USDJPY,2026-02-27,155.858994,0,yahoo
USDJPY,2026-03-02,156.632996,0,yahoo
USDJPY,2026-03-03,157.257004,0,yahoo
USDJPY,2026-03-04,157.772995,0,yahoo
USDJPY,2026-03-05,156.983002,0,yahoo
USDJPY,2026-03-06,157.533997,0,yahoo
USDJPY,2026-03-09,158.427002,0,yahoo
USDJPY,2026-03-10,157.848007,0,yahoo
USDJPY,2026-03-11,158.113998,0,yahoo
USDJPY,2026-03-12,159.074997,0,yahoo
USDJPY,2026-03-13,159.205994,0,yahoo
USDJPY,2026-03-16,159.567993,0,yahoo
USDJPY,2026-03-17,159.104996,0,yahoo
USDJPY,2026-03-18,158.889008,0,yahoo
USDJPY,2026-03-19,159.794998,0,yahoo
USDJPY,2026-03-20,157.923996,0,yahoo
USDJPY,2026-03-23,159.233994,0,yahoo
USDJPY,2026-03-24,158.479004,0,yahoo
USDJPY,2026-03-25,158.718002,0,yahoo
USDJPY,2026-03-26,159.384003,0,yahoo
USDJPY,2026-03-27,159.703995,0,yahoo
USDJPY,2026-03-29,160.233994,0,yahoo
USDJPY,2026-03-30,159.841003,0,yahoo
USDJPY,2026-03-31,158.578995,0,yahoo
USDJPY,2026-04-01,158.688004,0,yahoo
USDJPY,2026-04-02,159.490997,0,yahoo
USDJPY,2026-04-05,159.779999,0,yahoo
USDJPY,2026-04-06,159.682999,0,yahoo
USDJPY,2026-04-07,158.716003,0,yahoo
USDJPY,2026-04-08,158.641998,0,yahoo
USDJPY,2026-04-09,159.112,0,yahoo
USDJPY,2026-04-12,159.679993,0,yahoo
USDJPY,2026-04-13,159.214005,0,yahoo
USDJPY,2026-04-14,158.792007,0,yahoo
USDJPY,2026-04-15,158.809006,0,yahoo
USDJPY,2026-04-16,159.195007,0,yahoo
USDJPY,2026-04-19,159.160995,0,yahoo
USDJPY,2026-04-20,158.843994,0,yahoo
USDJPY,2026-04-21,159.373001,0,yahoo
USDJPY,2026-04-22,159.488007,0,yahoo
USDJPY,2026-04-23,159.746994,0,yahoo
USDJPY,2026-04-26,159.576004,0,yahoo
USDJPY,2026-04-27,159.356995,0,yahoo
USDJPY,2026-04-28,159.552002,0,yahoo
USDJPY,2026-04-29,160.184006,0,yahoo
USDJPY,2026-04-30,156.977997,0,yahoo
USDJPY,2026-05-03,156.845993,0,yahoo
USDJPY,2026-05-04,157.194,0,yahoo
USDJPY,2026-05-05,157.677002,0,yahoo
USDJPY,2026-05-06,156.507996,0,yahoo
USDJPY,2026-05-07,156.828995,0,yahoo
USDJPY,2026-05-10,156.858002,0,yahoo
USDJPY,2026-05-11,157.231003,0,yahoo
USDJPY,2026-05-12,157.671005,0,yahoo
USDJPY,2026-05-13,157.850998,0,yahoo
USDJPY,2026-05-14,158.382004,0,yahoo
USDJPY,2026-05-17,158.843994,0,yahoo
USDJPY,2026-05-18,158.860992,0,yahoo
USDJPY,2026-05-19,159.035004,0,yahoo
USDJPY,2026-05-20,158.888,0,yahoo
USDJPY,2026-05-21,159.018005,0,yahoo
USDJPY,2026-05-24,158.945999,0,yahoo
USDJPY,2026-05-25,158.953995,0,yahoo
USDJPY,2026-05-26,159.242996,0,yahoo
USDJPY,2026-05-27,159.567993,0,yahoo
USDJPY,2026-05-28,159.270004,0,yahoo
USDJPY,2026-05-31,159.352997,0,yahoo
USDJPY,2026-06-01,159.636002,0,yahoo
USDJPY,2026-06-02,159.968002,0,yahoo
USDJPY,2026-06-03,159.940002,0,yahoo
USDJPY,2026-06-04,159.990005,0,yahoo
USDJPY,2026-06-07,160.326996,0,yahoo
USDJPY,2026-06-08,160.173996,0,yahoo
USDJPY,2026-06-09,160.384003,0,yahoo
USDJPY,2026-06-10,160.526993,0,yahoo
USDJPY,2026-06-11,160.130005,0,yahoo
USDJPY,2026-06-14,159.955002,0,yahoo
USDJPY,2026-06-15,160.229004,0,yahoo
USDJPY,2026-06-16,160.419006,0,yahoo
USDJPY,2026-06-17,160.600006,0,yahoo
USDJPY,2026-06-18,161.289001,0,yahoo
USDJPY,2026-06-21,161.432999,0,yahoo
USDJPY,2026-06-22,161.570007,0,yahoo
USDJPY,2026-06-23,161.598999,0,yahoo
USDJPY,2026-06-24,161.763,0,yahoo
USDJPY,2026-06-25,161.804993,0,yahoo
USDJPY,2026-06-28,161.787003,0,yahoo
USDJPY,2026-06-29,161.923004,0,yahoo
USDJPY,2026-06-30,162.628006,0,yahoo
USDJPY,2026-07-01,162.539001,0,yahoo
USDJPY,2026-07-02,161.449005,0,yahoo
USDJPY,2026-07-05,161.451996,0,yahoo
USDJPY,2026-07-06,162.087997,0,yahoo
USDJPY,2026-07-07,162.363007,0,yahoo
USDJPY,2026-07-08,162.539001,0,yahoo
USDJPY,2026-07-09,162.363007,0,yahoo
USDJPY,2026-07-12,161.878006,0,yahoo
USDJPY,2026-07-13,162.429001,0,yahoo
USDJPY,2026-07-14,162.186996,0,yahoo
USDJPY,2026-07-15,162.072006,0,yahoo
USDJPY,2026-07-16,162.376007,0,yahoo
USDJPY,2026-07-19,162.511993,0,yahoo
USDJPY,2026-07-20,162.487,0,yahoo
USDJPY,2026-07-21,163.186005,0,yahoo
USDJPY,2026-07-22,163.080994,0,yahoo
USDJPY,2026-07-23,163.832001,0,yahoo
USDJPY,2026-07-26,163.610992,0,yahoo
USDJPY,2026-07-27,163.770996,0,yahoo
USDJPY,2026-07-28,163.863998,0,yahoo
USDJPY,2026-07-29,163.300003,0,yahoo
USDJPY,2026-07-30,160.182999,0,yahoo
USDJPY,2026-08-02,157.582001,0,yahoo
USDJPY,2026-08-03,157.529007,0,yahoo
USDJPY,2026-08-04,157.692001,0,yahoo
USDJPY,2026-08-06,157.862,0,yahoo
NVDA,2025-08-06,179.181351,137192300,yahoo
NVDA,2025-08-07,180.529556,151878400,yahoo
NVDA,2025-08-08,182.456985,123396700,yahoo
NVDA,2025-08-11,181.817841,138323200,yahoo
NVDA,2025-08-12,182.916382,145485700,yahoo
NVDA,2025-08-13,181.34845,179871700,yahoo
NVDA,2025-08-14,181.777893,129554000,yahoo
NVDA,2025-08-15,180.209976,156602200,yahoo
NVDA,2025-08-18,181.767883,132008000,yahoo
NVDA,2025-08-19,175.406372,185229200,yahoo
NVDA,2025-08-20,175.166702,215142700,yahoo
NVDA,2025-08-21,174.747253,140040900,yahoo
NVDA,2025-08-22,177.753265,172789400,yahoo
NVDA,2025-08-25,179.570816,163012800,yahoo
NVDA,2025-08-26,181.528229,168688200,yahoo
NVDA,2025-08-27,181.358459,235518900,yahoo
NVDA,2025-08-28,179.930359,281787800,yahoo
NVDA,2025-08-29,173.948318,243257900,yahoo
NVDA,2025-09-02,170.552841,231164900,yahoo
NVDA,2025-09-03,170.393051,164424900,yahoo
NVDA,2025-09-04,171.431671,141670100,yahoo
NVDA,2025-09-05,166.797867,224441400,yahoo
NVDA,2025-09-08,168.086136,163769100,yahoo
NVDA,2025-09-09,170.532867,157548400,yahoo
NVDA,2025-09-10,177.094131,226852000,yahoo
NVDA,2025-09-11,176.944336,151159300,yahoo
NVDA,2025-09-12,177.593491,124911000,yahoo
NVDA,2025-09-15,177.523575,147061600,yahoo
NVDA,2025-09-16,174.657242,140737800,yahoo
NVDA,2025-09-17,170.073074,211843800,yahoo
NVDA,2025-09-18,176.015518,191763300,yahoo
NVDA,2025-09-19,176.444946,237182100,yahoo
NVDA,2025-09-22,183.376114,269637000,yahoo
NVDA,2025-09-23,178.202713,192559600,yahoo
NVDA,2025-09-24,176.744568,143564100,yahoo
NVDA,2025-09-25,177.463669,191586700,yahoo
NVDA,2025-09-26,177.963028,148573700,yahoo
NVDA,2025-09-29,181.618378,193063500,yahoo
NVDA,2025-09-30,186.342331,236981000,yahoo
NVDA,2025-10-01,187.001495,173844900,yahoo
NVDA,2025-10-02,188.649399,136805800,yahoo
NVDA,2025-10-03,187.380997,137596900,yahoo
NVDA,2025-10-06,185.30365,157678100,yahoo
NVDA,2025-10-07,184.804291,140088000,yahoo
NVDA,2025-10-08,188.86911,130168900,yahoo
NVDA,2025-10-09,192.324707,182997200,yahoo
NVDA,2025-10-10,182.926697,268774400,yahoo
NVDA,2025-10-13,188.080124,153482800,yahoo
NVDA,2025-10-14,179.800659,205641400,yahoo
NVDA,2025-10-15,179.600937,214450500,yahoo
NVDA,2025-10-16,181.578415,179723300,yahoo
NVDA,2025-10-17,182.986618,173135200,yahoo
NVDA,2025-10-20,182.407349,128544700,yahoo
NVDA,2025-10-21,180.92923,124240200,yahoo
NVDA,2025-10-22,180.050354,162249600,yahoo
NVDA,2025-10-23,181.927963,111363700,yahoo
NVDA,2025-10-24,186.02272,131296700,yahoo
NVDA,2025-10-27,191.246078,153452700,yahoo
NVDA,2025-10-28,200.773941,297986200,yahoo
NVDA,2025-10-29,206.776276,308829600,yahoo
NVDA,2025-10-30,202.631561,178864400,yahoo
NVDA,2025-10-31,202.232071,179802200,yahoo
NVDA,2025-11-03,206.61647,180267300,yahoo
NVDA,2025-11-04,198.436905,188919300,yahoo
NVDA,2025-11-05,194.961349,171350300,yahoo
NVDA,2025-11-06,187.840424,223029800,yahoo
NVDA,2025-11-07,187.910339,264942300,yahoo
NVDA,2025-11-10,198.796463,198897100,yahoo
NVDA,2025-11-11,192.913956,176483300,yahoo
NVDA,2025-11-12,193.553146,154935300,yahoo
NVDA,2025-11-13,186.621964,207423100,yahoo
NVDA,2025-11-14,189.927765,186591900,yahoo
NVDA,2025-11-17,186.362305,173628900,yahoo
NVDA,2025-11-18,181.128983,213598900,yahoo
NVDA,2025-11-19,186.282394,247246400,yahoo
NVDA,2025-11-20,180.409897,343504800,yahoo
NVDA,2025-11-21,178.652145,346926200,yahoo
NVDA,2025-11-24,182.317474,256618300,yahoo
NVDA,2025-11-25,177.593491,320600300,yahoo
NVDA,2025-11-26,180.03038,183852000,yahoo
NVDA,2025-11-28,176.774536,121332800,yahoo
NVDA,2025-12-01,179.690826,188131000,yahoo
NVDA,2025-12-02,181.228851,182632200,yahoo
NVDA,2025-12-03,179.361237,165138000,yahoo
NVDA,2025-12-04,183.156616,167364900,yahoo
NVDA,2025-12-05,182.18779,143971100,yahoo
NVDA,2025-12-08,185.323975,204378100,yahoo
NVDA,2025-12-09,184.744675,144719700,yahoo
NVDA,2025-12-10,183.556122,162785400,yahoo
NVDA,2025-12-11,180.709579,182136600,yahoo
NVDA,2025-12-12,174.806793,204274900,yahoo
NVDA,2025-12-15,176.075241,164775600,yahoo
NVDA,2025-12-16,177.50351,148588100,yahoo
NVDA,2025-12-17,170.731766,222775500,yahoo
NVDA,2025-12-18,173.927856,176096000,yahoo
NVDA,2025-12-19,180.769516,324925900,yahoo
NVDA,2025-12-22,183.466232,129064400,yahoo
NVDA,2025-12-23,188.979507,174873600,yahoo
NVDA,2025-12-24,188.380234,65528500,yahoo
NVDA,2025-12-26,190.297897,139740300,yahoo
NVDA,2025-12-29,187.990707,120006100,yahoo
NVDA,2025-12-30,187.311539,97687300,yahoo
NVDA,2025-12-31,186.272812,120100500,yahoo
NVDA,2026-01-02,188.619949,148240500,yahoo
NVDA,2026-01-05,187.890839,183529700,yahoo
NVDA,2026-01-06,187.011917,176862600,yahoo
NVDA,2026-01-07,188.879623,153543200,yahoo
NVDA,2026-01-08,184.81459,172457000,yahoo
NVDA,2026-01-09,184.634796,131327500,yahoo
NVDA,2026-01-12,184.714706,137968500,yahoo
NVDA,2026-01-13,185.583649,160128900,yahoo
NVDA,2026-01-14,182.916885,159586100,yahoo
NVDA,2026-01-15,186.822144,206188600,yahoo
NVDA,2026-01-16,186.003128,187967200,yahoo
NVDA,2026-01-20,177.853073,223345300,yahoo
NVDA,2026-01-21,183.096695,200381000,yahoo
NVDA,2026-01-22,184.614822,139636600,yahoo
NVDA,2026-01-23,187.441376,142748100,yahoo
NVDA,2026-01-26,186.242844,124799600,yahoo
NVDA,2026-01-27,188.290344,143711600,yahoo
NVDA,2026-01-28,191.286697,148552700,yahoo
NVDA,2026-01-29,192.275482,171764400,yahoo
NVDA,2026-01-30,190.897171,179489500,yahoo
NVDA,2026-02-02,185.383896,165794100,yahoo
NVDA,2026-02-03,180.1203,204019600,yahoo
NVDA,2026-02-04,173.977798,207014100,yahoo
NVDA,2026-02-05,171.670609,206312900,yahoo
NVDA,2026-02-06,185.184128,231346200,yahoo
NVDA,2026-02-09,189.808487,196387400,yahoo
NVDA,2026-02-10,188.310318,136764800,yahoo
NVDA,2026-02-11,189.818481,144192700,yahoo
NVDA,2026-02-12,186.71228,189932500,yahoo
NVDA,2026-02-13,182.587311,161888000,yahoo
NVDA,2026-02-17,184.744675,162276900,yahoo
NVDA,2026-02-18,187.750992,164749100,yahoo
NVDA,2026-02-19,187.671097,126554500,yahoo
NVDA,2026-02-20,189.588776,178422300,yahoo
NVDA,2026-02-23,191.316666,171584800,yahoo
NVDA,2026-02-24,192.615082,175123600,yahoo
NVDA,2026-02-25,195.321762,250637100,yahoo
NVDA,2026-02-26,184.664764,360807900,yahoo
NVDA,2026-02-27,176.974152,311636500,yahoo
NVDA,2026-03-02,182.257706,209095300,yahoo
NVDA,2026-03-03,179.830658,178099400,yahoo
NVDA,2026-03-04,182.817017,177731200,yahoo
NVDA,2026-03-05,183.116653,198779700,yahoo
NVDA,2026-03-06,177.603378,189021900,yahoo
NVDA,2026-03-09,182.42749,177213600,yahoo
NVDA,2026-03-10,184.544922,179118500,yahoo
NVDA,2026-03-11,185.813431,145280400,yahoo
NVDA,2026-03-12,182.926804,155762700,yahoo
NVDA,2026-03-13,180.040161,160988400,yahoo
NVDA,2026-03-16,183.006714,217307400,yahoo
NVDA,2026-03-17,181.718201,182497800,yahoo
NVDA,2026-03-18,180.189987,156683100,yahoo
NVDA,2026-03-19,178.352127,170968500,yahoo
NVDA,2026-03-20,172.498947,241323500,yahoo
NVDA,2026-03-23,175.435532,182836300,yahoo
NVDA,2026-03-24,174.996033,147667800,yahoo
NVDA,2026-03-25,178.471985,162602100,yahoo
NVDA,2026-03-26,171.040665,186152200,yahoo
NVDA,2026-03-27,167.324982,196212700,yahoo
NVDA,2026-03-30,164.977722,185627000,yahoo
NVDA,2026-03-31,174.196976,226181300,yahoo
NVDA,2026-04-01,175.54541,168132000,yahoo
NVDA,2026-04-02,177.183487,143143200,yahoo
NVDA,2026-04-06,177.433197,107564300,yahoo
NVDA,2026-04-07,177.89267,132534900,yahoo
NVDA,2026-04-08,181.868042,147732700,yahoo
NVDA,2026-04-09,183.695908,116428500,yahoo
NVDA,2026-04-10,188.410416,160459500,yahoo
NVDA,2026-04-13,189.089615,133648200,yahoo
NVDA,2026-04-14,196.281235,161307000,yahoo
NVDA,2026-04-15,198.638489,185338400,yahoo
NVDA,2026-04-16,198.119095,134012900,yahoo
NVDA,2026-04-17,201.445206,160324400,yahoo
NVDA,2026-04-20,201.824768,119381400,yahoo
NVDA,2026-04-21,199.647324,107945300,yahoo
NVDA,2026-04-22,202.264267,107501000,yahoo
NVDA,2026-04-23,199.407593,113561800,yahoo
NVDA,2026-04-24,208.027542,214134400,yahoo
NVDA,2026-04-27,216.357834,187172400,yahoo
NVDA,2026-04-28,212.921844,180275400,yahoo
NVDA,2026-04-29,209.006409,123711800,yahoo
NVDA,2026-04-30,199.337677,225239200,yahoo
NVDA,2026-05-01,198.218979,128647000,yahoo
NVDA,2026-05-04,198.248932,125368100,yahoo
NVDA,2026-05-05,196.27124,113406600,yahoo
NVDA,2026-05-06,207.588058,188362800,yahoo
NVDA,2026-05-07,211.253784,168307900,yahoo
NVDA,2026-05-08,214.949478,136421400,yahoo
NVDA,2026-05-11,219.18454,160685800,yahoo
NVDA,2026-05-12,220.52298,159176600,yahoo
NVDA,2026-05-13,225.567108,150405400,yahoo
NVDA,2026-05-14,235.465576,180782900,yahoo
NVDA,2026-05-15,225.057709,180977600,yahoo
NVDA,2026-05-18,222.061203,146280900,yahoo
NVDA,2026-05-19,220.35318,140948200,yahoo
NVDA,2026-05-20,223.209854,184201600,yahoo
NVDA,2026-05-21,219.254456,203381800,yahoo
NVDA,2026-05-22,215.07933,169275700,yahoo
NVDA,2026-05-26,214.609879,187202600,yahoo
NVDA,2026-05-27,212.352509,167601200,yahoo
NVDA,2026-05-28,214.00058,143996000,yahoo
NVDA,2026-05-29,210.894211,289410600,yahoo
NVDA,2026-06-01,224.098816,212850700,yahoo
NVDA,2026-06-02,222.560608,193362900,yahoo
NVDA,2026-06-03,214.5,160907000,yahoo
NVDA,2026-06-04,218.660004,169022200,yahoo
NVDA,2026-06-05,205.100006,219655500,yahoo
NVDA,2026-06-08,208.639999,138372800,yahoo
NVDA,2026-06-09,208.190002,180962500,yahoo
NVDA,2026-06-10,200.419998,161746600,yahoo
NVDA,2026-06-11,204.869995,158643200,yahoo
NVDA,2026-06-12,205.190002,112001800,yahoo
NVDA,2026-06-15,212.449997,149936700,yahoo
NVDA,2026-06-16,207.410004,125694100,yahoo
NVDA,2026-06-17,204.649994,128363500,yahoo
NVDA,2026-06-18,210.690002,241272000,yahoo
NVDA,2026-06-22,208.649994,122041400,yahoo
NVDA,2026-06-23,200.039993,153496200,yahoo
NVDA,2026-06-24,199.0,151810700,yahoo
NVDA,2026-06-25,195.740005,149550000,yahoo
NVDA,2026-06-26,192.529999,179304100,yahoo
NVDA,2026-06-29,194.970001,148835700,yahoo
NVDA,2026-06-30,200.089996,166476700,yahoo
NVDA,2026-07-01,197.580002,146147600,yahoo
NVDA,2026-07-02,194.830002,142068700,yahoo
NVDA,2026-07-06,195.550003,108999000,yahoo
NVDA,2026-07-07,196.929993,124154600,yahoo
NVDA,2026-07-08,204.119995,147419100,yahoo
NVDA,2026-07-09,202.779999,132037400,yahoo
NVDA,2026-07-10,210.960007,148421000,yahoo
NVDA,2026-07-13,203.529999,121411000,yahoo
NVDA,2026-07-14,211.800003,124379600,yahoo
NVDA,2026-07-15,212.5,124797200,yahoo
NVDA,2026-07-16,207.399994,122986100,yahoo
NVDA,2026-07-17,202.809998,144281900,yahoo
NVDA,2026-07-20,203.279999,88701500,yahoo
NVDA,2026-07-21,207.289993,108685600,yahoo
NVDA,2026-07-22,212.059998,137645600,yahoo
NVDA,2026-07-23,208.759995,110505300,yahoo
NVDA,2026-07-24,206.839996,114836800,yahoo
NVDA,2026-07-27,196.509995,154353700,yahoo
NVDA,2026-07-28,197.009995,134111500,yahoo
NVDA,2026-07-29,190.009995,147680800,yahoo
NVDA,2026-07-30,195.039993,129010200,yahoo
NVDA,2026-07-31,200.75,139961200,yahoo
NVDA,2026-08-03,206.639999,128406900,yahoo
NVDA,2026-08-04,211.940002,134922000,yahoo
NVDA,2026-08-05,219.220001,157555300,yahoo
AVGO,2025-08-06,299.475708,17392100,yahoo
AVGO,2025-08-07,301.550507,16319400,yahoo
AVGO,2025-08-08,302.751709,12458700,yahoo
AVGO,2025-08-11,301.689484,12396400,yahoo
AVGO,2025-08-12,310.554504,17609600,yahoo
AVGO,2025-08-13,306.841705,17371200,yahoo
AVGO,2025-08-14,308.966187,15717600,yahoo
AVGO,2025-08-15,304.111755,22806900,yahoo
AVGO,2025-08-18,303.53598,14724700,yahoo
AVGO,2025-08-19,292.764893,20149600,yahoo
AVGO,2025-08-20,289.052094,23600500,yahoo
AVGO,2025-08-21,287.4935,14946300,yahoo
AVGO,2025-08-22,291.861481,16301300,yahoo
AVGO,2025-08-25,292.089813,15124700,yahoo
AVGO,2025-08-26,295.842316,25689100,yahoo
AVGO,2025-08-27,298.06604,13830300,yahoo
AVGO,2025-08-28,306.404907,18907100,yahoo
AVGO,2025-08-29,295.226868,21610700,yahoo
AVGO,2025-09-02,296.070679,19693000,yahoo
AVGO,2025-09-03,300.190491,18529400,yahoo
AVGO,2025-09-04,303.873505,31220800,yahoo
AVGO,2025-09-05,332.454071,78401600,yahoo
AVGO,2025-09-08,343.135803,43535600,yahoo
AVGO,2025-09-09,334.221161,26972300,yahoo
AVGO,2025-09-10,366.881836,51086800,yahoo
AVGO,2025-09-11,357.01416,29430900,yahoo
AVGO,2025-09-12,357.25238,31949800,yahoo
AVGO,2025-09-15,361.441681,21792200,yahoo
AVGO,2025-09-16,357.381409,21306500,yahoo
AVGO,2025-09-17,343.652008,45197100,yahoo
AVGO,2025-09-18,342.838013,24663900,yahoo
AVGO,2025-09-19,342.430969,41240100,yahoo
AVGO,2025-09-22,336.901947,28660000,yahoo
AVGO,2025-09-23,337.051117,21944100,yahoo
AVGO,2025-09-24,337.419067,19677300,yahoo
AVGO,2025-09-25,334.226929,21678200,yahoo
AVGO,2025-09-26,332.66568,15464700,yahoo
AVGO,2025-09-29,326.072662,21336000,yahoo
AVGO,2025-09-30,328.071442,20109500,yahoo
AVGO,2025-10-01,331.532043,21122700,yahoo
AVGO,2025-10-02,336.295349,19917600,yahoo
AVGO,2025-10-03,336.484283,14749100,yahoo
AVGO,2025-10-06,333.620361,18465700,yahoo
AVGO,2025-10-07,334.535217,18086700,yahoo
AVGO,2025-10-08,343.574524,21478300,yahoo
AVGO,2025-10-09,343.097198,17643700,yahoo
AVGO,2025-10-10,322.820862,28941000,yahoo
AVGO,2025-10-13,354.712158,45984300,yahoo
AVGO,2025-10-14,342.212189,22078000,yahoo
AVGO,2025-10-15,349.37204,23918500,yahoo
AVGO,2025-10-16,352.176331,20317200,yahoo
AVGO,2025-10-17,347.383209,20937900,yahoo
AVGO,2025-10-20,347.293701,15640200,yahoo
AVGO,2025-10-21,340.750397,16092600,yahoo
AVGO,2025-10-22,338.403534,19268800,yahoo
AVGO,2025-10-23,342.371307,12859200,yahoo
AVGO,2025-10-24,352.156464,16143700,yahoo
AVGO,2025-10-27,360.032318,20065800,yahoo
AVGO,2025-10-28,370.891479,21056000,yahoo
AVGO,2025-10-29,383.828979,24975200,yahoo
AVGO,2025-10-30,374.371979,24295300,yahoo
AVGO,2025-10-31,367.570068,21598400,yahoo
AVGO,2025-11-03,360.52951,17198900,yahoo
AVGO,2025-11-04,349.978668,24047500,yahoo
AVGO,2025-11-05,356.979462,17087600,yahoo
AVGO,2025-11-06,353.608337,19896900,yahoo
AVGO,2025-11-07,347.482635,21903200,yahoo
AVGO,2025-11-10,356.392731,16409000,yahoo
AVGO,2025-11-11,349.998566,16446800,yahoo
AVGO,2025-11-12,353.240387,12190500,yahoo
AVGO,2025-11-13,338.085358,22616600,yahoo
AVGO,2025-11-14,340.551483,18500800,yahoo
AVGO,2025-11-17,340.740448,14799600,yahoo
AVGO,2025-11-18,338.602417,21726800,yahoo
AVGO,2025-11-19,352.444855,21851900,yahoo
AVGO,2025-11-20,344.887207,28867000,yahoo
AVGO,2025-11-21,338.304108,30280300,yahoo
AVGO,2025-11-24,375.853668,47262400,yahoo
AVGO,2025-11-25,382.884247,33507600,yahoo
AVGO,2025-11-26,395.35437,28693000,yahoo
AVGO,2025-11-28,400.714355,13365500,yahoo
AVGO,2025-12-01,383.928406,23252000,yahoo
AVGO,2025-12-02,379.443542,22207000,yahoo
AVGO,2025-12-03,378.488892,21336400,yahoo
AVGO,2025-12-04,378.906555,15845900,yahoo
AVGO,2025-12-05,388.065216,24779900,yahoo
AVGO,2025-12-08,398.864716,30410600,yahoo
AVGO,2025-12-09,404.025787,24546000,yahoo
AVGO,2025-12-10,410.668579,31531000,yahoo
AVGO,2025-12-11,404.105347,45681600,yahoo
AVGO,2025-12-12,357.924133,95588500,yahoo
AVGO,2025-12-15,337.916229,65894900,yahoo
AVGO,2025-12-16,339.397949,58061100,yahoo
AVGO,2025-12-17,324.203094,73300900,yahoo
AVGO,2025-12-18,328.041626,54501900,yahoo
AVGO,2025-12-19,338.463196,159095200,yahoo
AVGO,2025-12-22,340.196838,28739600,yahoo
AVGO,2025-12-23,348.037933,28232600,yahoo
AVGO,2025-12-24,348.934631,11424400,yahoo
AVGO,2025-12-26,350.837616,15028100,yahoo
AVGO,2025-12-29,348.107697,21946900,yahoo
AVGO,2025-12-30,348.565979,16633600,yahoo
AVGO,2025-12-31,344.829742,15346100,yahoo
AVGO,2026-01-02,346.344147,25398600,yahoo
AVGO,2026-01-05,342.159607,31136000,yahoo
AVGO,2026-01-06,342.508301,27135500,yahoo
AVGO,2026-01-07,342.239288,20249300,yahoo
AVGO,2026-01-08,331.259735,24385200,yahoo
AVGO,2026-01-09,343.703918,22482500,yahoo
AVGO,2026-01-12,350.917328,20949600,yahoo
AVGO,2026-01-13,353.308502,18308000,yahoo
AVGO,2026-01-14,338.642578,30094700,yahoo
AVGO,2026-01-15,341.761047,22218800,yahoo
AVGO,2026-01-16,350.419159,31291200,yahoo
AVGO,2026-01-20,331.379303,32293900,yahoo
AVGO,2026-01-21,327.593231,32006600,yahoo
AVGO,2026-01-22,324.29538,24275400,yahoo
AVGO,2026-01-23,318.875336,30259500,yahoo
AVGO,2026-01-26,323.657745,25006400,yahoo
AVGO,2026-01-27,331.568604,25537600,yahoo
AVGO,2026-01-28,332.016937,23001700,yahoo
AVGO,2026-01-29,329.516174,20447500,yahoo
AVGO,2026-01-30,330.084076,28313000,yahoo
AVGO,2026-02-02,329.894745,17278200,yahoo
AVGO,2026-02-03,319.154327,36914800,yahoo
AVGO,2026-02-04,306.919373,43330300,yahoo
AVGO,2026-02-05,309.370392,42775800,yahoo
AVGO,2026-02-06,331.698151,33003400,yahoo
AVGO,2026-02-09,342.677673,30091000,yahoo
AVGO,2026-02-10,339.190521,19542700,yahoo
AVGO,2026-02-11,341.502014,17004700,yahoo
AVGO,2026-02-12,329.954559,22007300,yahoo
AVGO,2026-02-13,323.976593,18397200,yahoo
AVGO,2026-02-17,331.319519,23469700,yahoo
AVGO,2026-02-18,332.28595,13565300,yahoo
AVGO,2026-02-19,332.764191,15180900,yahoo
AVGO,2026-02-20,331.429108,17658900,yahoo
AVGO,2026-02-23,329.127594,16472400,yahoo
AVGO,2026-02-24,324.29538,23614400,yahoo
AVGO,2026-02-25,331.090363,20182300,yahoo
AVGO,2026-02-26,320.519318,33025300,yahoo
AVGO,2026-02-27,318.377197,28004200,yahoo
AVGO,2026-03-02,317.649872,20567200,yahoo
AVGO,2026-03-03,312.688171,20826200,yahoo
AVGO,2026-03-04,316.364624,34895800,yahoo
AVGO,2026-03-05,331.548645,57076600,yahoo
AVGO,2026-03-06,329.26709,39152200,yahoo
AVGO,2026-03-09,344.481018,40605800,yahoo
AVGO,2026-03-10,341.322632,29531700,yahoo
AVGO,2026-03-11,340.316376,20104100,yahoo
AVGO,2026-03-12,334.736938,21982700,yahoo
AVGO,2026-03-13,320.977631,34725000,yahoo
AVGO,2026-03-16,323.727509,31363100,yahoo
AVGO,2026-03-17,320.130737,38026500,yahoo
AVGO,2026-03-18,314.770447,25460600,yahoo
AVGO,2026-03-19,318.666138,23524800,yahoo
AVGO,2026-03-20,309.370392,43325900,yahoo
AVGO,2026-03-23,322.000397,27369200,yahoo
AVGO,2026-03-24,317.787048,19799000,yahoo
AVGO,2026-03-25,318.306213,19900000,yahoo
AVGO,2026-03-26,308.931061,20343700,yahoo
AVGO,2026-03-27,300.204865,23593900,yahoo
AVGO,2026-03-30,292.94635,28054500,yahoo
AVGO,2026-03-31,309.020935,29289500,yahoo
AVGO,2026-04-01,312.994629,19171000,yahoo
AVGO,2026-04-02,314.052948,14021100,yahoo
AVGO,2026-04-06,313.933136,12111300,yahoo
AVGO,2026-04-07,333.442261,33310900,yahoo
AVGO,2026-04-08,350.075958,31573100,yahoo
AVGO,2026-04-09,354.349182,20514900,yahoo
AVGO,2026-04-10,370.96286,29958100,yahoo
AVGO,2026-04-13,379.149933,24115800,yahoo
AVGO,2026-04-14,380.178284,24423000,yahoo
AVGO,2026-04-15,396.093109,29559300,yahoo
AVGO,2026-04-16,397.840363,18872900,yahoo
AVGO,2026-04-17,405.897614,20581700,yahoo
AVGO,2026-04-20,398.998505,16922000,yahoo
AVGO,2026-04-21,401.534515,16275500,yahoo
AVGO,2026-04-22,421.982117,23702500,yahoo
AVGO,2026-04-23,419.276428,19501600,yahoo
AVGO,2026-04-24,422.09198,22491100,yahoo
AVGO,2026-04-27,417.539185,17451600,yahoo
AVGO,2026-04-28,399.198181,25519200,yahoo
AVGO,2026-04-29,404.809326,15962500,yahoo
AVGO,2026-04-30,416.770386,21821600,yahoo
AVGO,2026-05-01,420.614288,11882600,yahoo
AVGO,2026-05-04,415.841858,15140400,yahoo
AVGO,2026-05-05,426.684692,21175200,yahoo
AVGO,2026-05-06,424.767731,20707000,yahoo
AVGO,2026-05-07,411.908081,22791700,yahoo
AVGO,2026-05-08,429.320526,22561400,yahoo
AVGO,2026-05-11,427.752991,16825500,yahoo
AVGO,2026-05-12,418.637421,19004300,yahoo
AVGO,2026-05-13,416.131409,16981200,yahoo
AVGO,2026-05-14,439.095062,19733800,yahoo
AVGO,2026-05-15,424.518127,18957100,yahoo
AVGO,2026-05-18,420.045197,17863300,yahoo
AVGO,2026-05-19,410.420441,20652100,yahoo
AVGO,2026-05-20,417.099884,16312600,yahoo
AVGO,2026-05-21,413.914917,16865300,yahoo
AVGO,2026-05-22,413.485596,14086400,yahoo
AVGO,2026-05-26,421.34317,22562900,yahoo
AVGO,2026-05-27,421.193359,17601000,yahoo
AVGO,2026-05-28,425.905914,17855600,yahoo
AVGO,2026-05-29,446.064026,41798400,yahoo
AVGO,2026-06-01,459.243164,30586000,yahoo
AVGO,2026-06-02,480.809052,38306700,yahoo
AVGO,2026-06-03,478.472748,50126400,yahoo
AVGO,2026-06-04,418.248047,80979400,yahoo
AVGO,2026-06-05,385.120483,51146100,yahoo
AVGO,2026-06-08,395.973297,37099000,yahoo
AVGO,2026-06-09,391.540314,37026900,yahoo
AVGO,2026-06-10,371.512024,38193500,yahoo
AVGO,2026-06-11,384.960724,35187600,yahoo
AVGO,2026-06-12,381.466278,27600900,yahoo
AVGO,2026-06-15,393.317505,32394200,yahoo
AVGO,2026-06-16,376.114716,31573700,yahoo
AVGO,2026-06-17,392.279144,40005500,yahoo
AVGO,2026-06-18,410.700012,45076100,yahoo
AVGO,2026-06-22,392.130005,26403700,yahoo
AVGO,2026-06-23,380.149994,33122200,yahoo
AVGO,2026-06-24,382.070007,29938700,yahoo
AVGO,2026-06-25,378.910004,23353700,yahoo
AVGO,2026-06-26,365.019989,34839300,yahoo
AVGO,2026-06-29,372.450012,24285200,yahoo
AVGO,2026-06-30,377.75,28517400,yahoo
AVGO,2026-07-01,369.339996,23712600,yahoo
AVGO,2026-07-02,360.450012,26749500,yahoo
AVGO,2026-07-06,373.899994,24544000,yahoo
AVGO,2026-07-07,370.779999,24116700,yahoo
AVGO,2026-07-08,388.690002,31624100,yahoo
AVGO,2026-07-09,401.109985,28074000,yahoo
AVGO,2026-07-10,399.970001,14595900,yahoo
AVGO,2026-07-13,384.049988,21294500,yahoo
AVGO,2026-07-14,389.109985,20118700,yahoo
AVGO,2026-07-15,394.279999,16324100,yahoo
AVGO,2026-07-16,374.450012,23407200,yahoo
AVGO,2026-07-17,370.829987,23272200,yahoo
AVGO,2026-07-20,378.160004,14420500,yahoo
AVGO,2026-07-21,386.5,17291100,yahoo
AVGO,2026-07-22,396.809998,16966200,yahoo
AVGO,2026-07-23,392.470001,16348700,yahoo
AVGO,2026-07-24,381.920013,15149400,yahoo
AVGO,2026-07-27,383.220001,18502100,yahoo
AVGO,2026-07-28,380.910004,20328400,yahoo
AVGO,2026-07-29,370.320007,21374400,yahoo
AVGO,2026-07-30,387.839996,23639800,yahoo
AVGO,2026-07-31,389.279999,20391000,yahoo
AVGO,2026-08-03,392.230011,17315100,yahoo
AVGO,2026-08-04,418.160004,29564200,yahoo
AVGO,2026-08-05,418.279999,16786900,yahoo
AMD,2025-08-06,163.119995,133641800,yahoo
AMD,2025-08-07,172.399994,95448300,yahoo
AMD,2025-08-08,172.759995,68866700,yahoo
AMD,2025-08-11,172.279999,70651000,yahoo
AMD,2025-08-12,174.949997,52243500,yahoo
AMD,2025-08-13,184.419998,108305100,yahoo
AMD,2025-08-14,180.949997,66308800,yahoo
AMD,2025-08-15,177.509995,51543100,yahoo
AMD,2025-08-18,176.139999,35937500,yahoo
AMD,2025-08-19,166.550003,64455000,yahoo
AMD,2025-08-20,165.199997,60233200,yahoo
AMD,2025-08-21,163.710007,37880500,yahoo
AMD,2025-08-22,167.759995,43998600,yahoo
AMD,2025-08-25,163.360001,36134700,yahoo
AMD,2025-08-26,166.619995,52138600,yahoo
AMD,2025-08-27,167.130005,37031000,yahoo
AMD,2025-08-28,168.580002,36285200,yahoo
AMD,2025-08-29,162.630005,37516800,yahoo
AMD,2025-09-02,162.320007,38656100,yahoo
AMD,2025-09-03,162.130005,30752800,yahoo
AMD,2025-09-04,161.789993,32103500,yahoo
AMD,2025-09-05,151.139999,78256000,yahoo
AMD,2025-09-08,151.410004,41849000,yahoo
AMD,2025-09-09,155.820007,42802500,yahoo
AMD,2025-09-10,159.539993,52465300,yahoo
AMD,2025-09-11,155.669998,48817700,yahoo
AMD,2025-09-12,158.570007,42232800,yahoo
AMD,2025-09-15,161.160004,36808700,yahoo
AMD,2025-09-16,160.460007,27946500,yahoo
AMD,2025-09-17,159.160004,41823800,yahoo
AMD,2025-09-18,157.919998,84549500,yahoo
AMD,2025-09-19,157.389999,55448100,yahoo
AMD,2025-09-22,159.789993,46505500,yahoo
AMD,2025-09-23,160.899994,39448300,yahoo
AMD,2025-09-24,160.880005,38464100,yahoo
AMD,2025-09-25,161.270004,36809900,yahoo
AMD,2025-09-26,159.460007,30316900,yahoo
AMD,2025-09-29,161.360001,39828800,yahoo
AMD,2025-09-30,161.789993,29669300,yahoo
AMD,2025-10-01,164.009995,39895200,yahoo
AMD,2025-10-02,169.729996,55475200,yahoo
AMD,2025-10-03,164.669998,42699100,yahoo
AMD,2025-10-06,203.710007,248859600,yahoo
AMD,2025-10-07,211.509995,115748100,yahoo
AMD,2025-10-08,235.559998,159983500,yahoo
AMD,2025-10-09,232.889999,94290700,yahoo
AMD,2025-10-10,214.899994,118656600,yahoo
AMD,2025-10-13,216.419998,63104000,yahoo
AMD,2025-10-14,218.089996,71216300,yahoo
AMD,2025-10-15,238.600006,108481000,yahoo
AMD,2025-10-16,234.559998,69726400,yahoo
AMD,2025-10-17,233.080002,55804200,yahoo
AMD,2025-10-20,240.559998,56741700,yahoo
AMD,2025-10-21,238.029999,47122400,yahoo
AMD,2025-10-22,230.229996,59668800,yahoo
AMD,2025-10-23,234.990005,39024400,yahoo
AMD,2025-10-24,252.919998,71221100,yahoo
AMD,2025-10-27,259.670013,65613100,yahoo
AMD,2025-10-28,258.01001,47448700,yahoo
AMD,2025-10-29,264.329987,49335600,yahoo
AMD,2025-10-30,254.839996,45162500,yahoo
AMD,2025-10-31,256.119995,34449200,yahoo
AMD,2025-11-03,259.649994,36351400,yahoo
AMD,2025-11-04,250.050003,56491800,yahoo
AMD,2025-11-05,256.329987,67366600,yahoo
AMD,2025-11-06,237.699997,66049700,yahoo
AMD,2025-11-07,233.539993,52162600,yahoo
AMD,2025-11-10,243.979996,43361600,yahoo
AMD,2025-11-11,237.520004,61336800,yahoo
AMD,2025-11-12,258.890015,108942000,yahoo
AMD,2025-11-13,247.960007,63178600,yahoo
AMD,2025-11-14,246.809998,47655600,yahoo
AMD,2025-11-17,240.520004,37942200,yahoo
AMD,2025-11-18,230.289993,45619900,yahoo
AMD,2025-11-19,223.550003,52093400,yahoo
AMD,2025-11-20,206.020004,66342900,yahoo
AMD,2025-11-21,203.779999,67421100,yahoo
AMD,2025-11-24,215.050003,46749600,yahoo
AMD,2025-11-25,206.130005,69773500,yahoo
AMD,2025-11-26,214.240005,43270200,yahoo
AMD,2025-11-28,217.529999,18658000,yahoo
AMD,2025-12-01,219.759995,30768700,yahoo
AMD,2025-12-02,215.240005,42002500,yahoo
AMD,2025-12-03,217.600006,28545200,yahoo
AMD,2025-12-04,215.979996,24478200,yahoo
AMD,2025-12-05,217.970001,33292400,yahoo
AMD,2025-12-08,221.110001,30943200,yahoo
AMD,2025-12-09,221.619995,25166100,yahoo
AMD,2025-12-10,221.419998,23279400,yahoo
AMD,2025-12-11,221.429993,30694600,yahoo
AMD,2025-12-12,210.779999,37073900,yahoo
AMD,2025-12-15,207.580002,27222200,yahoo
AMD,2025-12-16,209.169998,23467600,yahoo
AMD,2025-12-17,198.110001,31595400,yahoo
AMD,2025-12-18,201.059998,29720100,yahoo
AMD,2025-12-19,213.429993,58445500,yahoo
AMD,2025-12-22,214.949997,24950700,yahoo
AMD,2025-12-23,214.899994,20272300,yahoo
AMD,2025-12-24,215.039993,7956800,yahoo
AMD,2025-12-26,214.990005,15792600,yahoo
AMD,2025-12-29,215.610001,20326900,yahoo
AMD,2025-12-30,215.339996,16409600,yahoo
AMD,2025-12-31,214.160004,17591600,yahoo
AMD,2026-01-02,223.470001,36446200,yahoo
AMD,2026-01-05,221.080002,31941100,yahoo
AMD,2026-01-06,214.350006,40033200,yahoo
AMD,2026-01-07,210.020004,29715500,yahoo
AMD,2026-01-08,204.679993,27505000,yahoo
AMD,2026-01-09,203.169998,24217300,yahoo
AMD,2026-01-12,207.690002,27287300,yahoo
AMD,2026-01-13,220.970001,56894900,yahoo
AMD,2026-01-14,223.600006,40466500,yahoo
AMD,2026-01-15,227.919998,55270200,yahoo
AMD,2026-01-16,231.830002,42545600,yahoo
AMD,2026-01-20,231.919998,44327700,yahoo
AMD,2026-01-21,249.800003,62385600,yahoo
AMD,2026-01-22,253.729996,37945000,yahoo
AMD,2026-01-23,259.679993,47525900,yahoo
AMD,2026-01-26,251.309998,30672500,yahoo
AMD,2026-01-27,252.029999,25691600,yahoo
AMD,2026-01-28,252.740005,27061200,yahoo
AMD,2026-01-29,252.179993,31685200,yahoo
AMD,2026-01-30,236.729996,40035700,yahoo
AMD,2026-02-02,246.270004,36308100,yahoo
AMD,2026-02-03,242.110001,53097100,yahoo
AMD,2026-02-04,200.190002,107173300,yahoo
AMD,2026-02-05,192.5,62196400,yahoo
AMD,2026-02-06,208.440002,54504500,yahoo
AMD,2026-02-09,216.0,38810800,yahoo
AMD,2026-02-10,213.570007,25326700,yahoo
AMD,2026-02-11,213.580002,33384700,yahoo
AMD,2026-02-12,205.940002,32181000,yahoo
AMD,2026-02-13,207.320007,26123900,yahoo
AMD,2026-02-17,203.080002,33712100,yahoo
AMD,2026-02-18,200.119995,35664100,yahoo
AMD,2026-02-19,203.369995,25842300,yahoo
AMD,2026-02-20,200.149994,36317300,yahoo
AMD,2026-02-23,196.600006,28187900,yahoo
AMD,2026-02-24,213.839996,81367000,yahoo
AMD,2026-02-25,210.860001,44588100,yahoo
AMD,2026-02-26,203.679993,35020500,yahoo
AMD,2026-02-27,200.210007,31312400,yahoo
AMD,2026-03-02,198.619995,34120200,yahoo
AMD,2026-03-03,190.949997,37785700,yahoo
AMD,2026-03-04,202.070007,40912600,yahoo
AMD,2026-03-05,199.449997,36000700,yahoo
AMD,2026-03-06,192.429993,33913800,yahoo
AMD,2026-03-09,202.679993,38877200,yahoo
AMD,2026-03-10,203.229996,29139200,yahoo
AMD,2026-03-11,204.830002,23076400,yahoo
AMD,2026-03-12,197.740005,28886900,yahoo
AMD,2026-03-13,193.389999,27561900,yahoo
AMD,2026-03-16,196.580002,30285200,yahoo
AMD,2026-03-17,196.309998,22779700,yahoo
AMD,2026-03-18,199.460007,28569100,yahoo
AMD,2026-03-19,205.270004,32245300,yahoo
AMD,2026-03-20,201.330002,37265100,yahoo
AMD,2026-03-23,202.679993,31857800,yahoo
AMD,2026-03-24,205.369995,27258800,yahoo
AMD,2026-03-25,220.270004,48518300,yahoo
AMD,2026-03-26,203.770004,49213000,yahoo
AMD,2026-03-27,201.990005,29206600,yahoo
AMD,2026-03-30,196.039993,41053300,yahoo
AMD,2026-03-31,203.429993,42318700,yahoo
AMD,2026-04-01,210.210007,40835800,yahoo
AMD,2026-04-02,217.5,38463500,yahoo
AMD,2026-04-06,220.179993,30786400,yahoo
AMD,2026-04-07,221.529999,26483000,yahoo
AMD,2026-04-08,231.820007,35496400,yahoo
AMD,2026-04-09,236.639999,27126200,yahoo
AMD,2026-04-10,245.039993,36477200,yahoo
AMD,2026-04-13,246.830002,22781800,yahoo
AMD,2026-04-14,255.070007,25733200,yahoo
AMD,2026-04-15,258.119995,24695200,yahoo
AMD,2026-04-16,278.26001,64850800,yahoo
AMD,2026-04-17,278.390015,35519900,yahoo
AMD,2026-04-20,274.950012,34833900,yahoo
AMD,2026-04-21,284.48999,38950900,yahoo
AMD,2026-04-22,303.459991,49054200,yahoo
AMD,2026-04-23,305.329987,45619700,yahoo
AMD,2026-04-24,347.809998,81616700,yahoo
AMD,2026-04-27,334.630005,50585300,yahoo
AMD,2026-04-28,323.209991,43002500,yahoo
AMD,2026-04-29,337.109985,44704400,yahoo
AMD,2026-04-30,354.48999,42115300,yahoo
AMD,2026-05-01,360.540009,34279200,yahoo
AMD,2026-05-04,341.540009,42000200,yahoo
AMD,2026-05-05,355.26001,64235100,yahoo
AMD,2026-05-06,421.390015,87732200,yahoo
AMD,2026-05-07,408.459991,44885500,yahoo
AMD,2026-05-08,455.190002,58134900,yahoo
AMD,2026-05-11,458.790009,46085400,yahoo
AMD,2026-05-12,448.290009,39140100,yahoo
AMD,2026-05-13,445.5,30423400,yahoo
AMD,2026-05-14,449.700012,26113600,yahoo
AMD,2026-05-15,424.100006,29131600,yahoo
AMD,2026-05-18,420.98999,28432100,yahoo
AMD,2026-05-19,414.049988,38756900,yahoo
AMD,2026-05-20,447.579987,36137500,yahoo
AMD,2026-05-21,449.589996,27252000,yahoo
AMD,2026-05-22,467.51001,34758600,yahoo
AMD,2026-05-26,503.890015,38473800,yahoo
AMD,2026-05-27,495.540009,27589300,yahoo
AMD,2026-05-28,518.090027,31438500,yahoo
AMD,2026-05-29,516.099976,30803200,yahoo
AMD,2026-06-01,510.130005,33309200,yahoo
AMD,2026-06-02,521.539978,24293200,yahoo
AMD,2026-06-03,542.52002,29411100,yahoo
AMD,2026-06-04,523.200012,29110000,yahoo
AMD,2026-06-05,466.380005,46900600,yahoo
AMD,2026-06-08,490.329987,25158800,yahoo
AMD,2026-06-09,475.51001,37799800,yahoo
AMD,2026-06-10,452.399994,27777400,yahoo
AMD,2026-06-11,488.450012,30463100,yahoo
AMD,2026-06-12,511.570007,31553100,yahoo
AMD,2026-06-15,547.26001,33482400,yahoo
AMD,2026-06-16,507.290009,28411700,yahoo
AMD,2026-06-17,512.47998,27085300,yahoo
AMD,2026-06-18,537.369995,43805600,yahoo
AMD,2026-06-22,551.630005,25983200,yahoo
AMD,2026-06-23,519.849976,30196800,yahoo
AMD,2026-06-24,519.73999,26548300,yahoo
AMD,2026-06-25,532.570007,27031300,yahoo
AMD,2026-06-26,521.580017,52705100,yahoo
AMD,2026-06-29,539.48999,26671000,yahoo
AMD,2026-06-30,580.909973,34488500,yahoo
AMD,2026-07-01,540.880005,28326800,yahoo
AMD,2026-07-02,517.820007,28142500,yahoo
AMD,2026-07-06,552.049988,30684200,yahoo
AMD,2026-07-07,516.109985,29166800,yahoo
AMD,2026-07-08,517.409973,23768500,yahoo
AMD,2026-07-09,546.719971,26900800,yahoo
AMD,2026-07-10,557.890015,20704500,yahoo
AMD,2026-07-13,534.390015,22957400,yahoo
AMD,2026-07-14,548.130005,21201400,yahoo
AMD,2026-07-15,529.140015,27826200,yahoo
AMD,2026-07-16,500.940002,27093700,yahoo
AMD,2026-07-17,495.76001,32115900,yahoo
AMD,2026-07-20,503.570007,23440700,yahoo
AMD,2026-07-21,544.429993,29045100,yahoo
AMD,2026-07-22,552.330017,24776700,yahoo
AMD,2026-07-23,539.690002,27155100,yahoo
AMD,2026-07-24,521.950012,27200700,yahoo
AMD,2026-07-27,494.950012,31800300,yahoo
AMD,2026-07-28,454.619995,36315500,yahoo
AMD,2026-07-29,429.559998,32304900,yahoo
AMD,2026-07-30,485.390015,36936600,yahoo
AMD,2026-07-31,476.149994,26615700,yahoo
AMD,2026-08-03,484.640015,24422300,yahoo
AMD,2026-08-04,518.580017,48463600,yahoo
AMD,2026-08-05,482.049988,49458300,yahoo
MU,2025-08-06,108.60569,13021900,yahoo
MU,2025-08-07,111.690735,18986500,yahoo
MU,2025-08-08,118.699486,28962200,yahoo
MU,2025-08-11,123.521744,35065800,yahoo
MU,2025-08-12,127.545288,25961200,yahoo
MU,2025-08-13,124.070862,18438200,yahoo
MU,2025-08-14,125.089218,12235900,yahoo
MU,2025-08-15,120.676315,18986700,yahoo
MU,2025-08-18,123.352013,12208800,yahoo
MU,2025-08-19,121.854431,11491200,yahoo
MU,2025-08-20,117.022179,25795000,yahoo
MU,2025-08-21,115.604462,13174900,yahoo
MU,2025-08-22,117.491425,17038300,yahoo
MU,2025-08-25,116.233437,8674800,yahoo
MU,2025-08-26,116.313309,12584300,yahoo
MU,2025-08-27,117.56131,15349300,yahoo
MU,2025-08-28,121.804497,17295500,yahoo
MU,2025-08-29,118.81929,16774000,yahoo
MU,2025-09-02,118.290138,13771900,yahoo
MU,2025-09-03,118.529762,14101300,yahoo
MU,2025-09-04,124.010956,18589100,yahoo
MU,2025-09-05,131.15947,28416000,yahoo
MU,2025-09-08,131.249359,19492600,yahoo
MU,2025-09-09,135.023285,20705000,yahoo
MU,2025-09-10,139.775665,25791300,yahoo
MU,2025-09-11,150.32872,52446400,yahoo
MU,2025-09-12,156.978043,32288300,yahoo
MU,2025-09-15,157.517197,20101400,yahoo
MU,2025-09-16,158.565506,16911600,yahoo
MU,2025-09-17,159.733627,18843600,yahoo
MU,2025-09-18,168.61937,28212800,yahoo
MU,2025-09-19,162.469254,37309900,yahoo
MU,2025-09-22,164.356216,25851200,yahoo
MU,2025-09-23,166.143341,43316500,yahoo
MU,2025-09-24,161.450882,57096400,yahoo
MU,2025-09-25,156.57869,32209200,yahoo
MU,2025-09-26,157.01799,24045000,yahoo
MU,2025-09-29,163.63736,26506500,yahoo
MU,2025-09-30,167.051865,20092500,yahoo
MU,2025-10-01,181.858093,41674800,yahoo
MU,2025-10-02,183.455536,25122200,yahoo
MU,2025-10-03,187.646454,29399300,yahoo
MU,2025-10-06,190.773392,36392300,yahoo
MU,2025-10-07,185.508545,27828200,yahoo
MU,2025-10-08,196.347931,26833900,yahoo
MU,2025-10-09,192.142044,19721500,yahoo
MU,2025-10-10,181.422546,26990300,yahoo
MU,2025-10-13,192.581619,20928400,yahoo
MU,2025-10-14,186.877197,15912400,yahoo
MU,2025-10-15,191.752426,17793100,yahoo
MU,2025-10-16,202.332077,42041300,yahoo
MU,2025-10-17,202.182236,23283100,yahoo
MU,2025-10-20,206.567947,23268400,yahoo
MU,2025-10-21,202.0923,13717300,yahoo
MU,2025-10-22,198.276062,21949800,yahoo
MU,2025-10-23,206.508011,19397900,yahoo
MU,2025-10-24,218.805984,25821800,yahoo
MU,2025-10-27,219.884918,23873100,yahoo
MU,2025-10-28,221.693161,14957500,yahoo
MU,2025-10-29,226.408539,23217300,yahoo
MU,2025-10-30,223.791077,14795100,yahoo
MU,2025-10-31,223.551331,16320000,yahoo
MU,2025-11-03,234.470642,21199300,yahoo
MU,2025-11-04,217.81694,23696200,yahoo
MU,2025-11-05,237.267899,28617400,yahoo
MU,2025-11-06,238.097092,32016800,yahoo
MU,2025-11-07,237.6875,30613800,yahoo
MU,2025-11-10,253.05246,27870600,yahoo
MU,2025-11-11,240.87439,22622500,yahoo
MU,2025-11-12,244.66066,17263100,yahoo
MU,2025-11-13,236.718445,32324600,yahoo
MU,2025-11-14,246.588776,36171100,yahoo
MU,2025-11-17,241.713577,30304400,yahoo
MU,2025-11-18,228.276703,33843900,yahoo
MU,2025-11-19,225.699219,35256600,yahoo
MU,2025-11-20,201.173203,47420700,yahoo
MU,2025-11-21,207.167343,36679700,yahoo
MU,2025-11-24,223.711166,33052800,yahoo
MU,2025-11-25,224.310577,17441600,yahoo
MU,2025-11-26,230.034973,17817600,yahoo
MU,2025-11-28,236.248901,12914700,yahoo
MU,2025-12-01,240.225037,18238200,yahoo
MU,2025-12-02,239.255966,18166200,yahoo
MU,2025-12-03,233.931183,19188200,yahoo
MU,2025-12-04,226.428513,23513900,yahoo
MU,2025-12-05,236.98819,21161000,yahoo
MU,2025-12-08,246.678711,20495400,yahoo
MU,2025-12-09,252.17334,17067100,yahoo
MU,2025-12-10,263.452271,21960700,yahoo
MU,2025-12-11,258.207428,18867000,yahoo
MU,2025-12-12,240.904358,25936900,yahoo
MU,2025-12-15,237.267899,27483600,yahoo
MU,2025-12-16,232.282776,22577300,yahoo
MU,2025-12-17,225.299622,41957100,yahoo
MU,2025-12-18,248.307114,65006100,yahoo
MU,2025-12-19,265.660156,62312100,yahoo
MU,2025-12-22,276.319702,30961900,yahoo
MU,2025-12-23,276.0,20767600,yahoo
MU,2025-12-24,286.399841,18592600,yahoo
MU,2025-12-26,284.511719,17878500,yahoo
MU,2025-12-29,294.201141,26642900,yahoo
MU,2025-12-30,292.462128,23056400,yahoo
MU,2025-12-31,285.246277,17573800,yahoo
MU,2026-01-02,315.239075,42604300,yahoo
MU,2026-01-05,311.970947,34608600,yahoo
MU,2026-01-06,343.232971,48732400,yahoo
MU,2026-01-07,339.355225,32781100,yahoo
MU,2026-01-08,326.832397,33897700,yahoo
MU,2026-01-09,344.892059,33387500,yahoo
MU,2026-01-12,345.6716,23152600,yahoo
MU,2026-01-13,337.936035,23881300,yahoo
MU,2026-01-14,333.158783,20277200,yahoo
MU,2026-01-15,336.43689,25370200,yahoo
MU,2026-01-16,362.541931,47901900,yahoo
MU,2026-01-20,364.790649,49744900,yahoo
MU,2026-01-21,388.88678,56712800,yahoo
MU,2026-01-22,397.351898,39607600,yahoo
MU,2026-01-23,399.420746,35404200,yahoo
MU,2026-01-26,388.866791,29193900,yahoo
MU,2026-01-27,410.004669,36212100,yahoo
MU,2026-01-28,435.030334,42725700,yahoo
MU,2026-01-29,435.540039,42675700,yahoo
MU,2026-01-30,414.641998,51022900,yahoo
MU,2026-02-02,437.548859,37771200,yahoo
MU,2026-02-03,419.199402,42763300,yahoo
MU,2026-02-04,379.182373,58074900,yahoo
MU,2026-02-05,382.67038,38899500,yahoo
MU,2026-02-06,394.463593,37196000,yahoo
MU,2026-02-09,383.279999,31009600,yahoo
MU,2026-02-10,373.035889,35433800,yahoo
MU,2026-02-11,410.104614,48475000,yahoo
MU,2026-02-12,413.732544,45639100,yahoo
MU,2026-02-13,411.423859,33807600,yahoo
MU,2026-02-17,399.550659,28549500,yahoo
MU,2026-02-18,420.708557,32306600,yahoo
MU,2026-02-19,417.110596,21651300,yahoo
MU,2026-02-20,427.924377,29894900,yahoo
MU,2026-02-23,420.728546,25426600,yahoo
MU,2026-02-24,417.770233,33389200,yahoo
MU,2026-02-25,428.753906,27296300,yahoo
MU,2026-02-26,415.321625,35433500,yahoo
MU,2026-02-27,412.133453,28653900,yahoo
MU,2026-03-02,412.433289,30049200,yahoo
MU,2026-03-03,379.462219,39010900,yahoo
MU,2026-03-04,400.54007,32644900,yahoo
MU,2026-03-05,396.822235,29960100,yahoo
MU,2026-03-06,370.087585,34458800,yahoo
MU,2026-03-09,389.09668,35547200,yahoo
MU,2026-03-10,402.878754,33745400,yahoo
MU,2026-03-11,418.449829,30191400,yahoo
MU,2026-03-12,405.117462,31720900,yahoo
MU,2026-03-13,425.88559,39261000,yahoo
MU,2026-03-16,441.54657,43067600,yahoo
MU,2026-03-17,461.42514,43017900,yahoo
MU,2026-03-18,461.465149,58973700,yahoo
MU,2026-03-19,444.015137,74591900,yahoo
MU,2026-03-20,422.65741,64224900,yahoo
MU,2026-03-23,404.118042,54807300,yahoo
MU,2026-03-24,395.303131,44975100,yahoo
MU,2026-03-25,381.870819,55328700,yahoo
MU,2026-03-26,355.256104,54515900,yahoo
MU,2026-03-27,357.015106,45806700,yahoo
MU,2026-03-30,321.750488,73833200,yahoo
MU,2026-03-31,337.788055,73551800,yahoo
MU,2026-04-01,367.793427,74429800,yahoo
MU,2026-04-02,366.183655,51498700,yahoo
MU,2026-04-06,377.701904,41414900,yahoo
MU,2026-04-07,377.521912,40224100,yahoo
MU,2026-04-08,406.66745,49216600,yahoo
MU,2026-04-09,421.44519,43101000,yahoo
MU,2026-04-10,420.52533,36377600,yahoo
MU,2026-04-13,426.494415,37015800,yahoo
MU,2026-04-14,465.588409,52534900,yahoo
MU,2026-04-15,456.159851,40370100,yahoo
MU,2026-04-16,457.159698,33626400,yahoo
MU,2026-04-17,455.000031,33405000,yahoo
MU,2026-04-20,448.351044,32013600,yahoo
MU,2026-04-21,449.310913,27734000,yahoo
MU,2026-04-22,487.40506,45998100,yahoo
MU,2026-04-23,481.645935,38178000,yahoo
MU,2026-04-24,496.643616,35379600,yahoo
MU,2026-04-27,524.479309,41298800,yahoo
MU,2026-04-28,504.212463,44816600,yahoo
MU,2026-04-29,518.38031,36248500,yahoo
MU,2026-04-30,517.080444,36554400,yahoo
MU,2026-05-01,542.126648,40215300,yahoo
MU,2026-05-04,576.361389,46043700,yahoo
MU,2026-05-05,640.101562,64268500,yahoo
MU,2026-05-06,666.487549,55725800,yahoo
MU,2026-05-07,646.530579,47527500,yahoo
MU,2026-05-08,746.695129,65130900,yahoo
MU,2026-05-11,795.207703,70972900,yahoo
MU,2026-05-12,766.462158,73743000,yahoo
MU,2026-05-13,803.506409,54875100,yahoo
MU,2026-05-14,775.890686,42142700,yahoo
MU,2026-05-15,724.548523,48519000,yahoo
MU,2026-05-18,681.435181,60042500,yahoo
MU,2026-05-19,698.632568,61792100,yahoo
MU,2026-05-20,731.877441,48827400,yahoo
MU,2026-05-21,761.982788,42461500,yahoo
MU,2026-05-22,750.884521,36002900,yahoo
MU,2026-05-26,895.742249,76560800,yahoo
MU,2026-05-27,928.267212,72295700,yahoo
MU,2026-05-28,923.377991,49694300,yahoo
MU,2026-05-29,970.850708,60498600,yahoo
MU,2026-06-01,1035.34082,46552100,yahoo
MU,2026-06-02,1063.936279,47555400,yahoo
MU,2026-06-03,1079.403931,40324200,yahoo
MU,2026-06-04,995.846863,54917200,yahoo
MU,2026-06-05,863.877136,77250500,yahoo
MU,2026-06-08,949.134033,54097800,yahoo
MU,2026-06-09,935.746094,73448600,yahoo
MU,2026-06-10,891.742859,55712600,yahoo
MU,2026-06-11,995.716858,59418900,yahoo
MU,2026-06-12,981.459045,40785200,yahoo
MU,2026-06-15,1087.822632,44994600,yahoo
MU,2026-06-16,1020.603027,45499800,yahoo
MU,2026-06-17,1043.029541,46149200,yahoo
MU,2026-06-18,1133.815552,64642500,yahoo
MU,2026-06-22,1211.193726,53140800,yahoo
MU,2026-06-23,1051.608276,60243300,yahoo
MU,2026-06-24,1048.348755,68935700,yahoo
MU,2026-06-25,1213.373413,82143900,yahoo
MU,2026-06-26,1132.155884,86405300,yahoo
MU,2026-06-29,1145.103882,60694100,yahoo
MU,2026-06-30,1154.112549,42152600,yahoo
MU,2026-07-01,1032.121338,51328100,yahoo
MU,2026-07-02,975.409973,61316900,yahoo
MU,2026-07-06,984.75,37115800,yahoo
MU,2026-07-07,938.380005,52367500,yahoo
MU,2026-07-08,948.799988,42979000,yahoo
MU,2026-07-09,991.640015,41110700,yahoo
MU,2026-07-10,979.299988,31768100,yahoo
MU,2026-07-13,937.0,35536200,yahoo
MU,2026-07-14,983.119995,30835200,yahoo
MU,2026-07-15,904.280029,54779200,yahoo
MU,2026-07-16,853.200012,46718000,yahoo
MU,2026-07-17,848.950012,63346300,yahoo
MU,2026-07-20,865.460022,37705200,yahoo
MU,2026-07-21,970.820007,49369000,yahoo
MU,2026-07-22,959.47998,31588600,yahoo
MU,2026-07-23,990.210022,40196300,yahoo
MU,2026-07-24,920.950012,40803100,yahoo
MU,2026-07-27,900.200012,47591200,yahoo
MU,2026-07-28,820.530029,61039300,yahoo
MU,2026-07-29,739.0,69846000,yahoo
MU,2026-07-30,874.659973,63075300,yahoo
MU,2026-07-31,823.030029,54538600,yahoo
MU,2026-08-03,829.5,42607100,yahoo
MU,2026-08-04,892.669983,37478600,yahoo
MU,2026-08-05,893.190002,34288700,yahoo
ANET,2025-08-06,138.779999,25997100,yahoo
ANET,2025-08-07,139.279999,11165800,yahoo
ANET,2025-08-08,139.179993,9767700,yahoo
ANET,2025-08-11,137.649994,7837900,yahoo
ANET,2025-08-12,141.25,7457400,yahoo
ANET,2025-08-13,138.009995,9178100,yahoo
ANET,2025-08-14,136.479996,7285500,yahoo
ANET,2025-08-15,137.300003,6056300,yahoo
ANET,2025-08-18,138.039993,5098200,yahoo
ANET,2025-08-19,132.779999,9630300,yahoo
ANET,2025-08-20,131.470001,9449800,yahoo
ANET,2025-08-21,132.029999,5873700,yahoo
ANET,2025-08-22,133.25,7362100,yahoo
ANET,2025-08-25,133.039993,5341200,yahoo
ANET,2025-08-26,134.270004,7242100,yahoo
ANET,2025-08-27,133.270004,6271600,yahoo
ANET,2025-08-28,136.229996,8372500,yahoo
ANET,2025-08-29,136.550003,7959600,yahoo
ANET,2025-09-02,135.869995,7415200,yahoo
ANET,2025-09-03,137.380005,6840100,yahoo
ANET,2025-09-04,141.169998,8365000,yahoo
ANET,2025-09-05,142.850006,9567500,yahoo
ANET,2025-09-08,140.009995,7925500,yahoo
ANET,2025-09-09,141.910004,6158500,yahoo
ANET,2025-09-10,150.720001,19772500,yahoo
ANET,2025-09-11,153.039993,13666200,yahoo
ANET,2025-09-12,139.389999,17920400,yahoo
ANET,2025-09-15,145.429993,12140800,yahoo
ANET,2025-09-16,142.160004,9382400,yahoo
ANET,2025-09-17,142.839996,8295400,yahoo
ANET,2025-09-18,146.660004,6939000,yahoo
ANET,2025-09-19,149.610001,17810900,yahoo
ANET,2025-09-22,145.399994,8675200,yahoo
ANET,2025-09-23,144.089996,8215500,yahoo
ANET,2025-09-24,142.639999,7035700,yahoo
ANET,2025-09-25,143.059998,6325300,yahoo
ANET,2025-09-26,142.5,4867700,yahoo
ANET,2025-09-29,143.369995,6183600,yahoo
ANET,2025-09-30,145.710007,5828900,yahoo
ANET,2025-10-01,149.270004,7820700,yahoo
ANET,2025-10-02,144.460007,9473800,yahoo
ANET,2025-10-03,145.5,7178600,yahoo
ANET,2025-10-06,149.5,7277600,yahoo
ANET,2025-10-07,145.289993,7348700,yahoo
ANET,2025-10-08,157.360001,11283400,yahoo
ANET,2025-10-09,158.229996,8459900,yahoo
ANET,2025-10-10,154.100006,10459300,yahoo
ANET,2025-10-13,147.449997,14233900,yahoo
ANET,2025-10-14,138.789993,13672400,yahoo
ANET,2025-10-15,143.380005,8687000,yahoo
ANET,2025-10-16,146.009995,6909500,yahoo
ANET,2025-10-17,143.100006,6533900,yahoo
ANET,2025-10-20,146.479996,6120700,yahoo
ANET,2025-10-21,145.940002,3648900,yahoo
ANET,2025-10-22,146.589996,7349200,yahoo
ANET,2025-10-23,152.759995,7327400,yahoo
ANET,2025-10-24,153.820007,5170800,yahoo
ANET,2025-10-27,156.809998,5509100,yahoo
ANET,2025-10-28,156.770004,5037400,yahoo
ANET,2025-10-29,162.029999,6901400,yahoo
ANET,2025-10-30,158.440002,6911300,yahoo
ANET,2025-10-31,157.690002,6209300,yahoo
ANET,2025-11-03,157.589996,6422600,yahoo
ANET,2025-11-04,153.550003,9026400,yahoo
ANET,2025-11-05,140.419998,15901000,yahoo
ANET,2025-11-06,134.020004,13296100,yahoo
ANET,2025-11-07,134.649994,11341600,yahoo
ANET,2025-11-10,137.259995,6974300,yahoo
ANET,2025-11-11,134.929993,7189300,yahoo
ANET,2025-11-12,134.979996,6471400,yahoo
ANET,2025-11-13,130.300003,10471400,yahoo
ANET,2025-11-14,131.369995,10672500,yahoo
ANET,2025-11-17,127.260002,12455900,yahoo
ANET,2025-11-18,123.449997,12561100,yahoo
ANET,2025-11-19,124.809998,7703500,yahoo
ANET,2025-11-20,119.589996,12642000,yahoo
ANET,2025-11-21,117.43,16704100,yahoo
ANET,2025-11-24,122.169998,12758600,yahoo
ANET,2025-11-25,125.040001,7143400,yahoo
ANET,2025-11-26,127.650002,5995000,yahoo
ANET,2025-11-28,130.679993,3895000,yahoo
ANET,2025-12-01,128.110001,4690600,yahoo
ANET,2025-12-02,127.220001,5619000,yahoo
ANET,2025-12-03,127.800003,5286300,yahoo
ANET,2025-12-04,128.550003,4516400,yahoo
ANET,2025-12-05,128.589996,5166300,yahoo
ANET,2025-12-08,129.110001,7813800,yahoo
ANET,2025-12-09,130.039993,5227900,yahoo
ANET,2025-12-10,132.360001,5921300,yahoo
ANET,2025-12-11,134.389999,6679500,yahoo
ANET,2025-12-12,124.760002,8508700,yahoo
ANET,2025-12-15,125.889999,6441900,yahoo
ANET,2025-12-16,126.129997,6656100,yahoo
ANET,2025-12-17,122.360001,8589200,yahoo
ANET,2025-12-18,124.620003,5515200,yahoo
ANET,2025-12-19,131.119995,12713100,yahoo
ANET,2025-12-22,130.729996,5547300,yahoo
ANET,2025-12-23,131.320007,2884300,yahoo
ANET,2025-12-24,130.770004,1642400,yahoo
ANET,2025-12-26,131.839996,2308400,yahoo
ANET,2025-12-29,134.149994,6199700,yahoo
ANET,2025-12-30,132.440002,4081100,yahoo
ANET,2025-12-31,131.029999,3821600,yahoo
ANET,2026-01-02,133.600006,4707400,yahoo
ANET,2026-01-05,137.190002,9691900,yahoo
ANET,2026-01-06,132.580002,8004000,yahoo
ANET,2026-01-07,130.080002,7550700,yahoo
ANET,2026-01-08,123.720001,8944200,yahoo
ANET,2026-01-09,122.889999,8989700,yahoo
ANET,2026-01-12,123.419998,8795900,yahoo
ANET,2026-01-13,129.929993,8638900,yahoo
ANET,2026-01-14,125.089996,7414600,yahoo
ANET,2026-01-15,130.589996,8562300,yahoo
ANET,2026-01-16,129.830002,5987000,yahoo
ANET,2026-01-20,127.519997,6371300,yahoo
ANET,2026-01-21,127.290001,5931000,yahoo
ANET,2026-01-22,138.410004,14906700,yahoo
ANET,2026-01-23,136.339996,8053900,yahoo
ANET,2026-01-26,143.720001,10658200,yahoo
ANET,2026-01-27,146.690002,8697000,yahoo
ANET,2026-01-28,150.149994,8568200,yahoo
ANET,2026-01-29,148.149994,8915300,yahoo
ANET,2026-01-30,141.740005,6364000,yahoo
ANET,2026-02-02,138.369995,7719200,yahoo
ANET,2026-02-03,139.389999,8202300,yahoo
ANET,2026-02-04,130.279999,13313800,yahoo
ANET,2026-02-05,128.669998,9640500,yahoo
ANET,2026-02-06,137.490005,8986800,yahoo
ANET,2026-02-09,141.740005,6801400,yahoo
ANET,2026-02-10,143.449997,6138100,yahoo
ANET,2026-02-11,140.660004,6942400,yahoo
ANET,2026-02-12,135.119995,16322100,yahoo
ANET,2026-02-13,141.589996,21823000,yahoo
ANET,2026-02-17,142.580002,8724200,yahoo
ANET,2026-02-18,139.539993,9955700,yahoo
ANET,2026-02-19,137.229996,5260600,yahoo
ANET,2026-02-20,132.789993,8309000,yahoo
ANET,2026-02-23,127.43,9706800,yahoo
ANET,2026-02-24,128.770004,8120000,yahoo
ANET,2026-02-25,132.889999,7611600,yahoo
ANET,2026-02-26,130.25,6360700,yahoo
ANET,2026-02-27,133.5,9043300,yahoo
ANET,2026-03-02,129.300003,6875000,yahoo
ANET,2026-03-03,124.599998,6119700,yahoo
ANET,2026-03-04,134.830002,6897700,yahoo
ANET,2026-03-05,139.399994,8384600,yahoo
ANET,2026-03-06,132.889999,6282000,yahoo
ANET,2026-03-09,137.169998,6715200,yahoo
ANET,2026-03-10,139.619995,5435800,yahoo
ANET,2026-03-11,138.229996,4165100,yahoo
ANET,2026-03-12,134.029999,5494200,yahoo
ANET,2026-03-13,133.570007,5364800,yahoo
ANET,2026-03-16,135.350006,7884200,yahoo
ANET,2026-03-17,133.070007,5959000,yahoo
ANET,2026-03-18,136.070007,5264100,yahoo
ANET,2026-03-19,136.259995,4418900,yahoo
ANET,2026-03-20,131.220001,11351600,yahoo
ANET,2026-03-23,135.880005,6402200,yahoo
ANET,2026-03-24,130.800003,7858900,yahoo
ANET,2026-03-25,135.009995,5353300,yahoo
ANET,2026-03-26,122.550003,7553500,yahoo
ANET,2026-03-27,120.769997,5940200,yahoo
ANET,2026-03-30,116.129997,7540500,yahoo
ANET,2026-03-31,122.779999,7837700,yahoo
ANET,2026-04-01,124.849998,5037700,yahoo
ANET,2026-04-02,126.68,5125100,yahoo
ANET,2026-04-06,126.25,3033100,yahoo
ANET,2026-04-07,133.639999,5758000,yahoo
ANET,2026-04-08,145.070007,12136800,yahoo
ANET,2026-04-09,146.050003,7266100,yahoo
ANET,2026-04-10,147.350006,7054100,yahoo
ANET,2026-04-13,152.020004,7217900,yahoo
ANET,2026-04-14,154.369995,7114000,yahoo
ANET,2026-04-15,154.330002,5835300,yahoo
ANET,2026-04-16,161.009995,7205600,yahoo
ANET,2026-04-17,164.229996,8216400,yahoo
ANET,2026-04-20,166.850006,6113300,yahoo
ANET,2026-04-21,172.860001,8918900,yahoo
ANET,2026-04-22,177.729996,8699400,yahoo
ANET,2026-04-23,172.550003,7428000,yahoo
ANET,2026-04-24,176.910004,7508000,yahoo
ANET,2026-04-27,172.470001,6782500,yahoo
ANET,2026-04-28,165.289993,7414100,yahoo
ANET,2026-04-29,168.679993,6270500,yahoo
ANET,2026-04-30,172.710007,6141700,yahoo
ANET,2026-05-01,172.699997,7652400,yahoo
ANET,2026-05-04,172.619995,7167900,yahoo
ANET,2026-05-05,170.220001,15684800,yahoo
ANET,2026-05-06,147.059998,35627200,yahoo
ANET,2026-05-07,141.75,18255700,yahoo
ANET,2026-05-08,141.770004,20371600,yahoo
ANET,2026-05-11,136.429993,18520900,yahoo
ANET,2026-05-12,142.539993,12796100,yahoo
ANET,2026-05-13,140.690002,14164600,yahoo
ANET,2026-05-14,147.809998,15728200,yahoo
ANET,2026-05-15,141.970001,10833000,yahoo
ANET,2026-05-18,141.710007,8634500,yahoo
ANET,2026-05-19,141.580002,8800800,yahoo
ANET,2026-05-20,140.490005,9617000,yahoo
ANET,2026-05-21,148.589996,11620600,yahoo
ANET,2026-05-22,154.029999,10554600,yahoo
ANET,2026-05-26,158.009995,11835300,yahoo
ANET,2026-05-27,154.309998,6982200,yahoo
ANET,2026-05-28,155.270004,7194300,yahoo
ANET,2026-05-29,159.470001,15385900,yahoo
ANET,2026-06-01,170.679993,9991500,yahoo
ANET,2026-06-02,175.330002,9144300,yahoo
ANET,2026-06-03,174.369995,8069700,yahoo
ANET,2026-06-04,166.009995,10214000,yahoo
ANET,2026-06-05,154.270004,9094700,yahoo
ANET,2026-06-08,156.399994,6043100,yahoo
ANET,2026-06-09,152.160004,7334100,yahoo
ANET,2026-06-10,151.759995,6867400,yahoo
ANET,2026-06-11,156.399994,5326700,yahoo
ANET,2026-06-12,163.240005,6052500,yahoo
ANET,2026-06-15,169.089996,7240800,yahoo
ANET,2026-06-16,168.009995,8090900,yahoo
ANET,2026-06-17,164.929993,6229500,yahoo
ANET,2026-06-18,169.669998,11130400,yahoo
ANET,2026-06-22,174.559998,9494400,yahoo
ANET,2026-06-23,162.199997,7770100,yahoo
ANET,2026-06-24,161.740005,6350600,yahoo
ANET,2026-06-25,165.449997,8231200,yahoo
ANET,2026-06-26,157.600006,11865200,yahoo
ANET,2026-06-29,164.100006,8535700,yahoo
ANET,2026-06-30,169.880005,10281800,yahoo
ANET,2026-07-01,166.619995,9098200,yahoo
ANET,2026-07-02,159.990005,9764500,yahoo
ANET,2026-07-06,173.279999,8509300,yahoo
ANET,2026-07-07,166.460007,8969200,yahoo
ANET,2026-07-08,181.050003,11912800,yahoo
ANET,2026-07-09,184.690002,9932000,yahoo
ANET,2026-07-10,186.960007,5592500,yahoo
ANET,2026-07-13,181.149994,9149500,yahoo
ANET,2026-07-14,182.570007,7566300,yahoo
ANET,2026-07-15,171.919998,8095900,yahoo
ANET,2026-07-16,168.559998,8412300,yahoo
ANET,2026-07-17,168.610001,7560400,yahoo
ANET,2026-07-20,169.350006,6025900,yahoo
ANET,2026-07-21,174.580002,6357800,yahoo
ANET,2026-07-22,174.869995,3342900,yahoo
ANET,2026-07-23,176.610001,4338800,yahoo
ANET,2026-07-24,173.990005,4721500,yahoo
ANET,2026-07-27,170.759995,6023000,yahoo
ANET,2026-07-28,169.710007,8561600,yahoo
ANET,2026-07-29,157.970001,8189500,yahoo
ANET,2026-07-30,171.020004,7284700,yahoo
ANET,2026-07-31,180.350006,8472300,yahoo
ANET,2026-08-03,184.889999,8335700,yahoo
ANET,2026-08-04,190.509995,14097400,yahoo
ANET,2026-08-05,197.309998,20204400,yahoo
VRT,2025-08-06,139.596252,4079300,yahoo
VRT,2025-08-07,139.236603,5302500,yahoo
VRT,2025-08-08,139.776016,3734000,yahoo
VRT,2025-08-11,139.676147,4109500,yahoo
VRT,2025-08-12,143.561859,6185600,yahoo
VRT,2025-08-13,137.24881,9976000,yahoo
VRT,2025-08-14,132.374191,8129200,yahoo
VRT,2025-08-15,132.923599,6207700,yahoo
VRT,2025-08-18,135.54071,3251400,yahoo
VRT,2025-08-19,128.908005,7307700,yahoo
VRT,2025-08-20,127.399666,8282300,yahoo
VRT,2025-08-21,126.44072,3744300,yahoo
VRT,2025-08-22,125.83139,5622100,yahoo
VRT,2025-08-25,124.882431,4610800,yahoo
VRT,2025-08-26,127.78923,5947500,yahoo
VRT,2025-08-27,129.167725,6412800,yahoo
VRT,2025-08-28,134.082291,6817500,yahoo
VRT,2025-08-29,127.409645,6367600,yahoo
VRT,2025-09-02,123.87355,8130500,yahoo
VRT,2025-09-03,125.451805,4081900,yahoo
VRT,2025-09-04,125.561691,4607300,yahoo
VRT,2025-09-05,123.863564,7719600,yahoo
VRT,2025-09-08,121.685959,10222700,yahoo
VRT,2025-09-09,125.441818,7608500,yahoo
VRT,2025-09-10,136.589554,12971100,yahoo
VRT,2025-09-11,135.560684,6779700,yahoo
VRT,2025-09-12,134.69162,4065400,yahoo
VRT,2025-09-15,138.14679,7643900,yahoo
VRT,2025-09-16,136.538101,5449900,yahoo
VRT,2025-09-17,136.717972,5123300,yahoo
VRT,2025-09-18,141.843781,5295000,yahoo
VRT,2025-09-19,143.482437,6682800,yahoo
VRT,2025-09-22,151.835587,8731700,yahoo
VRT,2025-09-23,142.49324,16541300,yahoo
VRT,2025-09-24,141.504059,5978100,yahoo
VRT,2025-09-25,139.655563,6197600,yahoo
VRT,2025-09-26,138.506485,3607600,yahoo
VRT,2025-09-29,143.192657,5876700,yahoo
VRT,2025-09-30,150.736496,6822300,yahoo
VRT,2025-10-01,161.457687,12844000,yahoo
VRT,2025-10-02,161.50766,8936100,yahoo
VRT,2025-10-03,160.068832,5728500,yahoo
VRT,2025-10-06,162.666702,7203300,yahoo
VRT,2025-10-07,158.739914,6899100,yahoo
VRT,2025-10-08,167.242966,4889900,yahoo
VRT,2025-10-09,168.741745,4972800,yahoo
VRT,2025-10-10,168.871613,16066600,yahoo
VRT,2025-10-13,178.853439,11056200,yahoo
VRT,2025-10-14,175.006592,7427500,yahoo
VRT,2025-10-15,180.362198,5642900,yahoo
VRT,2025-10-16,177.674408,5000100,yahoo
VRT,2025-10-17,173.857544,5880700,yahoo
VRT,2025-10-20,175.586121,6692000,yahoo
VRT,2025-10-21,174.656876,8130700,yahoo
VRT,2025-10-22,171.449493,22483700,yahoo
VRT,2025-10-23,183.050003,9679400,yahoo
VRT,2025-10-24,185.907669,7188500,yahoo
VRT,2025-10-27,192.742065,6673000,yahoo
VRT,2025-10-28,190.413986,6044100,yahoo
VRT,2025-10-29,199.106857,6298900,yahoo
VRT,2025-10-30,193.601364,5693500,yahoo
VRT,2025-10-31,192.702103,7726600,yahoo
VRT,2025-11-03,191.243271,6065100,yahoo
VRT,2025-11-04,180.671951,8984800,yahoo
VRT,2025-11-05,190.553864,6534700,yahoo
VRT,2025-11-06,182.870148,5907100,yahoo
VRT,2025-11-07,179.652786,9143000,yahoo
VRT,2025-11-10,187.686203,5590100,yahoo
VRT,2025-11-11,178.903412,5625700,yahoo
VRT,2025-11-12,173.228058,6131700,yahoo
VRT,2025-11-13,163.506012,11389900,yahoo
VRT,2025-11-14,170.830032,10018700,yahoo
VRT,2025-11-17,166.513535,5249900,yahoo
VRT,2025-11-18,164.725021,7586300,yahoo
VRT,2025-11-19,170.510269,6070500,yahoo
VRT,2025-11-20,159.479309,10076100,yahoo
VRT,2025-11-21,159.699142,10577700,yahoo
VRT,2025-11-24,168.771713,8208200,yahoo
VRT,2025-11-25,169.4944,8573200,yahoo
VRT,2025-11-26,171.943298,5264800,yahoo
VRT,2025-11-28,179.649841,4059600,yahoo
VRT,2025-12-01,179.140076,6501500,yahoo
VRT,2025-12-02,180.82933,5304500,yahoo
VRT,2025-12-03,178.800247,5374500,yahoo
VRT,2025-12-04,182.458603,4962300,yahoo
VRT,2025-12-05,188.935715,7445800,yahoo
VRT,2025-12-08,185.527237,5556300,yahoo
VRT,2025-12-09,178.300461,6414700,yahoo
VRT,2025-12-10,181.738937,5301300,yahoo
VRT,2025-12-11,178.580338,11321100,yahoo
VRT,2025-12-12,161.19809,12512200,yahoo
VRT,2025-12-15,161.667892,8861400,yahoo
VRT,2025-12-16,160.588364,7808700,yahoo
VRT,2025-12-17,149.763199,11959800,yahoo
VRT,2025-12-18,154.321152,7773800,yahoo
VRT,2025-12-19,159.748749,9716400,yahoo
VRT,2025-12-22,166.175873,5688100,yahoo
VRT,2025-12-23,166.185852,3220400,yahoo
VRT,2025-12-24,166.795593,1335200,yahoo
VRT,2025-12-26,167.50528,2532800,yahoo
VRT,2025-12-29,165.546143,3075200,yahoo
VRT,2025-12-30,164.266708,3764300,yahoo
VRT,2025-12-31,161.937759,2575500,yahoo
VRT,2026-01-02,175.531708,7348200,yahoo
VRT,2026-01-05,173.872421,5860200,yahoo
VRT,2026-01-06,174.871994,7813700,yahoo
VRT,2026-01-07,171.463501,5205600,yahoo
VRT,2026-01-08,160.708313,7684900,yahoo
VRT,2026-01-09,163.50705,5665300,yahoo
VRT,2026-01-12,169.954193,4181100,yahoo
VRT,2026-01-13,172.64299,3648000,yahoo
VRT,2026-01-14,170.783813,3780800,yahoo
VRT,2026-01-15,172.463043,4104000,yahoo
VRT,2026-01-16,176.851105,4502300,yahoo
VRT,2026-01-20,175.101868,4690500,yahoo
VRT,2026-01-21,181.389084,5587300,yahoo
VRT,2026-01-22,181.03923,5508700,yahoo
VRT,2026-01-23,182.40863,3496300,yahoo
VRT,2026-01-26,181.149185,3020100,yahoo
VRT,2026-01-27,189.125641,4390300,yahoo
VRT,2026-01-28,193.673599,4935700,yahoo
VRT,2026-01-29,195.013016,5662000,yahoo
VRT,2026-01-30,186.09697,4502700,yahoo
VRT,2026-02-02,189.925262,4112100,yahoo
VRT,2026-02-03,190.065201,4433000,yahoo
VRT,2026-02-04,182.478592,8287200,yahoo
VRT,2026-02-05,177.670731,6144600,yahoo
VRT,2026-02-06,195.492783,7197300,yahoo
VRT,2026-02-09,201.909927,7638400,yahoo
VRT,2026-02-10,199.530975,6707800,yahoo
VRT,2026-02-11,248.399185,19793500,yahoo
VRT,2026-02-12,236.404526,12438800,yahoo
VRT,2026-02-13,234.425415,6785200,yahoo
VRT,2026-02-17,243.421402,6449600,yahoo
VRT,2026-02-18,243.101547,5350700,yahoo
VRT,2026-02-19,242.951614,3929800,yahoo
VRT,2026-02-20,243.641312,3879200,yahoo
VRT,2026-02-23,245.310562,4026100,yahoo
VRT,2026-02-24,253.037109,5458200,yahoo
VRT,2026-02-25,262.07309,6580300,yahoo
VRT,2026-02-26,259.11441,8566400,yahoo
VRT,2026-02-27,254.776337,6967900,yahoo
VRT,2026-03-02,257.63504,5382300,yahoo
VRT,2026-03-03,244.330994,6866600,yahoo
VRT,2026-03-04,251.167953,4298500,yahoo
VRT,2026-03-05,249.638626,5291500,yahoo
VRT,2026-03-06,241.672195,8772600,yahoo
VRT,2026-03-09,264.232147,20427900,yahoo
VRT,2026-03-10,269.939575,11306800,yahoo
VRT,2026-03-11,268.140381,7103200,yahoo
VRT,2026-03-12,265.261658,7465400,yahoo
VRT,2026-03-13,258.764587,6981200,yahoo
VRT,2026-03-16,264.621948,7386700,yahoo
VRT,2026-03-17,268.354156,5121300,yahoo
VRT,2026-03-18,264.654938,6673800,yahoo
VRT,2026-03-19,269.114014,7084600,yahoo
VRT,2026-03-20,255.826782,87826600,yahoo
VRT,2026-03-23,255.946747,8888100,yahoo
VRT,2026-03-24,270.833679,6843000,yahoo
VRT,2026-03-25,276.10257,5929000,yahoo
VRT,2026-03-26,252.347488,6621700,yahoo
VRT,2026-03-27,251.017776,5444500,yahoo
VRT,2026-03-30,234.17128,6930400,yahoo
VRT,2026-03-31,250.527878,6686100,yahoo
VRT,2026-04-01,259.31604,5112600,yahoo
VRT,2026-04-02,261.235657,3965500,yahoo
VRT,2026-04-06,258.676178,3305700,yahoo
VRT,2026-04-07,262.245422,2937200,yahoo
VRT,2026-04-08,280.971527,5696700,yahoo
VRT,2026-04-09,287.58017,5166400,yahoo
VRT,2026-04-10,295.048584,4644800,yahoo
VRT,2026-04-13,299.897583,4733900,yahoo
VRT,2026-04-14,310.445404,4993800,yahoo
VRT,2026-04-15,301.097351,5353600,yahoo
VRT,2026-04-16,294.068817,4832600,yahoo
VRT,2026-04-17,307.276062,5805500,yahoo
VRT,2026-04-20,314.344604,4672300,yahoo
VRT,2026-04-21,312.375,7285400,yahoo
VRT,2026-04-22,305.076538,9835900,yahoo
VRT,2026-04-23,321.683075,7067000,yahoo
VRT,2026-04-24,323.3927,5281500,yahoo
VRT,2026-04-27,322.362915,5442500,yahoo
VRT,2026-04-28,304.966553,8217600,yahoo
VRT,2026-04-29,306.116302,4536300,yahoo
VRT,2026-04-30,328.421661,6268700,yahoo
VRT,2026-05-01,328.241699,4408600,yahoo
VRT,2026-05-04,330.901154,4927400,yahoo
VRT,2026-05-05,340.949036,5456200,yahoo
VRT,2026-05-06,358.845337,5583200,yahoo
VRT,2026-05-07,339.93927,5458100,yahoo
VRT,2026-05-08,339.899292,4081000,yahoo
VRT,2026-05-11,367.843475,7279200,yahoo
VRT,2026-05-12,367.053619,6556200,yahoo
VRT,2026-05-13,369.913025,4461000,yahoo
VRT,2026-05-14,376.151733,3611300,yahoo
VRT,2026-05-15,370.862854,4871200,yahoo
VRT,2026-05-18,339.659332,8086700,yahoo
VRT,2026-05-19,322.562897,9039500,yahoo
VRT,2026-05-20,315.60434,6014000,yahoo
VRT,2026-05-21,323.332733,5221300,yahoo
VRT,2026-05-22,327.391876,4801800,yahoo
VRT,2026-05-26,323.842621,6523700,yahoo
VRT,2026-05-27,319.71347,5293000,yahoo
VRT,2026-05-28,314.114624,5384100,yahoo
VRT,2026-05-29,315.644318,7218800,yahoo
VRT,2026-06-01,323.322754,6162100,yahoo
VRT,2026-06-02,334.42041,5077300,yahoo
VRT,2026-06-03,331.371063,3927700,yahoo
VRT,2026-06-04,323.852631,6075900,yahoo
VRT,2026-06-05,300.44751,7330000,yahoo
VRT,2026-06-08,300.507477,4790000,yahoo
VRT,2026-06-09,289.459778,11117700,yahoo
VRT,2026-06-10,280.92157,6904200,yahoo
VRT,2026-06-11,297.818054,5408800,yahoo
VRT,2026-06-12,302.807007,4958100,yahoo
VRT,2026-06-15,311.929993,5346400,yahoo
VRT,2026-06-16,299.600006,4581900,yahoo
VRT,2026-06-17,317.579987,6181400,yahoo
VRT,2026-06-18,333.049988,7262600,yahoo
VRT,2026-06-22,357.959991,7284300,yahoo
VRT,2026-06-23,318.320007,10277700,yahoo
VRT,2026-06-24,316.429993,6106100,yahoo
VRT,2026-06-25,325.570007,6305000,yahoo
VRT,2026-06-26,303.950012,21988200,yahoo
VRT,2026-06-29,306.970001,6708600,yahoo
VRT,2026-06-30,334.820007,7742500,yahoo
VRT,2026-07-01,311.420013,6259800,yahoo
VRT,2026-07-02,300.529999,5898700,yahoo
VRT,2026-07-06,318.470001,6428200,yahoo
VRT,2026-07-07,305.579987,5986600,yahoo
VRT,2026-07-08,317.809998,4425200,yahoo
VRT,2026-07-09,323.920013,3946300,yahoo
VRT,2026-07-10,318.859985,3001200,yahoo
VRT,2026-07-13,305.869995,3720300,yahoo
VRT,2026-07-14,303.579987,3560900,yahoo
VRT,2026-07-15,304.570007,3873700,yahoo
VRT,2026-07-16,294.109985,5017800,yahoo
VRT,2026-07-17,289.559998,6068200,yahoo
VRT,2026-07-20,291.670013,3770300,yahoo
VRT,2026-07-21,304.5,3485200,yahoo
VRT,2026-07-22,301.160004,2935100,yahoo
VRT,2026-07-23,304.040009,3098500,yahoo
VRT,2026-07-24,290.359985,3405200,yahoo
VRT,2026-07-27,287.600006,5017300,yahoo
VRT,2026-07-28,269.559998,8157500,yahoo
VRT,2026-07-29,223.039993,21265700,yahoo
VRT,2026-07-30,227.5,14508000,yahoo
VRT,2026-07-31,241.570007,10849600,yahoo
VRT,2026-08-03,263.049988,9517100,yahoo
VRT,2026-08-04,269.929993,5802700,yahoo
VRT,2026-08-05,277.940002,5928200,yahoo
TSM,2025-08-06,228.839157,9457200,yahoo
TSM,2025-08-07,239.96611,17691000,yahoo
TSM,2025-08-08,239.184753,10552500,yahoo
TSM,2025-08-11,239.44191,8272900,yahoo
TSM,2025-08-12,241.617828,7295800,yahoo
TSM,2025-08-13,238.799011,7971900,yahoo
TSM,2025-08-14,238.363831,11040500,yahoo
TSM,2025-08-15,236.266998,8155500,yahoo
TSM,2025-08-18,238.769348,6919800,yahoo
TSM,2025-08-19,230.154617,14594700,yahoo
TSM,2025-08-20,226.099472,17165200,yahoo
TSM,2025-08-21,224.843353,7449100,yahoo
TSM,2025-08-22,230.441437,10299500,yahoo
TSM,2025-08-25,233.013,7655000,yahoo
TSM,2025-08-26,236.108765,9793100,yahoo
TSM,2025-08-27,236.672531,9516400,yahoo
TSM,2025-08-28,235.663681,8466200,yahoo
TSM,2025-08-29,228.34462,15526000,yahoo
TSM,2025-09-02,225.891769,13974900,yahoo
TSM,2025-09-03,228.858932,7198500,yahoo
TSM,2025-09-04,232.637177,6241900,yahoo
TSM,2025-09-05,240.747467,14056600,yahoo
TSM,2025-09-08,244.48613,12986600,yahoo
TSM,2025-09-09,248.175308,13443400,yahoo
TSM,2025-09-10,257.591156,18822400,yahoo
TSM,2025-09-11,256.077942,10005000,yahoo
TSM,2025-09-12,256.493317,8496600,yahoo
TSM,2025-09-15,258.520905,8147700,yahoo
TSM,2025-09-16,260.011139,10381900,yahoo
TSM,2025-09-17,260.735443,10422000,yahoo
TSM,2025-09-18,266.539734,16917300,yahoo
TSM,2025-09-19,262.799194,17640200,yahoo
TSM,2025-09-22,270.498505,15630300,yahoo
TSM,2025-09-23,280.499725,17830300,yahoo
TSM,2025-09-24,278.51532,10231000,yahoo
TSM,2025-09-25,274.497009,11863400,yahoo
TSM,2025-09-26,271.222778,10451900,yahoo
TSM,2025-09-29,271.093842,8046200,yahoo
TSM,2025-09-30,277.106476,8348800,yahoo
TSM,2025-10-01,286.214661,14620100,yahoo
TSM,2025-10-02,285.857483,10198000,yahoo
TSM,2025-10-03,289.905609,10572500,yahoo
TSM,2025-10-06,300.035797,15785000,yahoo
TSM,2025-10-07,291.731201,13081000,yahoo
TSM,2025-10-08,302.139191,12821200,yahoo
TSM,2025-10-09,297.535492,10259900,yahoo
TSM,2025-10-10,278.465759,23398000,yahoo
TSM,2025-10-13,300.521973,20318300,yahoo
TSM,2025-10-14,293.626282,16567900,yahoo
TSM,2025-10-15,302.327728,20788000,yahoo
TSM,2025-10-16,297.495789,26341500,yahoo
TSM,2025-10-17,292.77298,17633300,yahoo
TSM,2025-10-20,295.372559,13391600,yahoo
TSM,2025-10-21,292.207489,11190500,yahoo
TSM,2025-10-22,286.62149,15409100,yahoo
TSM,2025-10-23,288.457031,10379900,yahoo
TSM,2025-10-24,292.653931,8747000,yahoo
TSM,2025-10-27,295.918213,13615000,yahoo
TSM,2025-10-28,299.172577,11804200,yahoo
TSM,2025-10-29,302.704742,16177300,yahoo
TSM,2025-10-30,300.849365,14507100,yahoo
TSM,2025-10-31,298.081177,12667900,yahoo
TSM,2025-11-03,302.476532,12466600,yahoo
TSM,2025-11-04,291.751038,16224300,yahoo
TSM,2025-11-05,291.344238,10502500,yahoo
TSM,2025-11-06,286.978668,11516900,yahoo
TSM,2025-11-07,284.260071,15715700,yahoo
TSM,2025-11-10,292.961517,10869200,yahoo
TSM,2025-11-11,288.893555,9666300,yahoo
TSM,2025-11-12,288.3479,9715900,yahoo
TSM,2025-11-13,279.993713,13827600,yahoo
TSM,2025-11-14,282.593262,11486800,yahoo
TSM,2025-11-17,279.805206,10227100,yahoo
TSM,2025-11-18,275.737244,11850400,yahoo
TSM,2025-11-19,280.162384,11179200,yahoo
TSM,2025-11-20,275.330444,15747300,yahoo
TSM,2025-11-21,272.909515,20872800,yahoo
TSM,2025-11-24,282.414612,13570300,yahoo
TSM,2025-11-25,282.454315,13726800,yahoo
TSM,2025-11-26,287.693024,12220300,yahoo
TSM,2025-11-28,289.230896,5515400,yahoo
TSM,2025-12-01,285.430878,7713000,yahoo
TSM,2025-12-02,289.806366,10746400,yahoo
TSM,2025-12-03,293.140137,9599200,yahoo
TSM,2025-12-04,290.639832,6753000,yahoo
TSM,2025-12-05,292.415833,10275300,yahoo
TSM,2025-12-08,299.509888,16643100,yahoo
TSM,2025-12-09,301.037872,11349100,yahoo
TSM,2025-12-10,307.715271,12429200,yahoo
TSM,2025-12-11,303.283173,15028400,yahoo
TSM,2025-12-12,290.539001,19306100,yahoo
TSM,2025-12-15,286.261078,12082400,yahoo
TSM,2025-12-16,285.395569,11418400,yahoo
TSM,2025-12-17,275.536499,16823000,yahoo
TSM,2025-12-18,283.216827,11260300,yahoo
TSM,2025-12-19,287.464874,12735800,yahoo
TSM,2025-12-22,291.772644,6091100,yahoo
TSM,2025-12-23,295.423767,6802300,yahoo
TSM,2025-12-24,297.264252,2753900,yahoo
TSM,2025-12-26,301.283478,5125900,yahoo
TSM,2025-12-29,299.373383,6205100,yahoo
TSM,2025-12-30,298.040253,6190600,yahoo
TSM,2025-12-31,302.328125,8175100,yahoo
TSM,2026-01-02,317.967285,18526900,yahoo
TSM,2026-01-05,320.593719,17446300,yahoo
TSM,2026-01-06,325.747101,15599600,yahoo
TSM,2026-01-07,317.042053,11744800,yahoo
TSM,2026-01-08,316.375549,10850800,yahoo
TSM,2026-01-09,321.966644,12325100,yahoo
TSM,2026-01-12,330.064789,12714800,yahoo
TSM,2026-01-13,329.50766,11473600,yahoo
TSM,2026-01-14,325.428741,11210800,yahoo
TSM,2026-01-15,339.884094,42188500,yahoo
TSM,2026-01-16,340.640137,18246100,yahoo
TSM,2026-01-20,325.478485,22809900,yahoo
TSM,2026-01-21,324.443848,16789800,yahoo
TSM,2026-01-22,325.687408,12801000,yahoo
TSM,2026-01-23,333.148865,12904400,yahoo
TSM,2026-01-26,330.999969,8646400,yahoo
TSM,2026-01-27,336.601013,11298100,yahoo
TSM,2026-01-28,340.54068,12140100,yahoo
TSM,2026-01-29,337.80481,13844800,yahoo
TSM,2026-01-30,328.861023,12028100,yahoo
TSM,2026-02-02,339.605499,12459100,yahoo
TSM,2026-02-03,334.024323,12540000,yahoo
TSM,2026-02-04,324.065796,18176000,yahoo
TSM,2026-02-05,329.030151,14812000,yahoo
TSM,2026-02-06,347.057037,17025500,yahoo
TSM,2026-02-09,353.583282,14594900,yahoo
TSM,2026-02-10,360.049896,14622100,yahoo
TSM,2026-02-11,372.167267,18651300,yahoo
TSM,2026-02-12,366.208099,16835400,yahoo
TSM,2026-02-13,364.47702,10468200,yahoo
TSM,2026-02-17,362.328125,10063800,yahoo
TSM,2026-02-18,360.398102,7310500,yahoo
TSM,2026-02-19,358.53772,6346500,yahoo
TSM,2026-02-20,368.635559,9009200,yahoo
TSM,2026-02-23,368.138092,9550200,yahoo
TSM,2026-02-24,383.767365,13269500,yahoo
TSM,2026-02-25,385.737183,10948400,yahoo
TSM,2026-02-26,374.873322,14535700,yahoo
TSM,2026-02-27,372.654755,9186600,yahoo
TSM,2026-03-02,367.21286,12571600,yahoo
TSM,2026-03-03,351.315033,18580200,yahoo
TSM,2026-03-04,355.602875,12131100,yahoo
TSM,2026-03-05,352.04126,16249800,yahoo
TSM,2026-03-06,337.148224,13803000,yahoo
TSM,2026-03-09,346.907806,19182800,yahoo
TSM,2026-03-10,345.306061,12985600,yahoo
TSM,2026-03-11,352.73764,10683300,yahoo
TSM,2026-03-12,334.979401,17549400,yahoo
TSM,2026-03-13,336.571167,17299900,yahoo
TSM,2026-03-16,338.481323,11123500,yahoo
TSM,2026-03-17,345.171661,11434600,yahoo
TSM,2026-03-18,338.776642,12632600,yahoo
TSM,2026-03-19,337.998474,15411600,yahoo
TSM,2026-03-20,328.470764,17424200,yahoo
TSM,2026-03-23,337.659271,15857200,yahoo
TSM,2026-03-24,342.448029,9725000,yahoo
TSM,2026-03-25,346.937531,12166900,yahoo
TSM,2026-03-26,325.348053,14560200,yahoo
TSM,2026-03-27,325.976593,14484500,yahoo
TSM,2026-03-30,315.760529,15740000,yahoo
TSM,2026-03-31,337.160431,18488000,yahoo
TSM,2026-04-01,340.692139,15011600,yahoo
TSM,2026-04-02,338.247894,8994600,yahoo
TSM,2026-04-06,340.961517,5884800,yahoo
TSM,2026-04-07,344.513214,6823500,yahoo
TSM,2026-04-08,365.045105,16356900,yahoo
TSM,2026-04-09,364.636078,9246000,yahoo
TSM,2026-04-10,369.734131,13168200,yahoo
TSM,2026-04-13,368.706543,9596300,yahoo
TSM,2026-04-14,379.002441,12859500,yahoo
TSM,2026-04-15,374.223633,14955500,yahoo
TSM,2026-04-16,362.501068,26405800,yahoo
TSM,2026-04-17,369.634369,18419400,yahoo
TSM,2026-04-20,365.384308,11638300,yahoo
TSM,2026-04-21,367.220001,9808200,yahoo
TSM,2026-04-22,386.53479,16317200,yahoo
TSM,2026-04-23,381.765961,12224900,yahoo
TSM,2026-04-24,401.519684,21603600,yahoo
TSM,2026-04-27,404.033813,16561200,yahoo
TSM,2026-04-28,391.42334,14715800,yahoo
TSM,2026-04-29,392.909851,10313000,yahoo
TSM,2026-04-30,395.134644,12788100,yahoo
TSM,2026-05-01,396.740906,9926400,yahoo
TSM,2026-05-04,400.671661,9978500,yahoo
TSM,2026-05-05,393.488525,14579000,yahoo
TSM,2026-05-06,418.519897,17736400,yahoo
TSM,2026-05-07,413.182373,13403200,yahoo
TSM,2026-05-08,410.71814,18531200,yahoo
TSM,2026-05-11,403.594849,14680000,yahoo
TSM,2026-05-12,396.351807,18121800,yahoo
TSM,2026-05-13,398.865906,13127800,yahoo
TSM,2026-05-14,416.744049,18577100,yahoo
TSM,2026-05-15,403.405304,11868600,yahoo
TSM,2026-05-18,395.024933,12117200,yahoo
TSM,2026-05-19,391.692688,14083000,yahoo
TSM,2026-05-20,400.681671,10254300,yahoo
TSM,2026-05-21,406.19873,8937900,yahoo
TSM,2026-05-22,403.57489,7111900,yahoo
TSM,2026-05-26,411.356659,10132000,yahoo
TSM,2026-05-27,421.74234,14695600,yahoo
TSM,2026-05-28,423.86734,8905800,yahoo
TSM,2026-05-29,417.472351,11232300,yahoo
TSM,2026-06-01,434.612213,18040400,yahoo
TSM,2026-06-02,445.646362,10147900,yahoo
TSM,2026-06-03,435.669739,10245200,yahoo
TSM,2026-06-04,443.880524,10974100,yahoo
TSM,2026-06-05,414.200012,19644200,yahoo
TSM,2026-06-08,425.802826,11245400,yahoo
TSM,2026-06-09,426.920227,21199500,yahoo
TSM,2026-06-10,407.795013,13139700,yahoo
TSM,2026-06-11,421.070007,13826500,yahoo
TSM,2026-06-12,423.929993,10362500,yahoo
TSM,2026-06-15,441.399994,11184900,yahoo
TSM,2026-06-16,425.829987,10943500,yahoo
TSM,2026-06-17,432.149994,10934100,yahoo
TSM,2026-06-18,462.119995,25817100,yahoo
TSM,2026-06-22,467.670013,13686200,yahoo
TSM,2026-06-23,436.390015,20364500,yahoo
TSM,2026-06-24,440.829987,9991200,yahoo
TSM,2026-06-25,434.98999,14769500,yahoo
TSM,2026-06-26,432.350006,17974100,yahoo
TSM,2026-06-29,455.100006,14881400,yahoo
TSM,2026-06-30,477.570007,15074300,yahoo
TSM,2026-07-01,444.230011,18534800,yahoo
TSM,2026-07-02,434.160004,18375000,yahoo
TSM,2026-07-06,451.790009,12788500,yahoo
TSM,2026-07-07,432.570007,14898400,yahoo
TSM,2026-07-08,436.980011,11411200,yahoo
TSM,2026-07-09,436.959991,11455600,yahoo
TSM,2026-07-10,434.109985,9595100,yahoo
TSM,2026-07-13,421.579987,14329800,yahoo
TSM,2026-07-14,420.390015,14279000,yahoo
TSM,2026-07-15,419.480011,17012300,yahoo
TSM,2026-07-16,409.73999,24891300,yahoo
TSM,2026-07-17,398.369995,20986500,yahoo
TSM,2026-07-20,402.299988,11653600,yahoo
TSM,2026-07-21,424.609985,18210100,yahoo
TSM,2026-07-22,421.209991,10259500,yahoo
TSM,2026-07-23,415.579987,11048800,yahoo
TSM,2026-07-24,403.410004,11525100,yahoo
TSM,2026-07-27,399.089996,17932300,yahoo
TSM,2026-07-28,392.309998,18276300,yahoo
TSM,2026-07-29,374.670013,21700200,yahoo
TSM,2026-07-30,403.309998,17474200,yahoo
TSM,2026-07-31,404.25,11956100,yahoo
TSM,2026-08-03,406.109985,12676900,yahoo
TSM,2026-08-04,417.170013,13929100,yahoo
TSM,2026-08-05,414.0,12763900,yahoo
MRVL,2025-08-06,75.159866,14469700,yahoo
MRVL,2025-08-07,75.688744,14628000,yahoo
MRVL,2025-08-08,77.175568,9971300,yahoo
MRVL,2025-08-11,77.1157,11843600,yahoo
MRVL,2025-08-12,77.644569,15547900,yahoo
MRVL,2025-08-13,79.151367,11740200,yahoo
MRVL,2025-08-14,78.871964,10127800,yahoo
MRVL,2025-08-15,76.028023,13212900,yahoo
MRVL,2025-08-18,76.576843,10192500,yahoo
MRVL,2025-08-19,71.916779,16963400,yahoo
MRVL,2025-08-20,71.068581,19895200,yahoo
MRVL,2025-08-21,71.058609,9854100,yahoo
MRVL,2025-08-22,72.844795,14435900,yahoo
MRVL,2025-08-25,72.794907,10057700,yahoo
MRVL,2025-08-26,74.102127,12302300,yahoo
MRVL,2025-08-27,74.630997,11373500,yahoo
MRVL,2025-08-28,77.065811,36895300,yahoo
MRVL,2025-08-29,62.736336,96830800,yahoo
MRVL,2025-09-02,64.462662,36275600,yahoo
MRVL,2025-09-03,62.177532,34297300,yahoo
MRVL,2025-09-04,63.963722,27726400,yahoo
MRVL,2025-09-05,63.195358,25793100,yahoo
MRVL,2025-09-08,65.85968,24466600,yahoo
MRVL,2025-09-09,66.697899,17226000,yahoo
MRVL,2025-09-10,66.957336,23751400,yahoo
MRVL,2025-09-11,66.448418,13912400,yahoo
MRVL,2025-09-12,67.206818,14868600,yahoo
MRVL,2025-09-15,67.286644,17340800,yahoo
MRVL,2025-09-16,68.7136,15931000,yahoo
MRVL,2025-09-17,70.829102,29593100,yahoo
MRVL,2025-09-18,74.072189,28894800,yahoo
MRVL,2025-09-19,74.102127,31788100,yahoo
MRVL,2025-09-22,75.369423,20037700,yahoo
MRVL,2025-09-23,74.461357,21403700,yahoo
MRVL,2025-09-24,79.919724,50429500,yahoo
MRVL,2025-09-25,83.631821,43286000,yahoo
MRVL,2025-09-26,82.993179,26715100,yahoo
MRVL,2025-09-29,82.214828,20468300,yahoo
MRVL,2025-09-30,83.891266,18751700,yahoo
MRVL,2025-10-01,83.711647,20038400,yahoo
MRVL,2025-10-02,86.016731,21698700,yahoo
MRVL,2025-10-03,86.03669,15679200,yahoo
MRVL,2025-10-06,88.730949,20580500,yahoo
MRVL,2025-10-07,86.785095,17609500,yahoo
MRVL,2025-10-08,92.303352,20451000,yahoo
MRVL,2025-10-09,90.487213,14868400,yahoo
MRVL,2025-10-10,85.48455,30545700,yahoo
MRVL,2025-10-13,89.259018,20563500,yahoo
MRVL,2025-10-14,86.093658,15447600,yahoo
MRVL,2025-10-15,88.759743,15202200,yahoo
MRVL,2025-10-16,88.100723,12988900,yahoo
MRVL,2025-10-17,87.821121,13244000,yahoo
MRVL,2025-10-20,85.714211,16137500,yahoo
MRVL,2025-10-21,84.136536,13242100,yahoo
MRVL,2025-10-22,80.931244,19218600,yahoo
MRVL,2025-10-23,82.648712,10335800,yahoo
MRVL,2025-10-24,84.006714,11661400,yahoo
MRVL,2025-10-27,88.580009,16331600,yahoo
MRVL,2025-10-28,88.330376,13029300,yahoo
MRVL,2025-10-29,90.017906,13399900,yahoo
MRVL,2025-10-30,88.440216,11903800,yahoo
MRVL,2025-10-31,93.602646,29320800,yahoo
MRVL,2025-11-03,90.237579,14308700,yahoo
MRVL,2025-11-04,87.461647,13630000,yahoo
MRVL,2025-11-05,92.763878,17194500,yahoo
MRVL,2025-11-06,93.193245,28022500,yahoo
MRVL,2025-11-07,90.786774,20898700,yahoo
MRVL,2025-11-10,93.093391,14570700,yahoo
MRVL,2025-11-11,89.199104,13538500,yahoo
MRVL,2025-11-12,89.199104,11846700,yahoo
MRVL,2025-11-13,87.391754,17226600,yahoo
MRVL,2025-11-14,86.323318,12414100,yahoo
MRVL,2025-11-17,83.327713,16548600,yahoo
MRVL,2025-11-18,78.564705,23426900,yahoo
MRVL,2025-11-19,81.200836,13688200,yahoo
MRVL,2025-11-20,76.567642,23315900,yahoo
MRVL,2025-11-21,77.33651,16211000,yahoo
MRVL,2025-11-24,83.667221,23945100,yahoo
MRVL,2025-11-25,83.307747,11667900,yahoo
MRVL,2025-11-26,87.591461,15019100,yahoo
MRVL,2025-11-28,89.269005,11235600,yahoo
MRVL,2025-12-01,90.966515,18143400,yahoo
MRVL,2025-12-02,92.753883,38231100,yahoo
MRVL,2025-12-03,100.053169,52833700,yahoo
MRVL,2025-12-04,98.04612,23981800,yahoo
MRVL,2025-12-05,98.765076,22219900,yahoo
MRVL,2025-12-08,91.865196,40731000,yahoo
MRVL,2025-12-09,88.769737,23037400,yahoo
MRVL,2025-12-10,92.334503,22573600,yahoo
MRVL,2025-12-11,89.298958,16593500,yahoo
MRVL,2025-12-12,84.306282,21576300,yahoo
MRVL,2025-12-15,84.136536,11953300,yahoo
MRVL,2025-12-16,83.946808,9483800,yahoo
MRVL,2025-12-17,81.580276,16662700,yahoo
MRVL,2025-12-18,84.346222,12732100,yahoo
MRVL,2025-12-19,83.966774,21722200,yahoo
MRVL,2025-12-22,84.675743,9871000,yahoo
MRVL,2025-12-23,87.551529,12334100,yahoo
MRVL,2025-12-24,86.363266,5335300,yahoo
MRVL,2025-12-26,86.213478,5001000,yahoo
MRVL,2025-12-29,85.634338,9677700,yahoo
MRVL,2025-12-30,86.632874,9583000,yahoo
MRVL,2025-12-31,84.855484,7234100,yahoo
MRVL,2026-01-02,89.259018,14987500,yahoo
MRVL,2026-01-05,90.097794,21328400,yahoo
MRVL,2026-01-06,88.100723,24322700,yahoo
MRVL,2026-01-07,84.515976,17230800,yahoo
MRVL,2026-01-08,83.327713,10695900,yahoo
MRVL,2026-01-09,83.157852,13486300,yahoo
MRVL,2026-01-12,82.828094,10146600,yahoo
MRVL,2026-01-13,82.987976,9133500,yahoo
MRVL,2026-01-14,81.149353,15295700,yahoo
MRVL,2026-01-15,80.319962,16593500,yahoo
MRVL,2026-01-16,80.39991,15011200,yahoo
MRVL,2026-01-20,79.740402,18688000,yahoo
MRVL,2026-01-21,82.48835,17134300,yahoo
MRVL,2026-01-22,83.037941,12997600,yahoo
MRVL,2026-01-23,80.170082,13924600,yahoo
MRVL,2026-01-26,81.708931,12464600,yahoo
MRVL,2026-01-27,82.868065,11307900,yahoo
MRVL,2026-01-28,83.557556,10311000,yahoo
MRVL,2026-01-29,81.279243,13944900,yahoo
MRVL,2026-01-30,78.861061,12581400,yahoo
MRVL,2026-02-02,78.601257,14513000,yahoo
MRVL,2026-02-03,75.483582,22563900,yahoo
MRVL,2026-02-04,73.674934,17506200,yahoo
MRVL,2026-02-05,74.154579,19202000,yahoo
MRVL,2026-02-06,80.220047,22581800,yahoo
MRVL,2026-02-09,82.288498,13775400,yahoo
MRVL,2026-02-10,81.948753,10561400,yahoo
MRVL,2026-02-11,81.279243,11636700,yahoo
MRVL,2026-02-12,78.171577,13643800,yahoo
MRVL,2026-02-13,78.551292,7615400,yahoo
MRVL,2026-02-17,78.950996,10568500,yahoo
MRVL,2026-02-18,79.03093,8408200,yahoo
MRVL,2026-02-19,79.550545,6512200,yahoo
MRVL,2026-02-20,79.420647,8795300,yahoo
MRVL,2026-02-23,77.731903,11622600,yahoo
MRVL,2026-02-24,78.331459,8396200,yahoo
MRVL,2026-02-25,80.859566,10524700,yahoo
MRVL,2026-02-26,79.230789,12326500,yahoo
MRVL,2026-02-27,81.62899,20253800,yahoo
MRVL,2026-03-02,80.799614,15228500,yahoo
MRVL,2026-03-03,77.45211,15826400,yahoo
MRVL,2026-03-04,78.03167,14677500,yahoo
MRVL,2026-03-05,75.623474,42620200,yahoo
MRVL,2026-03-06,89.503105,90071100,yahoo
MRVL,2026-03-09,92.580811,38873500,yahoo
MRVL,2026-03-10,93.230324,26499500,yahoo
MRVL,2026-03-11,90.372459,18446200,yahoo
MRVL,2026-03-12,87.604523,16854400,yahoo
MRVL,2026-03-13,87.794388,14108100,yahoo
MRVL,2026-03-16,91.511604,15875500,yahoo
MRVL,2026-03-17,90.722198,11622600,yahoo
MRVL,2026-03-18,87.554558,16096700,yahoo
MRVL,2026-03-19,89.463135,13388800,yahoo
MRVL,2026-03-20,87.844345,25570400,yahoo
MRVL,2026-03-23,90.092667,14126700,yahoo
MRVL,2026-03-24,92.291023,13731200,yahoo
MRVL,2026-03-25,98.376465,22562400,yahoo
MRVL,2026-03-26,97.607048,26078500,yahoo
MRVL,2026-03-27,94.809135,16507100,yahoo
MRVL,2026-03-30,87.744415,21463200,yahoo
MRVL,2026-03-31,98.976028,51286100,yahoo
MRVL,2026-04-01,106.630302,44072500,yahoo
MRVL,2026-04-02,107.030006,23667100,yahoo
MRVL,2026-04-06,109.428215,22700500,yahoo
MRVL,2026-04-07,109.298309,18965200,yahoo
MRVL,2026-04-08,114.364517,29455900,yahoo
MRVL,2026-04-09,119.840431,32718500,yahoo
MRVL,2026-04-10,128.458313,41187000,yahoo
MRVL,2026-04-13,131.267624,31264700,yahoo
MRVL,2026-04-14,133.796997,33600700,yahoo
MRVL,2026-04-15,134.566803,23450100,yahoo
MRVL,2026-04-16,133.337097,20830200,yahoo
MRVL,2026-04-17,139.655548,26341300,yahoo
MRVL,2026-04-20,147.803528,39548500,yahoo
MRVL,2026-04-21,151.272675,31901100,yahoo
MRVL,2026-04-22,157.281204,30765800,yahoo
MRVL,2026-04-23,165.519165,36938700,yahoo
MRVL,2026-04-24,164.26947,37599100,yahoo
MRVL,2026-04-27,158.17099,30281800,yahoo
MRVL,2026-04-28,153.1922,27128700,yahoo
MRVL,2026-04-29,156.531387,20649000,yahoo
MRVL,2026-04-30,165.109268,20327000,yahoo
MRVL,2026-05-01,164.909317,13071700,yahoo
MRVL,2026-05-04,163.619644,14547000,yahoo
MRVL,2026-05-05,168.708374,22284400,yahoo
MRVL,2026-05-06,172.107529,23205300,yahoo
MRVL,2026-05-07,159.970535,23683600,yahoo
MRVL,2026-05-08,170.088043,20589000,yahoo
MRVL,2026-05-11,170.797867,22947600,yahoo
MRVL,2026-05-12,164.459427,21367800,yahoo
MRVL,2026-05-13,177.906113,31862600,yahoo
MRVL,2026-05-14,182.534973,32661100,yahoo
MRVL,2026-05-15,176.846375,24757300,yahoo
MRVL,2026-05-18,168.888321,24439000,yahoo
MRVL,2026-05-19,176.226532,25003300,yahoo
MRVL,2026-05-20,186.753937,29808100,yahoo
MRVL,2026-05-21,190.642975,21506100,yahoo
MRVL,2026-05-22,196.281586,19823200,yahoo
MRVL,2026-05-26,208.208633,42558200,yahoo
MRVL,2026-05-27,198.650986,54198500,yahoo
MRVL,2026-05-28,204.77948,52624900,yahoo
MRVL,2026-05-29,204.949432,34024700,yahoo
MRVL,2026-06-01,219.37587,32926900,yahoo
MRVL,2026-06-02,290.718292,112646200,yahoo
MRVL,2026-06-03,301.575592,115542800,yahoo
MRVL,2026-06-04,316.351959,86903500,yahoo
MRVL,2026-06-05,263.405029,93976400,yahoo
MRVL,2026-06-08,288.778778,84575500,yahoo
MRVL,2026-06-09,266.814178,94754500,yahoo
MRVL,2026-06-10,252.527695,54175100,yahoo
MRVL,2026-06-11,280.640747,57254500,yahoo
MRVL,2026-06-12,279.631012,42047300,yahoo
MRVL,2026-06-15,308.803833,54963600,yahoo
MRVL,2026-06-16,278.601288,59201300,yahoo
MRVL,2026-06-17,289.468597,50607300,yahoo
MRVL,2026-06-18,310.503387,250989400,yahoo
MRVL,2026-06-22,307.784058,49225100,yahoo
MRVL,2026-06-23,278.971191,46361100,yahoo
MRVL,2026-06-24,276.631775,35747400,yahoo
MRVL,2026-06-25,281.190643,39131600,yahoo
MRVL,2026-06-26,266.704193,41986200,yahoo
MRVL,2026-06-29,277.681488,31749200,yahoo
MRVL,2026-06-30,297.816528,37520100,yahoo
MRVL,2026-07-01,271.98288,33822700,yahoo
MRVL,2026-07-02,245.229492,38435900,yahoo
MRVL,2026-07-06,249.208527,25703100,yahoo
MRVL,2026-07-07,230.643097,36163800,yahoo
MRVL,2026-07-08,231.652863,25541800,yahoo
MRVL,2026-07-09,243.210007,21245300,yahoo
MRVL,2026-07-10,235.809998,15106000,yahoo
MRVL,2026-07-13,217.529999,25615300,yahoo
MRVL,2026-07-14,222.440002,20705500,yahoo
MRVL,2026-07-15,206.259995,26827600,yahoo
MRVL,2026-07-16,188.300003,34893000,yahoo
MRVL,2026-07-17,188.679993,29656300,yahoo
MRVL,2026-07-20,194.940002,25070600,yahoo
MRVL,2026-07-21,207.960007,22153600,yahoo
MRVL,2026-07-22,210.990005,16890300,yahoo
MRVL,2026-07-23,209.320007,16359900,yahoo
MRVL,2026-07-24,194.229996,19837100,yahoo
MRVL,2026-07-27,189.169998,21637700,yahoo
MRVL,2026-07-28,174.470001,29188500,yahoo
MRVL,2026-07-29,163.399994,25708900,yahoo
MRVL,2026-07-30,183.300003,29861700,yahoo
MRVL,2026-07-31,187.559998,26835500,yahoo
MRVL,2026-08-03,193.779999,21015800,yahoo
MRVL,2026-08-04,218.589996,33923400,yahoo
MRVL,2026-08-05,211.020004,16814400,yahoo
LITE,2025-08-06,110.010002,2283400,yahoo
LITE,2025-08-07,111.129997,1339200,yahoo
LITE,2025-08-08,116.269997,2694600,yahoo
LITE,2025-08-11,115.029999,4315100,yahoo
LITE,2025-08-12,119.660004,5861200,yahoo
LITE,2025-08-13,120.230003,9253200,yahoo
LITE,2025-08-14,114.620003,5324000,yahoo
LITE,2025-08-15,115.860001,3165300,yahoo
LITE,2025-08-18,118.980003,2973800,yahoo
LITE,2025-08-19,117.959999,3167500,yahoo
LITE,2025-08-20,115.889999,3361600,yahoo
LITE,2025-08-21,117.43,1867300,yahoo
LITE,2025-08-22,119.339996,2679800,yahoo
LITE,2025-08-25,123.419998,2887600,yahoo
LITE,2025-08-26,124.620003,3018600,yahoo
LITE,2025-08-27,125.839996,2972200,yahoo
LITE,2025-08-28,135.550003,6643900,yahoo
LITE,2025-08-29,132.809998,2842600,yahoo
LITE,2025-09-02,132.554993,2671600,yahoo
LITE,2025-09-03,134.119995,5219000,yahoo
LITE,2025-09-04,141.910004,8464800,yahoo
LITE,2025-09-05,149.460007,6409700,yahoo
LITE,2025-09-08,149.399994,3453200,yahoo
LITE,2025-09-09,151.729996,2154100,yahoo
LITE,2025-09-10,164.880005,5794000,yahoo
LITE,2025-09-11,164.880005,3672400,yahoo
LITE,2025-09-12,163.020004,2954300,yahoo
LITE,2025-09-15,168.770004,3859200,yahoo
LITE,2025-09-16,170.899994,2925000,yahoo
LITE,2025-09-17,163.339996,4947600,yahoo
LITE,2025-09-18,171.5,3518000,yahoo
LITE,2025-09-19,168.729996,4448300,yahoo
LITE,2025-09-22,164.710007,4080300,yahoo
LITE,2025-09-23,163.990005,3052000,yahoo
LITE,2025-09-24,152.75,5478400,yahoo
LITE,2025-09-25,159.110001,4751700,yahoo
LITE,2025-09-26,160.75,2310000,yahoo
LITE,2025-09-29,162.580002,2385200,yahoo
LITE,2025-09-30,162.710007,1709600,yahoo
LITE,2025-10-01,171.399994,3262200,yahoo
LITE,2025-10-02,169.75,2194600,yahoo
LITE,2025-10-03,163.809998,3197400,yahoo
LITE,2025-10-06,160.600006,3114100,yahoo
LITE,2025-10-07,157.149994,2523900,yahoo
LITE,2025-10-08,163.089996,2258200,yahoo
LITE,2025-10-09,159.759995,1854400,yahoo
LITE,2025-10-10,149.610001,3375900,yahoo
LITE,2025-10-13,160.559998,2837900,yahoo
LITE,2025-10-14,156.779999,2444000,yahoo
LITE,2025-10-15,156.570007,2393300,yahoo
LITE,2025-10-16,163.229996,2608200,yahoo
LITE,2025-10-17,164.770004,2075300,yahoo
LITE,2025-10-20,161.0,2675000,yahoo
LITE,2025-10-21,162.949997,2416700,yahoo
LITE,2025-10-22,158.059998,2407300,yahoo
LITE,2025-10-23,168.5,2404400,yahoo
LITE,2025-10-24,179.300003,4055500,yahoo
LITE,2025-10-27,193.800003,5437800,yahoo
LITE,2025-10-28,198.389999,3168800,yahoo
LITE,2025-10-29,214.279999,6030200,yahoo
LITE,2025-10-30,200.130005,4242400,yahoo
LITE,2025-10-31,201.559998,3449900,yahoo
LITE,2025-11-03,199.580002,5246900,yahoo
LITE,2025-11-04,188.360001,5864300,yahoo
LITE,2025-11-05,232.75,11152700,yahoo
LITE,2025-11-06,239.679993,7209900,yahoo
LITE,2025-11-07,240.110001,5621300,yahoo
LITE,2025-11-10,259.890015,7156800,yahoo
LITE,2025-11-11,252.470001,3518500,yahoo
LITE,2025-11-12,253.809998,4959800,yahoo
LITE,2025-11-13,226.860001,5436500,yahoo
LITE,2025-11-14,232.149994,4483900,yahoo
LITE,2025-11-17,242.070007,4212300,yahoo
LITE,2025-11-18,247.429993,5416400,yahoo
LITE,2025-11-19,268.920013,6481800,yahoo
LITE,2025-11-20,233.240005,7680900,yahoo
LITE,2025-11-21,255.589996,7714600,yahoo
LITE,2025-11-24,299.359985,7586200,yahoo
LITE,2025-11-25,291.269989,6371900,yahoo
LITE,2025-11-26,308.279999,4184500,yahoo
LITE,2025-11-28,325.160004,2194000,yahoo
LITE,2025-12-01,317.929993,4932900,yahoo
LITE,2025-12-02,302.809998,5794700,yahoo
LITE,2025-12-03,302.980011,3207400,yahoo
LITE,2025-12-04,327.850006,4444500,yahoo
LITE,2025-12-05,331.410004,3542600,yahoo
LITE,2025-12-08,342.559998,3269700,yahoo
LITE,2025-12-09,360.329987,4494300,yahoo
LITE,2025-12-10,366.0,5333100,yahoo
LITE,2025-12-11,372.089996,3394000,yahoo
LITE,2025-12-12,324.350006,6869100,yahoo
LITE,2025-12-15,334.690002,4708500,yahoo
LITE,2025-12-16,316.149994,4921000,yahoo
LITE,2025-12-17,320.25,4164200,yahoo
LITE,2025-12-18,337.130005,3966400,yahoo
LITE,2025-12-19,371.429993,4410200,yahoo
LITE,2025-12-22,389.880005,3125500,yahoo
LITE,2025-12-23,387.410004,1627000,yahoo
LITE,2025-12-24,395.920013,1522400,yahoo
LITE,2025-12-26,390.769989,1585300,yahoo
LITE,2025-12-29,372.609985,2965700,yahoo
LITE,2025-12-30,371.179993,1610100,yahoo
LITE,2025-12-31,368.589996,1595000,yahoo
LITE,2026-01-02,386.109985,2819300,yahoo
LITE,2026-01-05,357.049988,5787800,yahoo
LITE,2026-01-06,397.420013,5619700,yahoo
LITE,2026-01-07,392.880005,4716300,yahoo
LITE,2026-01-08,348.26001,5137300,yahoo
LITE,2026-01-09,351.420013,5914400,yahoo
LITE,2026-01-12,339.869995,5803900,yahoo
LITE,2026-01-13,361.329987,3834500,yahoo
LITE,2026-01-14,331.619995,3665000,yahoo
LITE,2026-01-15,343.269989,3651700,yahoo
LITE,2026-01-16,324.25,3780700,yahoo
LITE,2026-01-20,356.829987,5318000,yahoo
LITE,2026-01-21,362.440002,4969400,yahoo
LITE,2026-01-22,354.48999,4465600,yahoo
LITE,2026-01-23,339.190002,3469400,yahoo
LITE,2026-01-26,332.450012,2726800,yahoo
LITE,2026-01-27,370.660004,3618600,yahoo
LITE,2026-01-28,385.0,4356800,yahoo
LITE,2026-01-29,381.440002,4006600,yahoo
LITE,2026-01-30,391.839996,7098800,yahoo
LITE,2026-02-02,423.420013,5799100,yahoo
LITE,2026-02-03,435.100006,8109400,yahoo
LITE,2026-02-04,465.540009,12144900,yahoo
LITE,2026-02-05,504.420013,8673000,yahoo
LITE,2026-02-06,551.98999,6735500,yahoo
LITE,2026-02-09,577.150024,5903800,yahoo
LITE,2026-02-10,561.130005,4787700,yahoo
LITE,2026-02-11,574.109985,4011200,yahoo
LITE,2026-02-12,583.460022,4605700,yahoo
LITE,2026-02-13,562.73999,4973000,yahoo
LITE,2026-02-17,600.419983,5625000,yahoo
LITE,2026-02-18,594.26001,2995100,yahoo
LITE,2026-02-19,635.640015,4206200,yahoo
LITE,2026-02-20,667.77002,4289500,yahoo
LITE,2026-02-23,674.72998,4493000,yahoo
LITE,2026-02-24,688.27002,3573400,yahoo
LITE,2026-02-25,723.390015,4667700,yahoo
LITE,2026-02-26,677.0,5468000,yahoo
LITE,2026-02-27,700.909973,8912200,yahoo
LITE,2026-03-02,783.25,6888700,yahoo
LITE,2026-03-03,694.429993,7208700,yahoo
LITE,2026-03-04,680.799988,7905300,yahoo
LITE,2026-03-05,650.820007,6743800,yahoo
LITE,2026-03-06,558.440002,8754300,yahoo
LITE,2026-03-09,640.690002,7822700,yahoo
LITE,2026-03-10,672.0,7129000,yahoo
LITE,2026-03-11,672.0,4080600,yahoo
LITE,2026-03-12,616.090027,4922500,yahoo
LITE,2026-03-13,622.5,3849700,yahoo
LITE,2026-03-16,624.840027,5036600,yahoo
LITE,2026-03-17,649.559998,9003700,yahoo
LITE,2026-03-18,700.809998,9636400,yahoo
LITE,2026-03-19,772.130005,7567000,yahoo
LITE,2026-03-20,706.349976,22868800,yahoo
LITE,2026-03-23,728.950012,7352900,yahoo
LITE,2026-03-24,801.98999,6993700,yahoo
LITE,2026-03-25,777.169983,4969400,yahoo
LITE,2026-03-26,688.799988,6305600,yahoo
LITE,2026-03-27,702.72998,5275100,yahoo
LITE,2026-03-30,654.789978,7436400,yahoo
LITE,2026-03-31,702.76001,6115900,yahoo
LITE,2026-04-01,764.650024,6911900,yahoo
LITE,2026-04-02,826.880005,7886200,yahoo
LITE,2026-04-06,772.280029,5809700,yahoo
LITE,2026-04-07,815.75,5486600,yahoo
LITE,2026-04-08,896.02002,7025400,yahoo
LITE,2026-04-09,894.130005,7034600,yahoo
LITE,2026-04-10,897.299988,7136100,yahoo
LITE,2026-04-13,871.179993,6558600,yahoo
LITE,2026-04-14,852.789978,5461900,yahoo
LITE,2026-04-15,824.01001,5994400,yahoo
LITE,2026-04-16,891.219971,6115700,yahoo
LITE,2026-04-17,894.070007,4343900,yahoo
LITE,2026-04-20,895.109985,3337500,yahoo
LITE,2026-04-21,836.919983,5725500,yahoo
LITE,2026-04-22,873.599976,4635200,yahoo
LITE,2026-04-23,846.890015,3756400,yahoo
LITE,2026-04-24,881.640015,4205800,yahoo
LITE,2026-04-27,859.679993,5289700,yahoo
LITE,2026-04-28,791.369995,5547700,yahoo
LITE,2026-04-29,858.320007,6179900,yahoo
LITE,2026-04-30,902.320007,6148500,yahoo
LITE,2026-05-01,949.929993,4774700,yahoo
LITE,2026-05-04,976.179993,5445800,yahoo
LITE,2026-05-05,994.559998,6588100,yahoo
LITE,2026-05-06,944.280029,9902100,yahoo
LITE,2026-05-07,892.580017,7268200,yahoo
LITE,2026-05-08,903.799988,6727600,yahoo
LITE,2026-05-11,1053.089966,9550900,yahoo
LITE,2026-05-12,992.369995,7562700,yahoo
LITE,2026-05-13,1030.369995,4398500,yahoo
LITE,2026-05-14,1001.809998,3557100,yahoo
LITE,2026-05-15,970.700012,10141800,yahoo
LITE,2026-05-18,884.97998,7197500,yahoo
LITE,2026-05-19,890.090027,5025800,yahoo
LITE,2026-05-20,868.070007,5195000,yahoo
LITE,2026-05-21,964.5,5781900,yahoo
LITE,2026-05-22,946.900024,3076900,yahoo
LITE,2026-05-26,910.809998,5212200,yahoo
LITE,2026-05-27,902.309998,4236000,yahoo
LITE,2026-05-28,860.619995,6128600,yahoo
LITE,2026-05-29,854.960022,6364000,yahoo
LITE,2026-06-01,905.0,7932700,yahoo
LITE,2026-06-02,1029.150024,8154600,yahoo
LITE,2026-06-03,938.0,6202200,yahoo
LITE,2026-06-04,945.080017,6060900,yahoo
LITE,2026-06-05,863.659973,7543900,yahoo
LITE,2026-06-08,895.400024,5097100,yahoo
LITE,2026-06-09,821.76001,7966100,yahoo
LITE,2026-06-10,853.26001,5839500,yahoo
LITE,2026-06-11,889.590027,4672200,yahoo
LITE,2026-06-12,921.559998,4553700,yahoo
LITE,2026-06-15,957.23999,5266100,yahoo
LITE,2026-06-16,875.359985,6070800,yahoo
LITE,2026-06-17,869.97998,5148200,yahoo
LITE,2026-06-18,850.0,8360800,yahoo
LITE,2026-06-22,893.929993,6909900,yahoo
LITE,2026-06-23,827.919983,4817100,yahoo
LITE,2026-06-24,842.530029,4452700,yahoo
LITE,2026-06-25,861.969971,4522200,yahoo
LITE,2026-06-26,816.97998,9122000,yahoo
LITE,2026-06-29,851.400024,5604200,yahoo
LITE,2026-06-30,858.059998,4246600,yahoo
LITE,2026-07-01,801.159973,4202800,yahoo
LITE,2026-07-02,728.320007,5217800,yahoo
LITE,2026-07-06,731.25,3805500,yahoo
LITE,2026-07-07,698.909973,3750800,yahoo
LITE,2026-07-08,707.099976,2586200,yahoo
LITE,2026-07-09,785.77002,5520000,yahoo
LITE,2026-07-10,802.01001,3675800,yahoo
LITE,2026-07-13,768.150024,3694400,yahoo
LITE,2026-07-14,814.799988,3768900,yahoo
LITE,2026-07-15,752.0,4205400,yahoo
LITE,2026-07-16,706.22998,3984900,yahoo
LITE,2026-07-17,732.820007,4940200,yahoo
LITE,2026-07-20,765.549988,4428700,yahoo
LITE,2026-07-21,837.559998,4043600,yahoo
LITE,2026-07-22,829.700012,3876200,yahoo
LITE,2026-07-23,833.640015,4547400,yahoo
LITE,2026-07-24,762.98999,3651200,yahoo
LITE,2026-07-27,711.960022,3744200,yahoo
LITE,2026-07-28,651.929993,5642300,yahoo
LITE,2026-07-29,602.349976,6388600,yahoo
LITE,2026-07-30,693.23999,5621200,yahoo
LITE,2026-07-31,713.940002,4550400,yahoo
LITE,2026-08-03,779.890015,4198400,yahoo
LITE,2026-08-04,849.469971,6642900,yahoo
LITE,2026-08-05,826.26001,3411500,yahoo
CIEN,2025-08-06,94.309998,1363500,yahoo
CIEN,2025-08-07,95.18,1216400,yahoo
CIEN,2025-08-08,95.059998,2021400,yahoo
CIEN,2025-08-11,93.379997,1409300,yahoo
CIEN,2025-08-12,96.400002,1488500,yahoo
CIEN,2025-08-13,94.660004,1547900,yahoo
CIEN,2025-08-14,91.419998,2612600,yahoo
CIEN,2025-08-15,90.870003,1478800,yahoo
CIEN,2025-08-18,91.93,1077600,yahoo
CIEN,2025-08-19,88.769997,1593800,yahoo
CIEN,2025-08-20,86.639999,1889700,yahoo
CIEN,2025-08-21,87.360001,1496000,yahoo
CIEN,2025-08-22,89.809998,1971300,yahoo
CIEN,2025-08-25,90.739998,1663800,yahoo
CIEN,2025-08-26,91.489998,1187200,yahoo
CIEN,2025-08-27,92.739998,1657600,yahoo
CIEN,2025-08-28,97.889999,2790400,yahoo
CIEN,2025-08-29,93.970001,2230600,yahoo
CIEN,2025-09-02,93.589996,2702400,yahoo
CIEN,2025-09-03,94.82,5741200,yahoo
CIEN,2025-09-04,116.919998,11296500,yahoo
CIEN,2025-09-05,116.690002,4410300,yahoo
CIEN,2025-09-08,119.0,2593300,yahoo
CIEN,2025-09-09,122.190002,2131800,yahoo
CIEN,2025-09-10,129.860001,3431800,yahoo
CIEN,2025-09-11,132.5,3381100,yahoo
CIEN,2025-09-12,131.279999,2778000,yahoo
CIEN,2025-09-15,135.899994,3375500,yahoo
CIEN,2025-09-16,137.479996,2907000,yahoo
CIEN,2025-09-17,136.380005,3196700,yahoo
CIEN,2025-09-18,138.039993,2048100,yahoo
CIEN,2025-09-19,138.369995,3153500,yahoo
CIEN,2025-09-22,139.309998,2613100,yahoo
CIEN,2025-09-23,139.479996,2846200,yahoo
CIEN,2025-09-24,138.419998,2367300,yahoo
CIEN,2025-09-25,137.169998,2808100,yahoo
CIEN,2025-09-26,141.929993,3795900,yahoo
CIEN,2025-09-29,144.119995,2318600,yahoo
CIEN,2025-09-30,145.669998,2088200,yahoo
CIEN,2025-10-01,151.720001,3107500,yahoo
CIEN,2025-10-02,152.660004,2280200,yahoo
CIEN,2025-10-03,151.449997,1762400,yahoo
CIEN,2025-10-06,153.25,3005500,yahoo
CIEN,2025-10-07,151.479996,2718500,yahoo
CIEN,2025-10-08,159.660004,1981300,yahoo
CIEN,2025-10-09,163.610001,2366000,yahoo
CIEN,2025-10-10,155.940002,3059300,yahoo
CIEN,2025-10-13,164.779999,2884700,yahoo
CIEN,2025-10-14,164.820007,1738600,yahoo
CIEN,2025-10-15,168.710007,2401800,yahoo
CIEN,2025-10-16,170.779999,2615900,yahoo
CIEN,2025-10-17,170.949997,1965600,yahoo
CIEN,2025-10-20,173.119995,2010800,yahoo
CIEN,2025-10-21,169.710007,2083700,yahoo
CIEN,2025-10-22,164.479996,3091100,yahoo
CIEN,2025-10-23,172.580002,2242000,yahoo
CIEN,2025-10-24,179.050003,1851300,yahoo
CIEN,2025-10-27,182.539993,1909200,yahoo
CIEN,2025-10-28,183.039993,2597000,yahoo
CIEN,2025-10-29,189.270004,2589100,yahoo
CIEN,2025-10-30,188.960007,1940800,yahoo
CIEN,2025-10-31,189.919998,2146200,yahoo
CIEN,2025-11-03,189.559998,1725700,yahoo
CIEN,2025-11-04,182.869995,3044900,yahoo
CIEN,2025-11-05,195.809998,2782500,yahoo
CIEN,2025-11-06,201.460007,2829700,yahoo
CIEN,2025-11-07,199.259995,3331000,yahoo
CIEN,2025-11-10,208.740005,3523300,yahoo
CIEN,2025-11-11,207.429993,2880000,yahoo
CIEN,2025-11-12,209.520004,2188800,yahoo
CIEN,2025-11-13,194.210007,3621700,yahoo
CIEN,2025-11-14,191.710007,5733900,yahoo
CIEN,2025-11-17,191.779999,3143600,yahoo
CIEN,2025-11-18,187.0,3498800,yahoo
CIEN,2025-11-19,188.779999,2725900,yahoo
CIEN,2025-11-20,176.449997,3939200,yahoo
CIEN,2025-11-21,178.259995,3812300,yahoo
CIEN,2025-11-24,194.699997,14026600,yahoo
CIEN,2025-11-25,196.240005,2114000,yahoo
CIEN,2025-11-26,200.289993,2033300,yahoo
CIEN,2025-11-28,204.210007,1262400,yahoo
CIEN,2025-12-01,200.919998,2303800,yahoo
CIEN,2025-12-02,202.5,2282800,yahoo
CIEN,2025-12-03,193.350006,3809100,yahoo
CIEN,2025-12-04,195.729996,2447300,yahoo
CIEN,2025-12-05,201.710007,2332300,yahoo
CIEN,2025-12-08,212.929993,3775000,yahoo
CIEN,2025-12-09,214.350006,3288500,yahoo
CIEN,2025-12-10,221.850006,3822200,yahoo
CIEN,2025-12-11,242.369995,8607300,yahoo
CIEN,2025-12-12,218.440002,4664500,yahoo
CIEN,2025-12-15,216.179993,2686500,yahoo
CIEN,2025-12-16,209.839996,2727100,yahoo
CIEN,2025-12-17,203.899994,2365600,yahoo
CIEN,2025-12-18,210.710007,3057100,yahoo
CIEN,2025-12-19,230.339996,4528300,yahoo
CIEN,2025-12-22,236.75,2811400,yahoo
CIEN,2025-12-23,240.289993,1802100,yahoo
CIEN,2025-12-24,240.279999,833200,yahoo
CIEN,2025-12-26,241.679993,946900,yahoo
CIEN,2025-12-29,239.0,1755600,yahoo
CIEN,2025-12-30,238.360001,1163000,yahoo
CIEN,2025-12-31,233.869995,1170200,yahoo
CIEN,2026-01-02,246.059998,1985000,yahoo
CIEN,2026-01-05,230.899994,3215900,yahoo
CIEN,2026-01-06,254.190002,3456200,yahoo
CIEN,2026-01-07,259.269989,3220700,yahoo
CIEN,2026-01-08,225.210007,4574100,yahoo
CIEN,2026-01-09,230.559998,2772100,yahoo
CIEN,2026-01-12,234.259995,2240000,yahoo
CIEN,2026-01-13,246.419998,1699200,yahoo
CIEN,2026-01-14,238.380005,1776700,yahoo
CIEN,2026-01-15,243.789993,1747700,yahoo
CIEN,2026-01-16,243.419998,2056200,yahoo
CIEN,2026-01-20,241.210007,2737900,yahoo
CIEN,2026-01-21,231.889999,2884900,yahoo
CIEN,2026-01-22,230.029999,2095000,yahoo
CIEN,2026-01-23,229.139999,1806100,yahoo
CIEN,2026-01-26,232.229996,1471500,yahoo
CIEN,2026-01-27,247.520004,1971300,yahoo
CIEN,2026-01-28,257.299988,2073000,yahoo
CIEN,2026-01-29,253.529999,2262400,yahoo
CIEN,2026-01-30,251.809998,3246900,yahoo
CIEN,2026-02-02,268.48999,2534000,yahoo
CIEN,2026-02-03,276.519989,3186600,yahoo
CIEN,2026-02-04,253.5,5577100,yahoo
CIEN,2026-02-05,252.979996,3316200,yahoo
CIEN,2026-02-06,271.320007,33471400,yahoo
CIEN,2026-02-09,289.679993,4303800,yahoo
CIEN,2026-02-10,298.700012,2274500,yahoo
CIEN,2026-02-11,297.25,3525900,yahoo
CIEN,2026-02-12,292.959991,2871500,yahoo
CIEN,2026-02-13,303.920013,3088200,yahoo
CIEN,2026-02-17,302.329987,2182200,yahoo
CIEN,2026-02-18,310.959991,2223800,yahoo
CIEN,2026-02-19,318.410004,2389500,yahoo
CIEN,2026-02-20,334.950012,2527700,yahoo
CIEN,2026-02-23,344.839996,2197400,yahoo
CIEN,2026-02-24,342.700012,2270200,yahoo
CIEN,2026-02-25,353.329987,2348300,yahoo
CIEN,2026-02-26,341.160004,2612900,yahoo
CIEN,2026-02-27,348.700012,3083000,yahoo
CIEN,2026-03-02,353.730011,2527500,yahoo
CIEN,2026-03-03,333.070007,3014100,yahoo
CIEN,2026-03-04,343.549988,2708600,yahoo
CIEN,2026-03-05,299.299988,7847000,yahoo
CIEN,2026-03-06,294.170013,3924200,yahoo
CIEN,2026-03-09,318.540009,3070300,yahoo
CIEN,2026-03-10,337.359985,3020900,yahoo
CIEN,2026-03-11,339.950012,2058400,yahoo
CIEN,2026-03-12,336.829987,2641100,yahoo
CIEN,2026-03-13,337.380005,2425800,yahoo
CIEN,2026-03-16,363.880005,3759700,yahoo
CIEN,2026-03-17,370.049988,3264000,yahoo
CIEN,2026-03-18,385.26001,4159500,yahoo
CIEN,2026-03-19,412.579987,3934600,yahoo
CIEN,2026-03-20,383.890015,5809600,yahoo
CIEN,2026-03-23,407.899994,3544000,yahoo
CIEN,2026-03-24,429.380005,3382000,yahoo
CIEN,2026-03-25,437.700012,2670800,yahoo
CIEN,2026-03-26,387.98999,3719900,yahoo
CIEN,2026-03-27,401.609985,2518000,yahoo
CIEN,2026-03-30,365.0,3512400,yahoo
CIEN,2026-03-31,388.230011,3021000,yahoo
CIEN,2026-04-01,415.390015,2677100,yahoo
CIEN,2026-04-02,447.76001,3617700,yahoo
CIEN,2026-04-06,434.26001,1939100,yahoo
CIEN,2026-04-07,447.880005,1969500,yahoo
CIEN,2026-04-08,494.01001,4110400,yahoo
CIEN,2026-04-09,487.380005,3280400,yahoo
CIEN,2026-04-10,496.019989,2498400,yahoo
CIEN,2026-04-13,479.899994,3048400,yahoo
CIEN,2026-04-14,467.190002,3429500,yahoo
CIEN,2026-04-15,475.76001,3041100,yahoo
CIEN,2026-04-16,495.170013,2298700,yahoo
CIEN,2026-04-17,507.429993,1926300,yahoo
CIEN,2026-04-20,503.269989,1963500,yahoo
CIEN,2026-04-21,505.929993,1805700,yahoo
CIEN,2026-04-22,498.970001,2778000,yahoo
CIEN,2026-04-23,515.849976,2281900,yahoo
CIEN,2026-04-24,520.799988,1418300,yahoo
CIEN,2026-04-27,506.339996,1684200,yahoo
CIEN,2026-04-28,473.690002,3103100,yahoo
CIEN,2026-04-29,475.390015,1830400,yahoo
CIEN,2026-04-30,527.580017,2665500,yahoo
CIEN,2026-05-01,535.289978,1733800,yahoo
CIEN,2026-05-04,538.51001,1198600,yahoo
CIEN,2026-05-05,544.75,1632400,yahoo
CIEN,2026-05-06,576.789978,2244800,yahoo
CIEN,2026-05-07,538.76001,3546900,yahoo
CIEN,2026-05-08,548.109985,1501600,yahoo
CIEN,2026-05-11,581.469971,2380700,yahoo
CIEN,2026-05-12,577.150024,1603700,yahoo
CIEN,2026-05-13,577.900024,1272700,yahoo
CIEN,2026-05-14,591.570007,1121900,yahoo
CIEN,2026-05-15,554.460022,2423400,yahoo
CIEN,2026-05-18,524.530029,2502800,yahoo
CIEN,2026-05-19,541.919983,2331500,yahoo
CIEN,2026-05-20,554.76001,1985900,yahoo
CIEN,2026-05-21,587.22998,1548500,yahoo
CIEN,2026-05-22,583.73999,1620800,yahoo
CIEN,2026-05-26,602.390015,1407700,yahoo
CIEN,2026-05-27,582.080017,1751500,yahoo
CIEN,2026-05-28,570.179993,1813700,yahoo
CIEN,2026-05-29,580.22998,3862900,yahoo
CIEN,2026-06-01,569.609985,2894200,yahoo
CIEN,2026-06-02,627.0,2725900,yahoo
CIEN,2026-06-03,620.369995,2654000,yahoo
CIEN,2026-06-04,535.630005,7611800,yahoo
CIEN,2026-06-05,488.209991,4195400,yahoo
CIEN,2026-06-08,466.670013,5635300,yahoo
CIEN,2026-06-09,439.339996,7863900,yahoo
CIEN,2026-06-10,434.649994,3869900,yahoo
CIEN,2026-06-11,445.220001,3000400,yahoo
CIEN,2026-06-12,445.980011,2665200,yahoo
CIEN,2026-06-15,463.410004,3955900,yahoo
CIEN,2026-06-16,430.299988,4210600,yahoo
CIEN,2026-06-17,436.720001,2883800,yahoo
CIEN,2026-06-18,428.220001,4297300,yahoo
CIEN,2026-06-22,460.329987,3863800,yahoo
CIEN,2026-06-23,459.850006,3816500,yahoo
CIEN,2026-06-24,463.51001,2802000,yahoo
CIEN,2026-06-25,484.690002,3554900,yahoo
CIEN,2026-06-26,479.5,8736100,yahoo
CIEN,2026-06-29,478.929993,4074900,yahoo
CIEN,2026-06-30,490.559998,2445500,yahoo
CIEN,2026-07-01,462.440002,2042900,yahoo
CIEN,2026-07-02,422.459991,2153800,yahoo
CIEN,2026-07-06,433.829987,1329600,yahoo
CIEN,2026-07-07,418.910004,1815700,yahoo
CIEN,2026-07-08,440.970001,1826200,yahoo
CIEN,2026-07-09,462.339996,2045400,yahoo
CIEN,2026-07-10,460.720001,1282900,yahoo
CIEN,2026-07-13,445.440002,1220500,yahoo
CIEN,2026-07-14,446.929993,1247200,yahoo
CIEN,2026-07-15,418.459991,1655800,yahoo
CIEN,2026-07-16,388.809998,2602500,yahoo
CIEN,2026-07-17,374.410004,3366100,yahoo
CIEN,2026-07-20,378.769989,1757400,yahoo
CIEN,2026-07-21,408.730011,2036400,yahoo
CIEN,2026-07-22,397.160004,1755700,yahoo
CIEN,2026-07-23,407.529999,1803700,yahoo
CIEN,2026-07-24,390.959991,1489200,yahoo
CIEN,2026-07-27,377.269989,1512500,yahoo
CIEN,2026-07-28,350.51001,4177400,yahoo
CIEN,2026-07-29,330.369995,2633300,yahoo
CIEN,2026-07-30,372.070007,2461500,yahoo
CIEN,2026-07-31,377.049988,1948400,yahoo
CIEN,2026-08-03,390.76001,1243700,yahoo
CIEN,2026-08-04,411.130005,2068800,yahoo
CIEN,2026-08-05,408.829987,1773200,yahoo
NET,2025-08-06,215.529999,2325100,yahoo
NET,2025-08-07,210.440002,2702100,yahoo
NET,2025-08-08,204.600006,1767200,yahoo
NET,2025-08-11,201.169998,2066400,yahoo
NET,2025-08-12,202.330002,2247700,yahoo
NET,2025-08-13,199.339996,2746000,yahoo
NET,2025-08-14,195.380005,2535700,yahoo
NET,2025-08-15,200.910004,2121900,yahoo
NET,2025-08-18,202.369995,2203800,yahoo
NET,2025-08-19,196.509995,2190800,yahoo
NET,2025-08-20,193.199997,3190600,yahoo
NET,2025-08-21,192.770004,1667000,yahoo
NET,2025-08-22,196.169998,1416700,yahoo
NET,2025-08-25,195.880005,1246500,yahoo
NET,2025-08-26,198.550003,2750300,yahoo
NET,2025-08-27,205.240005,2433600,yahoo
NET,2025-08-28,213.419998,2733100,yahoo
NET,2025-08-29,208.710007,2095100,yahoo
NET,2025-09-02,208.050003,1894000,yahoo
NET,2025-09-03,205.710007,1382400,yahoo
NET,2025-09-04,209.979996,1780000,yahoo
NET,2025-09-05,214.429993,1638300,yahoo
NET,2025-09-08,217.919998,2390300,yahoo
NET,2025-09-09,218.559998,1671500,yahoo
NET,2025-09-10,222.970001,2216000,yahoo
NET,2025-09-11,224.639999,3132400,yahoo
NET,2025-09-12,221.320007,1554100,yahoo
NET,2025-09-15,226.009995,1878500,yahoo
NET,2025-09-16,219.240005,2579600,yahoo
NET,2025-09-17,213.880005,3407100,yahoo
NET,2025-09-18,223.570007,3028400,yahoo
NET,2025-09-19,225.940002,4004100,yahoo
NET,2025-09-22,228.279999,2636200,yahoo
NET,2025-09-23,223.259995,2005600,yahoo
NET,2025-09-24,217.570007,2318900,yahoo
NET,2025-09-25,218.199997,2810600,yahoo
NET,2025-09-26,216.339996,1888400,yahoo
NET,2025-09-29,218.580002,1852300,yahoo
NET,2025-09-30,214.589996,1868900,yahoo
NET,2025-10-01,217.059998,2326000,yahoo
NET,2025-10-02,224.559998,2208800,yahoo
NET,2025-10-03,216.669998,2428200,yahoo
NET,2025-10-06,221.029999,1957500,yahoo
NET,2025-10-07,217.389999,2138900,yahoo
NET,2025-10-08,220.0,1970600,yahoo
NET,2025-10-09,220.949997,1478400,yahoo
NET,2025-10-10,213.820007,2118500,yahoo
NET,2025-10-13,222.559998,1824300,yahoo
NET,2025-10-14,217.550003,2645700,yahoo
NET,2025-10-15,217.380005,2168000,yahoo
NET,2025-10-16,211.399994,2588400,yahoo
NET,2025-10-17,210.009995,3070700,yahoo
NET,2025-10-20,213.039993,2008000,yahoo
NET,2025-10-21,212.979996,1395400,yahoo
NET,2025-10-22,210.729996,1684700,yahoo
NET,2025-10-23,217.160004,2108000,yahoo
NET,2025-10-24,217.850006,1357700,yahoo
NET,2025-10-27,225.110001,2085900,yahoo
NET,2025-10-28,223.990005,1864300,yahoo
NET,2025-10-29,227.380005,2253200,yahoo
NET,2025-10-30,222.5,5282000,yahoo
NET,2025-10-31,253.300003,9483100,yahoo
NET,2025-11-03,248.110001,4317100,yahoo
NET,2025-11-04,232.910004,3505700,yahoo
NET,2025-11-05,228.509995,2451600,yahoo
NET,2025-11-06,225.899994,2786900,yahoo
NET,2025-11-07,232.809998,2865800,yahoo
NET,2025-11-10,240.529999,2848400,yahoo
NET,2025-11-11,234.949997,1977000,yahoo
NET,2025-11-12,225.679993,2851300,yahoo
NET,2025-11-13,213.539993,2666300,yahoo
NET,2025-11-14,210.600006,3875100,yahoo
NET,2025-11-17,202.25,4094600,yahoo
NET,2025-11-18,196.529999,8770300,yahoo
NET,2025-11-19,196.199997,4017900,yahoo
NET,2025-11-20,191.389999,3201100,yahoo
NET,2025-11-21,186.380005,3322100,yahoo
NET,2025-11-24,193.990005,4524200,yahoo
NET,2025-11-25,197.490005,3120000,yahoo
NET,2025-11-26,196.990005,2259900,yahoo
NET,2025-11-28,200.210007,989400,yahoo
NET,2025-12-01,197.199997,2114700,yahoo
NET,2025-12-02,201.259995,2493400,yahoo
NET,2025-12-03,204.350006,1496900,yahoo
NET,2025-12-04,204.149994,1446800,yahoo
NET,2025-12-05,200.949997,1744400,yahoo
NET,2025-12-08,205.860001,1308900,yahoo
NET,2025-12-09,208.929993,1905500,yahoo
NET,2025-12-10,213.460007,2931700,yahoo
NET,2025-12-11,207.949997,2316100,yahoo
NET,2025-12-12,202.440002,2109600,yahoo
NET,2025-12-15,196.699997,2033800,yahoo
NET,2025-12-16,197.529999,2157800,yahoo
NET,2025-12-17,191.429993,2147200,yahoo
NET,2025-12-18,193.830002,1875300,yahoo
NET,2025-12-19,195.679993,4360800,yahoo
NET,2025-12-22,202.059998,2694700,yahoo
NET,2025-12-23,202.080002,1452900,yahoo
NET,2025-12-24,202.660004,738600,yahoo
NET,2025-12-26,202.389999,1107700,yahoo
NET,2025-12-29,200.699997,1425800,yahoo
NET,2025-12-30,199.619995,761000,yahoo
NET,2025-12-31,197.149994,1277200,yahoo
NET,2026-01-02,196.020004,1662800,yahoo
NET,2026-01-05,197.660004,2227600,yahoo
NET,2026-01-06,198.0,2485200,yahoo
NET,2026-01-07,202.809998,2155600,yahoo
NET,2026-01-08,186.960007,3871800,yahoo
NET,2026-01-09,182.779999,2683500,yahoo
NET,2026-01-12,186.389999,2436200,yahoo
NET,2026-01-13,188.710007,2196100,yahoo
NET,2026-01-14,188.389999,3014200,yahoo
NET,2026-01-15,184.139999,2675900,yahoo
NET,2026-01-16,184.169998,2289600,yahoo
NET,2026-01-20,177.419998,3613400,yahoo
NET,2026-01-21,169.970001,5105900,yahoo
NET,2026-01-22,173.300003,4278200,yahoo
NET,2026-01-23,173.440002,3652100,yahoo
NET,2026-01-26,189.350006,7867800,yahoo
NET,2026-01-27,205.949997,12530700,yahoo
NET,2026-01-28,184.880005,8947100,yahoo
NET,2026-01-29,180.389999,5966000,yahoo
NET,2026-01-30,177.350006,3497600,yahoo
NET,2026-02-02,182.419998,4382000,yahoo
NET,2026-02-03,170.309998,7647200,yahoo
NET,2026-02-04,166.880005,7490900,yahoo
NET,2026-02-05,163.050003,5936200,yahoo
NET,2026-02-06,173.210007,5383700,yahoo
NET,2026-02-09,173.75,4666000,yahoo
NET,2026-02-10,179.979996,11424000,yahoo
NET,2026-02-11,189.410004,15668300,yahoo
NET,2026-02-12,185.169998,7640400,yahoo
NET,2026-02-13,195.850006,6699000,yahoo
NET,2026-02-17,193.679993,5822100,yahoo
NET,2026-02-18,191.440002,3459100,yahoo
NET,2026-02-19,192.639999,3001600,yahoo
NET,2026-02-20,177.139999,6606200,yahoo
NET,2026-02-23,160.190002,8524600,yahoo
NET,2026-02-24,163.809998,4803900,yahoo
NET,2026-02-25,171.800003,3881300,yahoo
NET,2026-02-26,174.660004,4101600,yahoo
NET,2026-02-27,172.190002,4441800,yahoo
NET,2026-03-02,181.020004,3356200,yahoo
NET,2026-03-03,178.910004,2782200,yahoo
NET,2026-03-04,185.889999,2744300,yahoo
NET,2026-03-05,192.309998,3823600,yahoo
NET,2026-03-06,195.190002,2863000,yahoo
NET,2026-03-09,201.479996,4229900,yahoo
NET,2026-03-10,207.490005,4181400,yahoo
NET,2026-03-11,213.0,3418800,yahoo
NET,2026-03-12,212.110001,3602100,yahoo
NET,2026-03-13,212.449997,2542900,yahoo
NET,2026-03-16,207.330002,3311600,yahoo
NET,2026-03-17,211.520004,2954300,yahoo
NET,2026-03-18,225.479996,5973000,yahoo
NET,2026-03-19,221.360001,3846000,yahoo
NET,2026-03-20,215.419998,3927900,yahoo
NET,2026-03-23,220.649994,3940200,yahoo
NET,2026-03-24,213.149994,3290500,yahoo
NET,2026-03-25,218.0,3236100,yahoo
NET,2026-03-26,210.130005,4060200,yahoo
NET,2026-03-27,203.020004,3753700,yahoo
NET,2026-03-30,194.630005,3961100,yahoo
NET,2026-03-31,206.339996,4159900,yahoo
NET,2026-04-01,205.429993,2259400,yahoo
NET,2026-04-02,211.690002,2101600,yahoo
NET,2026-04-06,211.779999,1987000,yahoo
NET,2026-04-07,216.289993,3731100,yahoo
NET,2026-04-08,211.25,4120500,yahoo
NET,2026-04-09,193.050003,11428300,yahoo
NET,2026-04-10,166.990005,13738400,yahoo
NET,2026-04-13,184.020004,6596900,yahoo
NET,2026-04-14,178.649994,4888900,yahoo
NET,2026-04-15,190.130005,5285600,yahoo
NET,2026-04-16,197.380005,5330700,yahoo
NET,2026-04-17,200.990005,3635300,yahoo
NET,2026-04-20,204.809998,2608800,yahoo
NET,2026-04-21,207.669998,2628600,yahoo
NET,2026-04-22,207.559998,2055100,yahoo
NET,2026-04-23,205.0,2426700,yahoo
NET,2026-04-24,207.070007,2076600,yahoo
NET,2026-04-27,212.360001,3503600,yahoo
NET,2026-04-28,208.5,3291000,yahoo
NET,2026-04-29,211.970001,2349200,yahoo
NET,2026-04-30,204.970001,3053700,yahoo
NET,2026-05-01,217.5,2993700,yahoo
NET,2026-05-04,224.169998,2781400,yahoo
NET,2026-05-05,244.429993,7171700,yahoo
NET,2026-05-06,248.589996,4746700,yahoo
NET,2026-05-07,256.790009,8959600,yahoo
NET,2026-05-08,196.130005,18919100,yahoo
NET,2026-05-11,193.520004,6525300,yahoo
NET,2026-05-12,186.789993,5581000,yahoo
NET,2026-05-13,192.619995,4262400,yahoo
NET,2026-05-14,199.809998,4096800,yahoo
NET,2026-05-15,197.559998,3386400,yahoo
NET,2026-05-18,201.75,3399500,yahoo
NET,2026-05-19,206.729996,3576700,yahoo
NET,2026-05-20,210.130005,2996300,yahoo
NET,2026-05-21,212.649994,2794400,yahoo
NET,2026-05-22,216.169998,2109300,yahoo
NET,2026-05-26,217.539993,3458300,yahoo
NET,2026-05-27,209.220001,3063900,yahoo
NET,2026-05-28,228.110001,4569100,yahoo
NET,2026-05-29,241.820007,5734000,yahoo
NET,2026-06-01,270.820007,8457300,yahoo
NET,2026-06-02,272.660004,4887100,yahoo
NET,2026-06-03,265.329987,3905000,yahoo
NET,2026-06-04,268.640015,4418500,yahoo
NET,2026-06-05,250.110001,4735500,yahoo
NET,2026-06-08,247.789993,3180400,yahoo
NET,2026-06-09,236.130005,4980400,yahoo
NET,2026-06-10,219.669998,5552200,yahoo
NET,2026-06-11,227.440002,3133400,yahoo
NET,2026-06-12,228.479996,2262000,yahoo
NET,2026-06-15,235.710007,3359300,yahoo
NET,2026-06-16,230.970001,2690600,yahoo
NET,2026-06-17,226.869995,2658700,yahoo
NET,2026-06-18,224.059998,4440900,yahoo
NET,2026-06-22,218.380005,3377800,yahoo
NET,2026-06-23,224.940002,2890600,yahoo
NET,2026-06-24,223.479996,2282900,yahoo
NET,2026-06-25,226.649994,2975500,yahoo
NET,2026-06-26,237.240005,6244200,yahoo
NET,2026-06-29,243.759995,3604600,yahoo
NET,2026-06-30,245.279999,2526400,yahoo
NET,2026-07-01,246.309998,2541300,yahoo
NET,2026-07-02,242.410004,2832000,yahoo
NET,2026-07-06,247.550003,2076900,yahoo
NET,2026-07-07,268.829987,6182600,yahoo
NET,2026-07-08,273.399994,3699400,yahoo
NET,2026-07-09,275.799988,3012000,yahoo
NET,2026-07-10,268.399994,2302100,yahoo
NET,2026-07-13,269.529999,2119600,yahoo
NET,2026-07-14,281.75,3983700,yahoo
NET,2026-07-15,273.040009,2942500,yahoo
NET,2026-07-16,272.459991,2641500,yahoo
NET,2026-07-17,277.660004,3031200,yahoo
NET,2026-07-20,272.420013,3113000,yahoo
NET,2026-07-21,272.309998,3715300,yahoo
NET,2026-07-22,268.980011,2557600,yahoo
NET,2026-07-23,262.320007,2333700,yahoo
NET,2026-07-24,262.149994,1821900,yahoo
NET,2026-07-27,265.609985,2605700,yahoo
NET,2026-07-28,264.100006,2671300,yahoo
NET,2026-07-29,270.380005,3292000,yahoo
NET,2026-07-30,283.390015,3145700,yahoo
NET,2026-07-31,278.980011,3701600,yahoo
NET,2026-08-03,282.73999,3095200,yahoo
NET,2026-08-04,301.329987,5453800,yahoo
NET,2026-08-05,292.959991,3960700,yahoo
DDOG,2025-08-06,136.960007,7405500,yahoo
DDOG,2025-08-07,136.380005,16640900,yahoo
DDOG,2025-08-08,130.910004,10874900,yahoo
DDOG,2025-08-11,128.830002,8536100,yahoo
DDOG,2025-08-12,128.960007,6829400,yahoo
DDOG,2025-08-13,128.710007,4753800,yahoo
DDOG,2025-08-14,124.519997,6438900,yahoo
DDOG,2025-08-15,127.25,4566500,yahoo
DDOG,2025-08-18,129.070007,2625400,yahoo
DDOG,2025-08-19,128.990005,4477100,yahoo
DDOG,2025-08-20,128.460007,3914700,yahoo
DDOG,2025-08-21,129.149994,2965100,yahoo
DDOG,2025-08-22,131.220001,3826900,yahoo
DDOG,2025-08-25,128.380005,2621600,yahoo
DDOG,2025-08-26,126.309998,5024400,yahoo
DDOG,2025-08-27,131.729996,6071200,yahoo
DDOG,2025-08-28,140.960007,9304200,yahoo
DDOG,2025-08-29,136.679993,5105200,yahoo
DDOG,2025-09-02,134.690002,4848400,yahoo
DDOG,2025-09-03,132.600006,3718600,yahoo
DDOG,2025-09-04,131.779999,2955200,yahoo
DDOG,2025-09-05,136.080002,4851100,yahoo
DDOG,2025-09-08,136.440002,4757600,yahoo
DDOG,2025-09-09,140.460007,4493200,yahoo
DDOG,2025-09-10,139.130005,4859400,yahoo
DDOG,2025-09-11,139.149994,2819200,yahoo
DDOG,2025-09-12,136.5,3034100,yahoo
DDOG,2025-09-15,138.649994,4719100,yahoo
DDOG,2025-09-16,134.589996,5104100,yahoo
DDOG,2025-09-17,134.229996,3558500,yahoo
DDOG,2025-09-18,136.809998,3718300,yahoo
DDOG,2025-09-19,138.820007,10124400,yahoo
DDOG,2025-09-22,138.350006,3740600,yahoo
DDOG,2025-09-23,137.490005,3857500,yahoo
DDOG,2025-09-24,136.570007,2806500,yahoo
DDOG,2025-09-25,136.600006,2171800,yahoo
DDOG,2025-09-26,139.070007,2755500,yahoo
DDOG,2025-09-29,145.259995,4559400,yahoo
DDOG,2025-09-30,142.399994,4305200,yahoo
DDOG,2025-10-01,152.699997,8079500,yahoo
DDOG,2025-10-02,151.570007,4948000,yahoo
DDOG,2025-10-03,151.820007,5141400,yahoo
DDOG,2025-10-06,157.360001,4732300,yahoo
DDOG,2025-10-07,154.520004,3375700,yahoo
DDOG,2025-10-08,164.119995,7521900,yahoo
DDOG,2025-10-09,164.070007,3396100,yahoo
DDOG,2025-10-10,158.740005,4062300,yahoo
DDOG,2025-10-13,164.199997,2941400,yahoo
DDOG,2025-10-14,160.880005,2936700,yahoo
DDOG,2025-10-15,160.020004,3024800,yahoo
DDOG,2025-10-16,151.169998,5323600,yahoo
DDOG,2025-10-17,152.869995,4223900,yahoo
DDOG,2025-10-20,156.294998,2559200,yahoo
DDOG,2025-10-21,156.25,2105100,yahoo
DDOG,2025-10-22,154.210007,2471000,yahoo
DDOG,2025-10-23,156.589996,2166900,yahoo
DDOG,2025-10-24,156.470001,2437400,yahoo
DDOG,2025-10-27,157.619995,2452900,yahoo
DDOG,2025-10-28,157.270004,1855800,yahoo
DDOG,2025-10-29,156.0,4308600,yahoo
DDOG,2025-10-30,157.070007,2530600,yahoo
DDOG,2025-10-31,162.809998,4038300,yahoo
DDOG,2025-11-03,162.080002,4311400,yahoo
DDOG,2025-11-04,157.509995,3815000,yahoo
DDOG,2025-11-05,154.979996,5345400,yahoo
DDOG,2025-11-06,190.820007,21307200,yahoo
DDOG,2025-11-07,191.240005,9288200,yahoo
DDOG,2025-11-10,199.720001,6580000,yahoo
DDOG,2025-11-11,197.860001,5251700,yahoo
DDOG,2025-11-12,190.889999,4670700,yahoo
DDOG,2025-11-13,185.970001,4452200,yahoo
DDOG,2025-11-14,185.009995,3850000,yahoo
DDOG,2025-11-17,180.259995,3974800,yahoo
DDOG,2025-11-18,176.460007,3600200,yahoo
DDOG,2025-11-19,176.309998,3564800,yahoo
DDOG,2025-11-20,159.570007,8715500,yahoo
DDOG,2025-11-21,157.550003,6127600,yahoo
DDOG,2025-11-24,158.440002,6818000,yahoo
DDOG,2025-11-25,158.990005,3318800,yahoo
DDOG,2025-11-26,158.399994,3458300,yahoo
DDOG,2025-11-28,160.009995,2471900,yahoo
DDOG,2025-12-01,157.899994,3577200,yahoo
DDOG,2025-12-02,156.479996,5757700,yahoo
DDOG,2025-12-03,155.830002,3728900,yahoo
DDOG,2025-12-04,153.0,3657500,yahoo
DDOG,2025-12-05,151.410004,6441200,yahoo
DDOG,2025-12-08,154.279999,3896500,yahoo
DDOG,2025-12-09,152.570007,2824600,yahoo
DDOG,2025-12-10,151.199997,2281600,yahoo
DDOG,2025-12-11,149.899994,2692400,yahoo
DDOG,2025-12-12,146.0,3725100,yahoo
DDOG,2025-12-15,142.050003,3823900,yahoo
DDOG,2025-12-16,140.050003,4047300,yahoo
DDOG,2025-12-17,136.710007,3790000,yahoo
DDOG,2025-12-18,138.289993,4380200,yahoo
DDOG,2025-12-19,140.389999,6302900,yahoo
DDOG,2025-12-22,141.839996,3049000,yahoo
DDOG,2025-12-23,141.229996,3084500,yahoo
DDOG,2025-12-24,138.039993,2005400,yahoo
DDOG,2025-12-26,138.315002,1256400,yahoo
DDOG,2025-12-29,137.940002,2095800,yahoo
DDOG,2025-12-30,137.479996,1615000,yahoo
DDOG,2025-12-31,135.990005,1603900,yahoo
DDOG,2026-01-02,133.770004,2565800,yahoo
DDOG,2026-01-05,133.639999,3828000,yahoo
DDOG,2026-01-06,137.100006,3631000,yahoo
DDOG,2026-01-07,141.445007,5865000,yahoo
DDOG,2026-01-08,130.679993,5476900,yahoo
DDOG,2026-01-09,125.489998,7057700,yahoo
DDOG,2026-01-12,126.57,6778900,yahoo
DDOG,2026-01-13,125.5,5210000,yahoo
DDOG,2026-01-14,122.410004,4841300,yahoo
DDOG,2026-01-15,120.860001,6196500,yahoo
DDOG,2026-01-16,119.019997,5871300,yahoo
DDOG,2026-01-20,117.0,4929200,yahoo
DDOG,2026-01-21,123.459999,9731800,yahoo
DDOG,2026-01-22,131.25,9645800,yahoo
DDOG,2026-01-23,130.130005,4073300,yahoo
DDOG,2026-01-26,136.639999,5395500,yahoo
DDOG,2026-01-27,138.210007,5931800,yahoo
DDOG,2026-01-28,140.559998,6364100,yahoo
DDOG,2026-01-29,128.179993,9773900,yahoo
DDOG,2026-01-30,129.320007,5338900,yahoo
DDOG,2026-02-02,129.050003,4691300,yahoo
DDOG,2026-02-03,119.660004,7743300,yahoo
DDOG,2026-02-04,115.709999,6621400,yahoo
DDOG,2026-02-05,106.730003,6563800,yahoo
DDOG,2026-02-06,111.690002,7125900,yahoo
DDOG,2026-02-09,114.010002,10282900,yahoo
DDOG,2026-02-10,129.669998,18828200,yahoo
DDOG,2026-02-11,127.330002,8463300,yahoo
DDOG,2026-02-12,126.129997,6416900,yahoo
DDOG,2026-02-13,125.199997,6395100,yahoo
DDOG,2026-02-17,122.559998,5108500,yahoo
DDOG,2026-02-18,121.779999,7061600,yahoo
DDOG,2026-02-19,120.599998,3703500,yahoo
DDOG,2026-02-20,115.660004,4549100,yahoo
DDOG,2026-02-23,102.614998,11431200,yahoo
DDOG,2026-02-24,104.43,7572800,yahoo
DDOG,2026-02-25,110.330002,6218700,yahoo
DDOG,2026-02-26,116.459999,7108000,yahoo
DDOG,2026-02-27,111.959999,4953900,yahoo
DDOG,2026-03-02,111.110001,7207000,yahoo
DDOG,2026-03-03,111.769997,5269900,yahoo
DDOG,2026-03-04,118.330002,5190100,yahoo
DDOG,2026-03-05,122.360001,4619900,yahoo
DDOG,2026-03-06,125.75,4045900,yahoo
DDOG,2026-03-09,128.559998,4764200,yahoo
DDOG,2026-03-10,123.080002,4011300,yahoo
DDOG,2026-03-11,127.489998,3484700,yahoo
DDOG,2026-03-12,127.160004,3628200,yahoo
DDOG,2026-03-13,124.519997,3993000,yahoo
DDOG,2026-03-16,126.57,3683200,yahoo
DDOG,2026-03-17,128.869995,2933400,yahoo
DDOG,2026-03-18,131.259995,3454300,yahoo
DDOG,2026-03-19,129.940002,4034400,yahoo
DDOG,2026-03-20,125.080002,10459700,yahoo
DDOG,2026-03-23,129.229996,3549700,yahoo
DDOG,2026-03-24,122.57,4005800,yahoo
DDOG,2026-03-25,123.290001,3565500,yahoo
DDOG,2026-03-26,124.300003,3443900,yahoo
DDOG,2026-03-27,114.480003,6127500,yahoo
DDOG,2026-03-30,115.809998,5547000,yahoo
DDOG,2026-03-31,118.050003,3745800,yahoo
DDOG,2026-04-01,118.669998,3600300,yahoo
DDOG,2026-04-02,120.360001,3318000,yahoo
DDOG,2026-04-06,116.5,3414500,yahoo
DDOG,2026-04-07,116.540001,3881800,yahoo
DDOG,2026-04-08,116.5,3861600,yahoo
DDOG,2026-04-09,108.980003,6315200,yahoo
DDOG,2026-04-10,105.370003,7718700,yahoo
DDOG,2026-04-13,110.080002,4502400,yahoo
DDOG,2026-04-14,110.57,4158100,yahoo
DDOG,2026-04-15,121.059998,5483000,yahoo
DDOG,2026-04-16,123.470001,6308200,yahoo
DDOG,2026-04-17,126.610001,4050600,yahoo
DDOG,2026-04-20,129.740005,3921000,yahoo
DDOG,2026-04-21,129.289993,4722800,yahoo
DDOG,2026-04-22,132.139999,4649400,yahoo
DDOG,2026-04-23,127.860001,6160300,yahoo
DDOG,2026-04-24,129.479996,3195600,yahoo
DDOG,2026-04-27,132.660004,3687900,yahoo
DDOG,2026-04-28,131.550003,3296100,yahoo
DDOG,2026-04-29,133.979996,3488000,yahoo
DDOG,2026-04-30,132.190002,7160500,yahoo
DDOG,2026-05-01,140.529999,6247800,yahoo
DDOG,2026-05-04,146.690002,6723800,yahoo
DDOG,2026-05-05,145.729996,5431300,yahoo
DDOG,2026-05-06,143.710007,8224000,yahoo
DDOG,2026-05-07,188.729996,25970000,yahoo
DDOG,2026-05-08,200.160004,12042600,yahoo
DDOG,2026-05-11,202.320007,7740100,yahoo
DDOG,2026-05-12,199.940002,4803600,yahoo
DDOG,2026-05-13,205.309998,4578300,yahoo
DDOG,2026-05-14,202.839996,4939900,yahoo
DDOG,2026-05-15,207.979996,5493000,yahoo
DDOG,2026-05-18,208.820007,5553100,yahoo
DDOG,2026-05-19,215.149994,7169200,yahoo
DDOG,2026-05-20,212.240005,5274500,yahoo
DDOG,2026-05-21,218.039993,4179200,yahoo
DDOG,2026-05-22,222.320007,4870800,yahoo
DDOG,2026-05-26,223.649994,3631100,yahoo
DDOG,2026-05-27,221.809998,4577500,yahoo
DDOG,2026-05-28,225.240005,5949800,yahoo
DDOG,2026-05-29,247.350006,9416200,yahoo
DDOG,2026-06-01,277.48999,11191000,yahoo
DDOG,2026-06-02,269.130005,9011200,yahoo
DDOG,2026-06-03,250.330002,8862600,yahoo
DDOG,2026-06-04,243.600006,6976900,yahoo
DDOG,2026-06-05,234.110001,6792800,yahoo
DDOG,2026-06-08,231.679993,5632700,yahoo
DDOG,2026-06-09,227.339996,4519300,yahoo
DDOG,2026-06-10,227.630005,3525200,yahoo
DDOG,2026-06-11,234.240005,5042000,yahoo
DDOG,2026-06-12,229.899994,5754100,yahoo
DDOG,2026-06-15,233.089996,5812800,yahoo
DDOG,2026-06-16,231.110001,4190700,yahoo
DDOG,2026-06-17,226.630005,3539100,yahoo
DDOG,2026-06-18,223.0,8482300,yahoo
DDOG,2026-06-22,221.369995,4290900,yahoo
DDOG,2026-06-23,220.570007,3280500,yahoo
DDOG,2026-06-24,222.649994,2204000,yahoo
DDOG,2026-06-25,220.940002,2837900,yahoo
DDOG,2026-06-26,239.770004,9628000,yahoo
DDOG,2026-06-29,248.570007,5300300,yahoo
DDOG,2026-06-30,260.359985,5520100,yahoo
DDOG,2026-07-01,264.480011,3590700,yahoo
DDOG,2026-07-02,260.359985,3036700,yahoo
DDOG,2026-07-06,255.369995,4756600,yahoo
DDOG,2026-07-07,256.809998,5367400,yahoo
DDOG,2026-07-08,261.089996,3467000,yahoo
DDOG,2026-07-09,269.0,6238000,yahoo
DDOG,2026-07-10,257.540009,5136100,yahoo
DDOG,2026-07-13,260.23999,4213500,yahoo
DDOG,2026-07-14,270.730011,4101000,yahoo
DDOG,2026-07-15,264.459991,3229100,yahoo
DDOG,2026-07-16,262.320007,3167300,yahoo
DDOG,2026-07-17,258.690002,3509000,yahoo
DDOG,2026-07-20,263.200012,3285500,yahoo
DDOG,2026-07-21,254.789993,4505700,yahoo
DDOG,2026-07-22,245.770004,3873600,yahoo
DDOG,2026-07-23,244.389999,2447300,yahoo
DDOG,2026-07-24,246.860001,2628000,yahoo
DDOG,2026-07-27,251.860001,3207800,yahoo
DDOG,2026-07-28,250.880005,4046300,yahoo
DDOG,2026-07-29,264.200012,6621200,yahoo
DDOG,2026-07-30,268.559998,4418800,yahoo
DDOG,2026-07-31,267.970001,5273400,yahoo
DDOG,2026-08-03,273.600006,5082000,yahoo
DDOG,2026-08-04,288.149994,4826500,yahoo
DDOG,2026-08-05,283.170013,5635800,yahoo
NFLX,2025-08-06,117.848,33622000,yahoo
NFLX,2025-08-07,118.037003,26283000,yahoo
NFLX,2025-08-08,121.164001,38167000,yahoo
NFLX,2025-08-11,121.831001,24556000,yahoo
NFLX,2025-08-12,122.528,22788000,yahoo
NFLX,2025-08-13,120.444,27624000,yahoo
NFLX,2025-08-14,123.056,39047000,yahoo
NFLX,2025-08-15,123.894997,27678000,yahoo
NFLX,2025-08-18,124.509003,21111000,yahoo
NFLX,2025-08-19,121.415001,37077000,yahoo
NFLX,2025-08-20,121.386002,24344000,yahoo
NFLX,2025-08-21,120.621002,20472000,yahoo
NFLX,2025-08-22,120.464996,31281000,yahoo
NFLX,2025-08-25,121.806999,28120000,yahoo
NFLX,2025-08-26,122.609001,19857000,yahoo
NFLX,2025-08-27,122.349998,16645000,yahoo
NFLX,2025-08-28,123.144997,19503000,yahoo
NFLX,2025-08-29,120.824997,32098000,yahoo
NFLX,2025-09-02,121.411003,23033000,yahoo
NFLX,2025-09-03,122.617996,24715000,yahoo
NFLX,2025-09-04,125.748001,30235000,yahoo
NFLX,2025-09-05,124.382004,23797000,yahoo
NFLX,2025-09-08,124.475998,19151000,yahoo
NFLX,2025-09-09,126.324997,22197000,yahoo
NFLX,2025-09-10,124.771004,27010000,yahoo
NFLX,2025-09-11,120.349998,56823000,yahoo
NFLX,2025-09-12,118.844002,37849000,yahoo
NFLX,2025-09-15,120.225998,29093000,yahoo
NFLX,2025-09-16,120.051003,24047000,yahoo
NFLX,2025-09-17,122.849998,34598000,yahoo
NFLX,2025-09-18,120.778,31691000,yahoo
NFLX,2025-09-19,122.696999,49476000,yahoo
NFLX,2025-09-22,122.737,25468000,yahoo
NFLX,2025-09-23,121.847,24991000,yahoo
NFLX,2025-09-24,120.394997,27731000,yahoo
NFLX,2025-09-25,120.823997,19978000,yahoo
NFLX,2025-09-26,121.060997,19450000,yahoo
NFLX,2025-09-29,120.640999,30332000,yahoo
NFLX,2025-09-30,119.891998,38303000,yahoo
NFLX,2025-10-01,117.089996,41102000,yahoo
NFLX,2025-10-02,116.252998,46855000,yahoo
NFLX,2025-10-03,115.332001,31374000,yahoo
NFLX,2025-10-06,116.331001,29686000,yahoo
NFLX,2025-10-07,119.106003,33091000,yahoo
NFLX,2025-10-08,121.425003,28514000,yahoo
NFLX,2025-10-09,123.107002,28241000,yahoo
NFLX,2025-10-10,122.008003,42798000,yahoo
NFLX,2025-10-13,121.903,24608000,yahoo
NFLX,2025-10-14,121.535004,23624000,yahoo
NFLX,2025-10-15,120.329002,20252000,yahoo
NFLX,2025-10-16,118.359001,28326000,yahoo
NFLX,2025-10-17,119.935997,29571000,yahoo
NFLX,2025-10-20,123.856003,39862000,yahoo
NFLX,2025-10-21,124.135002,65082000,yahoo
NFLX,2025-10-22,111.637001,147890000,yahoo
NFLX,2025-10-23,111.359001,68497000,yahoo
NFLX,2025-10-24,109.469002,60280000,yahoo
NFLX,2025-10-27,109.456001,46911000,yahoo
NFLX,2025-10-28,110.25,40209000,yahoo
NFLX,2025-10-29,110.041,33995000,yahoo
NFLX,2025-10-30,108.900002,41581000,yahoo
NFLX,2025-10-31,111.886002,68665000,yahoo
NFLX,2025-11-03,110.009003,58634000,yahoo
NFLX,2025-11-04,109.295998,38718000,yahoo
NFLX,2025-11-05,109.846001,35539000,yahoo
NFLX,2025-11-06,109.702003,36532000,yahoo
NFLX,2025-11-07,110.365997,44125000,yahoo
NFLX,2025-11-10,112.007004,36929000,yahoo
NFLX,2025-11-11,113.643997,27966000,yahoo
NFLX,2025-11-12,115.75,39221000,yahoo
NFLX,2025-11-13,115.422997,40144000,yahoo
NFLX,2025-11-14,111.217003,47607000,yahoo
NFLX,2025-11-17,110.290001,26082700,yahoo
NFLX,2025-11-18,114.089996,43440600,yahoo
NFLX,2025-11-19,110.0,31868100,yahoo
NFLX,2025-11-20,105.669998,36918500,yahoo
NFLX,2025-11-21,104.309998,41232700,yahoo
NFLX,2025-11-24,106.970001,62918300,yahoo
NFLX,2025-11-25,104.400002,35122600,yahoo
NFLX,2025-11-26,106.139999,27951000,yahoo
NFLX,2025-11-28,107.580002,15021600,yahoo
NFLX,2025-12-01,109.129997,24873400,yahoo
NFLX,2025-12-02,109.349998,25763000,yahoo
NFLX,2025-12-03,103.959999,53593400,yahoo
NFLX,2025-12-04,103.220001,51779100,yahoo
NFLX,2025-12-05,100.239998,133363600,yahoo
NFLX,2025-12-08,96.790001,100906300,yahoo
NFLX,2025-12-09,96.709999,51745600,yahoo
NFLX,2025-12-10,92.709999,74129300,yahoo
NFLX,2025-12-11,94.089996,43949000,yahoo
NFLX,2025-12-12,95.190002,49323100,yahoo
NFLX,2025-12-15,93.769997,40016500,yahoo
NFLX,2025-12-16,94.57,34265000,yahoo
NFLX,2025-12-17,94.790001,50472800,yahoo
NFLX,2025-12-18,94.0,37244700,yahoo
NFLX,2025-12-19,94.389999,78990200,yahoo
NFLX,2025-12-22,93.230003,39484800,yahoo
NFLX,2025-12-23,93.5,25896200,yahoo
NFLX,2025-12-24,93.639999,12427900,yahoo
NFLX,2025-12-26,94.470001,22068300,yahoo
NFLX,2025-12-29,94.150002,24493700,yahoo
NFLX,2025-12-30,93.779999,23422000,yahoo
NFLX,2025-12-31,93.760002,23495200,yahoo
NFLX,2026-01-02,90.989998,41155400,yahoo
NFLX,2026-01-05,91.459999,39183300,yahoo
NFLX,2026-01-06,90.650002,43331000,yahoo
NFLX,2026-01-07,90.730003,36525700,yahoo
NFLX,2026-01-08,90.529999,40068700,yahoo
NFLX,2026-01-09,89.459999,55579500,yahoo
NFLX,2026-01-12,89.410004,36290600,yahoo
NFLX,2026-01-13,90.32,45221100,yahoo
NFLX,2026-01-14,88.550003,49737700,yahoo
NFLX,2026-01-15,88.050003,36945100,yahoo
NFLX,2026-01-16,88.0,48130500,yahoo
NFLX,2026-01-20,87.260002,109729700,yahoo
NFLX,2026-01-21,85.360001,127940700,yahoo
NFLX,2026-01-22,83.540001,69113300,yahoo
NFLX,2026-01-23,86.120003,64520400,yahoo
NFLX,2026-01-26,85.699997,40941900,yahoo
NFLX,2026-01-27,85.580002,37790800,yahoo
NFLX,2026-01-28,84.639999,37762600,yahoo
NFLX,2026-01-29,83.160004,42278100,yahoo
NFLX,2026-01-30,83.489998,45755000,yahoo
NFLX,2026-02-02,82.760002,41445300,yahoo
NFLX,2026-02-03,79.940002,49789000,yahoo
NFLX,2026-02-04,80.160004,48963200,yahoo
NFLX,2026-02-05,80.870003,54805700,yahoo
NFLX,2026-02-06,82.199997,46154100,yahoo
NFLX,2026-02-09,81.470001,42200200,yahoo
NFLX,2026-02-10,82.209999,43595800,yahoo
NFLX,2026-02-11,79.620003,40840300,yahoo
NFLX,2026-02-12,75.860001,73516100,yahoo
NFLX,2026-02-13,76.870003,42292100,yahoo
NFLX,2026-02-17,77.0,35961500,yahoo
NFLX,2026-02-18,77.989998,29883100,yahoo
NFLX,2026-02-19,77.0,30139200,yahoo
NFLX,2026-02-20,78.669998,32411300,yahoo
NFLX,2026-02-23,76.019997,38363000,yahoo
NFLX,2026-02-24,78.040001,33079100,yahoo
NFLX,2026-02-25,82.699997,69319300,yahoo
NFLX,2026-02-26,84.589996,85642500,yahoo
NFLX,2026-02-27,96.239998,200767000,yahoo
NFLX,2026-03-02,97.089996,79915400,yahoo
NFLX,2026-03-03,97.699997,59149000,yahoo
NFLX,2026-03-04,98.660004,52604300,yahoo
NFLX,2026-03-05,99.169998,53403000,yahoo
NFLX,2026-03-06,99.019997,41196300,yahoo
NFLX,2026-03-09,98.32,48589000,yahoo
NFLX,2026-03-10,96.940002,41027200,yahoo
NFLX,2026-03-11,94.889999,33962900,yahoo
NFLX,2026-03-12,94.309998,34206900,yahoo
NFLX,2026-03-13,95.309998,29876700,yahoo
NFLX,2026-03-16,95.199997,34931800,yahoo
NFLX,2026-03-17,94.360001,26434500,yahoo
NFLX,2026-03-18,94.699997,27878300,yahoo
NFLX,2026-03-19,91.739998,40169300,yahoo
NFLX,2026-03-20,91.82,61678000,yahoo
NFLX,2026-03-23,93.379997,34315900,yahoo
NFLX,2026-03-24,90.919998,28938000,yahoo
NFLX,2026-03-25,92.279999,29545600,yahoo
NFLX,2026-03-26,93.32,59522000,yahoo
NFLX,2026-03-27,93.43,44590700,yahoo
NFLX,2026-03-30,92.970001,32375100,yahoo
NFLX,2026-03-31,96.150002,54270000,yahoo
NFLX,2026-04-01,95.550003,30439300,yahoo
NFLX,2026-04-02,98.660004,37068000,yahoo
NFLX,2026-04-06,98.93,37029300,yahoo
NFLX,2026-04-07,98.82,25016700,yahoo
NFLX,2026-04-08,99.389999,30957600,yahoo
NFLX,2026-04-09,102.050003,35087800,yahoo
NFLX,2026-04-10,103.010002,25769900,yahoo
NFLX,2026-04-13,103.160004,26042800,yahoo
NFLX,2026-04-14,106.279999,40534900,yahoo
NFLX,2026-04-15,107.709999,38023700,yahoo
NFLX,2026-04-16,107.790001,64928300,yahoo
NFLX,2026-04-17,97.309998,125958700,yahoo
NFLX,2026-04-20,94.830002,63298300,yahoo
NFLX,2026-04-21,92.580002,61962300,yahoo
NFLX,2026-04-22,93.239998,33694300,yahoo
NFLX,2026-04-23,92.82,36851700,yahoo
NFLX,2026-04-24,92.440002,32553200,yahoo
NFLX,2026-04-27,91.370003,29707400,yahoo
NFLX,2026-04-28,92.269997,33418100,yahoo
NFLX,2026-04-29,92.120003,26122100,yahoo
NFLX,2026-04-30,93.610001,40923000,yahoo
NFLX,2026-05-01,92.059998,30406900,yahoo
NFLX,2026-05-04,91.019997,25928800,yahoo
NFLX,2026-05-05,87.889999,51961300,yahoo
NFLX,2026-05-06,88.269997,41932400,yahoo
NFLX,2026-05-07,88.25,30627600,yahoo
NFLX,2026-05-08,87.489998,36215100,yahoo
NFLX,2026-05-11,85.449997,40556500,yahoo
NFLX,2026-05-12,87.660004,43556600,yahoo
NFLX,2026-05-13,87.559998,30823500,yahoo
NFLX,2026-05-14,86.940002,29408300,yahoo
NFLX,2026-05-15,87.019997,32335700,yahoo
NFLX,2026-05-18,89.650002,35800500,yahoo
NFLX,2026-05-19,89.330002,34545700,yahoo
NFLX,2026-05-20,88.089996,23463400,yahoo
NFLX,2026-05-21,89.300003,28613900,yahoo
NFLX,2026-05-22,88.599998,23847200,yahoo
NFLX,2026-05-26,87.68,24014500,yahoo
NFLX,2026-05-27,87.349998,22569500,yahoo
NFLX,2026-05-28,86.360001,38803800,yahoo
NFLX,2026-05-29,86.019997,39793600,yahoo
NFLX,2026-06-01,85.849998,32747200,yahoo
NFLX,2026-06-02,83.330002,42947200,yahoo
NFLX,2026-06-03,81.519997,36714700,yahoo
NFLX,2026-06-04,81.559998,39338800,yahoo
NFLX,2026-06-05,82.18,43474100,yahoo
NFLX,2026-06-08,82.639999,33056700,yahoo
NFLX,2026-06-09,81.410004,34787200,yahoo
NFLX,2026-06-10,82.0,36304600,yahoo
NFLX,2026-06-11,81.269997,33417600,yahoo
NFLX,2026-06-12,80.339996,35309700,yahoo
NFLX,2026-06-15,81.669998,36430800,yahoo
NFLX,2026-06-16,78.720001,65054000,yahoo
NFLX,2026-06-17,76.959999,50338800,yahoo
NFLX,2026-06-18,77.379997,91920400,yahoo
NFLX,2026-06-22,72.879997,82203300,yahoo
NFLX,2026-06-23,72.82,50806800,yahoo
NFLX,2026-06-24,71.839996,48001500,yahoo
NFLX,2026-06-25,70.900002,44446900,yahoo
NFLX,2026-06-26,73.809998,74990300,yahoo
NFLX,2026-06-29,73.779999,42429600,yahoo
NFLX,2026-06-30,71.400002,49240900,yahoo
NFLX,2026-07-01,74.190002,43841800,yahoo
NFLX,2026-07-02,77.650002,55456500,yahoo
NFLX,2026-07-06,76.019997,45056600,yahoo
NFLX,2026-07-07,76.18,33257300,yahoo
NFLX,2026-07-08,75.589996,34373500,yahoo
NFLX,2026-07-09,75.470001,36305700,yahoo
NFLX,2026-07-10,73.370003,46713900,yahoo
NFLX,2026-07-13,73.830002,35101800,yahoo
NFLX,2026-07-14,73.529999,33312100,yahoo
NFLX,2026-07-15,73.68,32854300,yahoo
NFLX,2026-07-16,74.349998,77505200,yahoo
NFLX,2026-07-17,68.949997,142029200,yahoo
NFLX,2026-07-20,67.599998,60669100,yahoo
NFLX,2026-07-21,68.669998,56565800,yahoo
NFLX,2026-07-22,68.529999,44947300,yahoo
NFLX,2026-07-23,68.889999,45029100,yahoo
NFLX,2026-07-24,70.089996,37593500,yahoo
NFLX,2026-07-27,70.400002,39090800,yahoo
NFLX,2026-07-28,72.389999,47160200,yahoo
NFLX,2026-07-29,73.629997,43737600,yahoo
NFLX,2026-07-30,73.169998,54261000,yahoo
NFLX,2026-07-31,71.709999,35847500,yahoo
NFLX,2026-08-03,73.330002,33922300,yahoo
NFLX,2026-08-04,73.57,42877900,yahoo
NFLX,2026-08-05,74.199997,28892900,yahoo
SAP,2025-08-06,286.794434,1135700,yahoo
SAP,2025-08-07,290.41156,1854600,yahoo
SAP,2025-08-08,287.128632,1159700,yahoo
SAP,2025-08-11,282.332001,1314300,yahoo
SAP,2025-08-12,271.175964,5249300,yahoo
SAP,2025-08-13,274.055908,1663000,yahoo
SAP,2025-08-14,274.144348,954600,yahoo
SAP,2025-08-15,273.102478,1292600,yahoo
SAP,2025-08-18,271.99176,1724200,yahoo
SAP,2025-08-19,269.544342,1676400,yahoo
SAP,2025-08-20,267.873352,1249100,yahoo
SAP,2025-08-21,264.610077,1593800,yahoo
SAP,2025-08-22,266.4776,1450700,yahoo
SAP,2025-08-25,265.642151,1397300,yahoo
SAP,2025-08-26,265.248962,1823800,yahoo
SAP,2025-08-27,270.409271,1111500,yahoo
SAP,2025-08-28,270.694336,731000,yahoo
SAP,2025-08-29,267.509705,1208000,yahoo
SAP,2025-09-02,261.65155,1594400,yahoo
SAP,2025-09-03,266.310547,1063200,yahoo
SAP,2025-09-04,267.34259,1012800,yahoo
SAP,2025-09-05,264.403687,1700400,yahoo
SAP,2025-09-08,265.710938,1939300,yahoo
SAP,2025-09-09,266.841309,3125000,yahoo
SAP,2025-09-10,256.058746,3242100,yahoo
SAP,2025-09-11,253.778397,3282000,yahoo
SAP,2025-09-12,252.765991,1499900,yahoo
SAP,2025-09-15,248.106979,3535100,yahoo
SAP,2025-09-16,249.266815,2803800,yahoo
SAP,2025-09-17,256.953217,3737700,yahoo
SAP,2025-09-18,265.131042,2962200,yahoo
SAP,2025-09-19,262.349396,1670700,yahoo
SAP,2025-09-22,260.845551,1548100,yahoo
SAP,2025-09-23,260.737396,1197100,yahoo
SAP,2025-09-24,264.256256,2045400,yahoo
SAP,2025-09-25,258.024597,1216300,yahoo
SAP,2025-09-26,259.567749,965100,yahoo
SAP,2025-09-29,259.312195,1150800,yahoo
SAP,2025-09-30,262.644257,941100,yahoo
SAP,2025-10-01,265.37677,1394400,yahoo
SAP,2025-10-02,267.263977,1201300,yahoo
SAP,2025-10-03,265.907532,1027500,yahoo
SAP,2025-10-06,269.593475,1229300,yahoo
SAP,2025-10-07,269.141327,1051500,yahoo
SAP,2025-10-08,272.414429,1092300,yahoo
SAP,2025-10-09,271.077667,1157800,yahoo
SAP,2025-10-10,260.992981,1327600,yahoo
SAP,2025-10-13,265.209686,783500,yahoo
SAP,2025-10-14,265.897705,1040700,yahoo
SAP,2025-10-15,266.998596,955800,yahoo
SAP,2025-10-16,265.131042,1247600,yahoo
SAP,2025-10-17,268.23703,1186500,yahoo
SAP,2025-10-20,273.161438,1464800,yahoo
SAP,2025-10-21,275.667847,2020600,yahoo
SAP,2025-10-22,271.500305,3154100,yahoo
SAP,2025-10-23,273.770844,2367400,yahoo
SAP,2025-10-24,264.944275,2207400,yahoo
SAP,2025-10-27,267.509705,1970900,yahoo
SAP,2025-10-28,265.445557,1463700,yahoo
SAP,2025-10-29,255.203629,2019700,yahoo
SAP,2025-10-30,254.761307,1445500,yahoo
SAP,2025-10-31,255.567307,1972100,yahoo
SAP,2025-11-03,259.449799,1171900,yahoo
SAP,2025-11-04,255.203629,1327500,yahoo
SAP,2025-11-05,256.599335,983600,yahoo
SAP,2025-11-06,249.542038,1290800,yahoo
SAP,2025-11-07,247.654846,1127900,yahoo
SAP,2025-11-10,247.458252,1028000,yahoo
SAP,2025-11-11,250.033493,940700,yahoo
SAP,2025-11-12,249.011261,1170300,yahoo
SAP,2025-11-13,247.556549,832200,yahoo
SAP,2025-11-14,240.843246,2523000,yahoo
SAP,2025-11-17,234.817978,2410400,yahoo
SAP,2025-11-18,233.923538,1399600,yahoo
SAP,2025-11-19,233.903885,1183600,yahoo
SAP,2025-11-20,229.942749,2092200,yahoo
SAP,2025-11-21,232.655579,1763400,yahoo
SAP,2025-11-24,234.218414,1856500,yahoo
SAP,2025-11-25,233.795761,2031400,yahoo
SAP,2025-11-26,235.918854,1512200,yahoo
SAP,2025-11-28,237.619293,628700,yahoo
SAP,2025-12-01,237.943665,1352600,yahoo
SAP,2025-12-02,237.589813,1626100,yahoo
SAP,2025-12-03,239.653931,1527300,yahoo
SAP,2025-12-04,241.275726,1706600,yahoo
SAP,2025-12-05,243.035141,1407600,yahoo
SAP,2025-12-08,238.828278,1751300,yahoo
SAP,2025-12-09,239.958633,840000,yahoo
SAP,2025-12-10,241.678726,896900,yahoo
SAP,2025-12-11,243.162918,1515200,yahoo
SAP,2025-12-12,240.646667,1284000,yahoo
SAP,2025-12-15,240.312485,2105100,yahoo
SAP,2025-12-16,239.496658,1785400,yahoo
SAP,2025-12-17,237.294937,1152400,yahoo
SAP,2025-12-18,240.135544,1263200,yahoo
SAP,2025-12-19,240.155212,1567400,yahoo
SAP,2025-12-22,241.108643,1153200,yahoo
SAP,2025-12-23,240.77446,869600,yahoo
SAP,2025-12-24,241.403519,383400,yahoo
SAP,2025-12-26,242.347107,491700,yahoo
SAP,2025-12-29,241.835983,821000,yahoo
SAP,2025-12-30,240.410767,648600,yahoo
SAP,2025-12-31,238.759476,679700,yahoo
SAP,2026-01-02,232.871826,1473100,yahoo
SAP,2026-01-05,236.33168,1416300,yahoo
SAP,2026-01-06,233.913712,1638800,yahoo
SAP,2026-01-07,239.270584,1434200,yahoo
SAP,2026-01-08,236.911591,1349100,yahoo
SAP,2026-01-09,242.887711,1737800,yahoo
SAP,2026-01-12,244.58815,1335200,yahoo
SAP,2026-01-13,242.877884,2279800,yahoo
SAP,2026-01-14,234.79834,2206400,yahoo
SAP,2026-01-15,231.810272,2080200,yahoo
SAP,2026-01-16,229.598724,1883300,yahoo
SAP,2026-01-20,223.042694,2598600,yahoo
SAP,2026-01-21,221.253799,3153900,yahoo
SAP,2026-01-22,222.482437,3399000,yahoo
SAP,2026-01-23,227.12178,4046100,yahoo
SAP,2026-01-26,235.820557,2313800,yahoo
SAP,2026-01-27,229.942749,2014500,yahoo
SAP,2026-01-28,232.075668,2173000,yahoo
SAP,2026-01-29,196.789078,9484800,yahoo
SAP,2026-01-30,197.604889,6265400,yahoo
SAP,2026-02-02,203.689117,6261500,yahoo
SAP,2026-02-03,193.918961,8152400,yahoo
SAP,2026-02-04,196.268127,6630000,yahoo
SAP,2026-02-05,194.036926,4492300,yahoo
SAP,2026-02-06,199.865585,3050500,yahoo
SAP,2026-02-09,206.814789,3576100,yahoo
SAP,2026-02-10,208.584045,3611500,yahoo
SAP,2026-02-11,199.187378,3619200,yahoo
SAP,2026-02-12,200.258759,3730600,yahoo
SAP,2026-02-13,201.035263,2590500,yahoo
SAP,2026-02-17,198.027542,1653800,yahoo
SAP,2026-02-18,201.693802,1753100,yahoo
SAP,2026-02-19,196.838211,1856800,yahoo
SAP,2026-02-20,199.128403,1657200,yahoo
SAP,2026-02-23,193.348892,2117900,yahoo
SAP,2026-02-24,193.103149,2947300,yahoo
SAP,2026-02-25,194.862564,2799100,yahoo
SAP,2026-02-26,201.182693,2266100,yahoo
SAP,2026-02-27,198.086517,2624700,yahoo
SAP,2026-03-02,192.660828,3509400,yahoo
SAP,2026-03-03,192.975372,6817400,yahoo
SAP,2026-03-04,192.23819,3527600,yahoo
SAP,2026-03-05,196.071548,3389300,yahoo
SAP,2026-03-06,198.79422,2427900,yahoo
SAP,2026-03-09,196.680954,3059100,yahoo
SAP,2026-03-10,192.483917,2648700,yahoo
SAP,2026-03-11,187.952682,3219100,yahoo
SAP,2026-03-12,187.24498,2345000,yahoo
SAP,2026-03-13,186.694565,1731700,yahoo
SAP,2026-03-16,188.355682,1812800,yahoo
SAP,2026-03-17,186.871475,1793700,yahoo
SAP,2026-03-18,180.600494,2312100,yahoo
SAP,2026-03-19,181.848785,3329400,yahoo
SAP,2026-03-20,172.796158,5687000,yahoo
SAP,2026-03-23,175.115845,2420100,yahoo
SAP,2026-03-24,168.078171,3590400,yahoo
SAP,2026-03-25,166.063202,2449900,yahoo
SAP,2026-03-26,164.225159,3719600,yahoo
SAP,2026-03-27,161.217453,2239000,yahoo
SAP,2026-03-30,165.414474,2673100,yahoo
SAP,2026-03-31,168.284592,2324300,yahoo
SAP,2026-04-01,168.432022,2311800,yahoo
SAP,2026-04-02,168.835022,2852100,yahoo
SAP,2026-04-06,168.196121,1424200,yahoo
SAP,2026-04-07,166.584137,2195900,yahoo
SAP,2026-04-08,166.289261,3642600,yahoo
SAP,2026-04-09,161.68924,5260900,yahoo
SAP,2026-04-10,160.313171,5279900,yahoo
SAP,2026-04-13,166.672623,3311300,yahoo
SAP,2026-04-14,164.942688,3100900,yahoo
SAP,2026-04-15,169.945709,2687900,yahoo
SAP,2026-04-16,174.378662,5150000,yahoo
SAP,2026-04-17,178.12355,6647500,yahoo
SAP,2026-04-20,175.882507,3200900,yahoo
SAP,2026-04-21,173.425232,3128400,yahoo
SAP,2026-04-22,171.046585,3424000,yahoo
SAP,2026-04-23,160.460602,7314600,yahoo
SAP,2026-04-24,172.265381,6846400,yahoo
SAP,2026-04-27,170.476486,3327900,yahoo
SAP,2026-04-28,170.525635,2760500,yahoo
SAP,2026-04-29,167.193558,3350800,yahoo
SAP,2026-04-30,166.593979,3158200,yahoo
SAP,2026-05-01,167.84227,2920000,yahoo
SAP,2026-05-04,168.490997,3016100,yahoo
SAP,2026-05-05,172.389999,2943100,yahoo
SAP,2026-05-06,173.130005,6245900,yahoo
SAP,2026-05-07,174.710007,4428800,yahoo
SAP,2026-05-08,173.699997,3705500,yahoo
SAP,2026-05-11,170.100006,2791700,yahoo
SAP,2026-05-12,167.270004,2896900,yahoo
SAP,2026-05-13,160.820007,5044700,yahoo
SAP,2026-05-14,164.179993,3454100,yahoo
SAP,2026-05-15,169.479996,3618600,yahoo
SAP,2026-05-18,174.619995,3140300,yahoo
SAP,2026-05-19,178.800003,5876700,yahoo
SAP,2026-05-20,179.889999,3132100,yahoo
SAP,2026-05-21,176.279999,2467100,yahoo
SAP,2026-05-22,175.949997,2000400,yahoo
SAP,2026-05-26,175.149994,2162300,yahoo
SAP,2026-05-27,174.139999,1994500,yahoo
SAP,2026-05-28,175.460007,3516100,yahoo
SAP,2026-05-29,181.789993,5018800,yahoo
SAP,2026-06-01,196.110001,4681700,yahoo
SAP,2026-06-02,190.820007,4402000,yahoo
SAP,2026-06-03,180.669998,2634700,yahoo
SAP,2026-06-04,187.139999,3925600,yahoo
SAP,2026-06-05,184.770004,3822400,yahoo
SAP,2026-06-08,181.919998,2186800,yahoo
SAP,2026-06-09,178.919998,3227800,yahoo
SAP,2026-06-10,170.300003,3143200,yahoo
SAP,2026-06-11,163.639999,4241800,yahoo
SAP,2026-06-12,164.179993,2504000,yahoo
SAP,2026-06-15,164.330002,1664300,yahoo
SAP,2026-06-16,165.410004,1667000,yahoo
SAP,2026-06-17,158.789993,2659800,yahoo
SAP,2026-06-18,155.220001,3037100,yahoo
SAP,2026-06-22,149.509995,2771200,yahoo
SAP,2026-06-23,153.380005,2682300,yahoo
SAP,2026-06-24,152.75,2075500,yahoo
SAP,2026-06-25,148.059998,2684800,yahoo
SAP,2026-06-26,155.089996,2229800,yahoo
SAP,2026-06-29,154.899994,2097000,yahoo
SAP,2026-06-30,154.110001,2125600,yahoo
SAP,2026-07-01,159.149994,2849300,yahoo
SAP,2026-07-02,162.589996,2371200,yahoo
SAP,2026-07-06,160.490005,1765000,yahoo
SAP,2026-07-07,162.770004,1678400,yahoo
SAP,2026-07-08,157.419998,3071500,yahoo
SAP,2026-07-09,158.460007,2215100,yahoo
SAP,2026-07-10,157.860001,1720000,yahoo
SAP,2026-07-13,159.970001,2995000,yahoo
SAP,2026-07-14,154.809998,4244200,yahoo
SAP,2026-07-15,155.910004,2410800,yahoo
SAP,2026-07-16,161.639999,3355400,yahoo
SAP,2026-07-17,159.039993,3104800,yahoo
SAP,2026-07-20,158.350006,2847100,yahoo
SAP,2026-07-21,154.339996,3129100,yahoo
SAP,2026-07-22,148.75,4095400,yahoo
SAP,2026-07-23,146.380005,4404700,yahoo
SAP,2026-07-24,160.0,6191300,yahoo
SAP,2026-07-27,171.009995,4497500,yahoo
SAP,2026-07-28,179.169998,4235700,yahoo
SAP,2026-07-29,185.990005,5962400,yahoo
SAP,2026-07-30,180.880005,4112200,yahoo
SAP,2026-07-31,183.619995,3134600,yahoo
SAP,2026-08-03,189.649994,2975700,yahoo
SAP,2026-08-04,195.490005,2853800,yahoo
SAP,2026-08-05,197.330002,2486100,yahoo
ORCL,2025-08-06,253.540222,9930200,yahoo
ORCL,2025-08-07,246.579575,11954200,yahoo
ORCL,2025-08-08,247.232132,8313300,yahoo
ORCL,2025-08-11,249.832489,9012100,yahoo
ORCL,2025-08-12,250.999191,9998400,yahoo
ORCL,2025-08-13,241.428268,14182100,yahoo
ORCL,2025-08-14,242.199493,10285600,yahoo
ORCL,2025-08-15,245.482071,11554000,yahoo
ORCL,2025-08-18,246.263199,6759900,yahoo
ORCL,2025-08-19,231.976013,16819300,yahoo
ORCL,2025-08-20,232.411057,11256400,yahoo
ORCL,2025-08-21,230.532471,7403100,yahoo
ORCL,2025-08-22,233.706284,9343600,yahoo
ORCL,2025-08-25,232.757126,6308600,yahoo
ORCL,2025-08-26,231.570633,11805200,yahoo
ORCL,2025-08-27,233.152603,5637600,yahoo
ORCL,2025-08-28,237.611801,8691500,yahoo
ORCL,2025-08-29,223.581696,16618600,yahoo
ORCL,2025-09-02,222.761047,10461900,yahoo
ORCL,2025-09-03,220.931885,8900800,yahoo
ORCL,2025-09-04,220.486954,10303100,yahoo
ORCL,2025-09-05,230.176529,15386100,yahoo
ORCL,2025-09-08,235.792526,18803000,yahoo
ORCL,2025-09-09,238.788361,41178700,yahoo
ORCL,2025-09-10,324.629974,131618100,yahoo
ORCL,2025-09-11,304.390625,69986000,yahoo
ORCL,2025-09-12,288.887329,51781900,yahoo
ORCL,2025-09-15,298.735138,40004000,yahoo
ORCL,2025-09-16,303.194305,51923300,yahoo
ORCL,2025-09-17,298.013336,27707900,yahoo
ORCL,2025-09-18,293.277344,24673100,yahoo
ORCL,2025-09-19,305.18161,40776200,yahoo
ORCL,2025-09-22,324.451996,44437500,yahoo
ORCL,2025-09-23,310.293396,35280200,yahoo
ORCL,2025-09-24,304.983917,33765300,yahoo
ORCL,2025-09-25,288.046936,39274900,yahoo
ORCL,2025-09-26,280.265625,25990700,yahoo
ORCL,2025-09-29,279.573517,25778500,yahoo
ORCL,2025-09-30,278.070648,23880800,yahoo
ORCL,2025-10-01,285.753082,23378300,yahoo
ORCL,2025-10-02,285.525696,16215500,yahoo
ORCL,2025-10-03,282.915436,13688400,yahoo
ORCL,2025-10-06,288.303986,14076800,yahoo
ORCL,2025-10-07,281.036835,31723400,yahoo
ORCL,2025-10-08,285.37738,18982100,yahoo
ORCL,2025-10-09,294.122986,26479800,yahoo
ORCL,2025-10-10,290.161255,28895300,yahoo
ORCL,2025-10-13,305.067444,21703700,yahoo
ORCL,2025-10-14,296.143524,17346200,yahoo
ORCL,2025-10-15,300.719391,13698900,yahoo
ORCL,2025-10-16,310.009766,32500900,yahoo
ORCL,2025-10-17,288.526978,37653000,yahoo
ORCL,2025-10-20,274.531952,32810700,yahoo
ORCL,2025-10-21,272.521362,18370800,yahoo
ORCL,2025-10-22,270.055176,16474000,yahoo
ORCL,2025-10-23,277.394379,16872200,yahoo
ORCL,2025-10-24,280.62323,13194900,yahoo
ORCL,2025-10-27,278.711639,13855800,yahoo
ORCL,2025-10-28,278.147095,12448500,yahoo
ORCL,2025-10-29,272.669952,18007100,yahoo
ORCL,2025-10-30,254.435837,27954200,yahoo
ORCL,2025-10-31,260.101166,16898700,yahoo
ORCL,2025-11-03,255.386642,15709200,yahoo
ORCL,2025-11-04,245.799118,19772600,yahoo
ORCL,2025-11-05,247.918686,11991500,yahoo
ORCL,2025-11-06,241.470886,18678300,yahoo
ORCL,2025-11-07,236.974228,20969300,yahoo
ORCL,2025-11-10,238.529266,16698700,yahoo
ORCL,2025-11-11,233.893951,20686600,yahoo
ORCL,2025-11-12,224.821457,24195000,yahoo
ORCL,2025-11-13,215.491486,30009000,yahoo
ORCL,2025-11-14,220.721039,36053800,yahoo
ORCL,2025-11-17,217.759583,16143800,yahoo
ORCL,2025-11-18,218.383575,21098300,yahoo
ORCL,2025-11-19,223.375412,21679500,yahoo
ORCL,2025-11-20,208.6772,27459600,yahoo
ORCL,2025-11-21,196.861145,44834100,yahoo
ORCL,2025-11-24,198.366638,31144700,yahoo
ORCL,2025-11-25,195.147675,29595000,yahoo
ORCL,2025-11-26,203.001938,26544100,yahoo
ORCL,2025-11-28,200.020691,13848500,yahoo
ORCL,2025-12-01,199.02034,13461200,yahoo
ORCL,2025-12-02,199.178818,19664500,yahoo
ORCL,2025-12-03,205.745453,19060500,yahoo
ORCL,2025-12-04,212.282425,23316900,yahoo
ORCL,2025-12-05,215.501358,24208700,yahoo
ORCL,2025-12-08,218.43309,24711200,yahoo
ORCL,2025-12-09,219.413635,17643600,yahoo
ORCL,2025-12-10,220.879486,47928000,yahoo
ORCL,2025-12-11,196.950317,100612700,yahoo
ORCL,2025-12-12,188.155121,55201600,yahoo
ORCL,2025-12-15,183.153381,43897500,yahoo
ORCL,2025-12-16,186.847733,32433500,yahoo
ORCL,2025-12-17,176.755112,50222000,yahoo
ORCL,2025-12-18,178.310104,36297300,yahoo
ORCL,2025-12-19,190.136032,77008600,yahoo
ORCL,2025-12-22,196.484802,27148000,yahoo
ORCL,2025-12-23,193.473831,18301600,yahoo
ORCL,2025-12-24,195.603302,9282700,yahoo
ORCL,2025-12-26,196.098511,11262000,yahoo
ORCL,2025-12-29,193.513458,14748100,yahoo
ORCL,2025-12-30,195.325974,14197400,yahoo
ORCL,2025-12-31,193.047943,10341500,yahoo
ORCL,2026-01-02,193.840302,14540700,yahoo
ORCL,2026-01-05,190.750107,22635500,yahoo
ORCL,2026-01-06,191.899033,16474500,yahoo
ORCL,2026-01-07,190.997711,11171200,yahoo
ORCL,2026-01-08,187.838181,19468500,yahoo
ORCL,2026-01-09,197.143219,26152700,yahoo
ORCL,2026-01-12,203.260483,25428500,yahoo
ORCL,2026-01-13,200.887054,15857400,yahoo
ORCL,2026-01-14,192.267258,22473200,yahoo
ORCL,2026-01-15,188.533356,16418600,yahoo
ORCL,2026-01-16,189.76474,19224700,yahoo
ORCL,2026-01-20,178.672211,29129500,yahoo
ORCL,2026-01-21,172.674103,38190000,yahoo
ORCL,2026-01-22,176.94426,21141900,yahoo
ORCL,2026-01-23,175.931351,23011300,yahoo
ORCL,2026-01-26,181.174728,21100400,yahoo
ORCL,2026-01-27,173.687012,27093700,yahoo
ORCL,2026-01-28,171.601593,35882700,yahoo
ORCL,2026-01-29,167.837875,37254500,yahoo
ORCL,2026-01-30,163.438583,27362400,yahoo
ORCL,2026-02-02,158.949936,47421000,yahoo
ORCL,2026-02-03,153.597321,43260100,yahoo
ORCL,2026-02-04,145.652802,42323400,yahoo
ORCL,2026-02-05,135.533478,42789000,yahoo
ORCL,2026-02-06,141.829514,29962400,yahoo
ORCL,2026-02-09,155.504013,49936500,yahoo
ORCL,2026-02-10,158.781128,40092200,yahoo
ORCL,2026-02-11,156.070053,24538900,yahoo
ORCL,2026-02-12,155.394775,23285400,yahoo
ORCL,2026-02-13,159.029388,18597000,yahoo
ORCL,2026-02-17,152.902176,19610800,yahoo
ORCL,2026-02-18,155.086914,14801100,yahoo
ORCL,2026-02-19,155.454346,14976300,yahoo
ORCL,2026-02-20,147.053024,29621900,yahoo
ORCL,2026-02-23,140.329971,31749800,yahoo
ORCL,2026-02-24,145.12648,21336600,yahoo
ORCL,2026-02-25,146.864334,27303900,yahoo
ORCL,2026-02-26,149.267563,20652200,yahoo
ORCL,2026-02-27,144.391602,36425200,yahoo
ORCL,2026-03-02,148.214905,22418800,yahoo
ORCL,2026-03-03,147.976578,20120800,yahoo
ORCL,2026-03-04,151.313263,17585400,yahoo
ORCL,2026-03-05,153.716492,24094800,yahoo
ORCL,2026-03-06,151.899185,38000600,yahoo
ORCL,2026-03-09,150.508896,31173500,yahoo
ORCL,2026-03-10,148.363861,51544600,yahoo
ORCL,2026-03-11,161.988708,83247500,yahoo
ORCL,2026-03-12,158.056183,37133700,yahoo
ORCL,2026-03-13,154.034271,26350400,yahoo
ORCL,2026-03-16,154.888321,21607700,yahoo
ORCL,2026-03-17,153.617188,23929500,yahoo
ORCL,2026-03-18,151.839584,18051100,yahoo
ORCL,2026-03-19,154.441437,22046100,yahoo
ORCL,2026-03-20,148.641922,37551400,yahoo
ORCL,2026-03-23,153.269608,19927900,yahoo
ORCL,2026-03-24,146.069885,26122100,yahoo
ORCL,2026-03-25,145.007309,20683800,yahoo
ORCL,2026-03-26,141.81958,16961900,yahoo
ORCL,2026-03-27,138.691422,17929600,yahoo
ORCL,2026-03-30,137.837387,20125700,yahoo
ORCL,2026-03-31,146.089752,24492000,yahoo
ORCL,2026-04-01,144.222794,20495900,yahoo
ORCL,2026-04-02,145.364807,14381900,yahoo
ORCL,2026-04-06,144.530624,12556700,yahoo
ORCL,2026-04-07,142.177078,17250400,yahoo
ORCL,2026-04-08,142.663681,23527000,yahoo
ORCL,2026-04-09,137.38205,30407800,yahoo
ORCL,2026-04-10,137.611252,26171800,yahoo
ORCL,2026-04-13,155.080475,49997700,yahoo
ORCL,2026-04-14,162.434891,59779800,yahoo
ORCL,2026-04-15,169.221283,43010800,yahoo
ORCL,2026-04-16,177.72171,46997300,yahoo
ORCL,2026-04-17,174.453079,45282600,yahoo
ORCL,2026-04-20,176.964355,22330900,yahoo
ORCL,2026-04-21,180.541901,39638000,yahoo
ORCL,2026-04-22,186.84996,32448800,yahoo
ORCL,2026-04-23,175.668854,37084200,yahoo
ORCL,2026-04-24,172.67926,33215000,yahoo
ORCL,2026-04-27,172.360367,21616600,yahoo
ORCL,2026-04-28,165.384644,33716500,yahoo
ORCL,2026-04-29,163.262024,20587500,yahoo
ORCL,2026-04-30,160.830475,21016400,yahoo
ORCL,2026-05-01,171.234283,26318000,yahoo
ORCL,2026-05-04,179.664948,33504500,yahoo
ORCL,2026-05-05,184.707413,23497200,yahoo
ORCL,2026-05-06,193.357315,27685500,yahoo
ORCL,2026-05-07,193.915375,31803200,yahoo
ORCL,2026-05-08,195.27066,21158300,yahoo
ORCL,2026-05-11,193.167969,16890600,yahoo
ORCL,2026-05-12,186.182281,22123400,yahoo
ORCL,2026-05-13,189.102112,15789300,yahoo
ORCL,2026-05-14,194.931839,22545000,yahoo
ORCL,2026-05-15,192.281052,15747100,yahoo
ORCL,2026-05-18,185.963043,19114300,yahoo
ORCL,2026-05-19,180.830902,16717700,yahoo
ORCL,2026-05-20,187.507675,16517200,yahoo
ORCL,2026-05-21,189.112091,12119700,yahoo
ORCL,2026-05-22,191.414078,10875800,yahoo
ORCL,2026-05-26,192.390671,12856100,yahoo
ORCL,2026-05-27,190.297974,12126000,yahoo
ORCL,2026-05-28,202.99379,25339900,yahoo
ORCL,2026-05-29,224.997238,41082200,yahoo
ORCL,2026-06-01,247.289688,48390000,yahoo
ORCL,2026-06-02,243.732071,30294800,yahoo
ORCL,2026-06-03,229.531464,23644700,yahoo
ORCL,2026-06-04,235.52063,19993800,yahoo
ORCL,2026-06-05,212.939178,29019900,yahoo
ORCL,2026-06-08,211.085648,17227200,yahoo
ORCL,2026-06-09,205.096481,26040700,yahoo
ORCL,2026-06-10,200.562241,46108300,yahoo
ORCL,2026-06-11,183.461746,63678500,yahoo
ORCL,2026-06-12,183.491638,29562300,yahoo
ORCL,2026-06-15,191.972137,20279900,yahoo
ORCL,2026-06-16,187.677078,16985500,yahoo
ORCL,2026-06-17,182.893723,16616600,yahoo
ORCL,2026-06-18,183.651077,31386100,yahoo
ORCL,2026-06-22,174.463058,22935400,yahoo
ORCL,2026-06-23,164.587402,33327900,yahoo
ORCL,2026-06-24,156.983856,38305000,yahoo
ORCL,2026-06-25,151.931442,36844400,yahoo
ORCL,2026-06-26,148.01506,36532100,yahoo
ORCL,2026-06-29,147.247726,34310300,yahoo
ORCL,2026-06-30,146.041931,35926900,yahoo
ORCL,2026-07-01,142.005966,45964000,yahoo
ORCL,2026-07-02,139.783707,44166700,yahoo
ORCL,2026-07-06,143.261597,36683000,yahoo
ORCL,2026-07-07,141.109085,47200000,yahoo
ORCL,2026-07-08,140.002945,34607300,yahoo
ORCL,2026-07-09,143.720001,35221900,yahoo
ORCL,2026-07-10,140.639999,29843300,yahoo
ORCL,2026-07-13,131.539993,56690300,yahoo
ORCL,2026-07-14,127.940002,52670400,yahoo
ORCL,2026-07-15,132.490005,48520400,yahoo
ORCL,2026-07-16,124.209999,54780900,yahoo
ORCL,2026-07-17,126.410004,39917100,yahoo
ORCL,2026-07-20,121.379997,36793200,yahoo
ORCL,2026-07-21,127.050003,27748100,yahoo
ORCL,2026-07-22,125.839996,21096700,yahoo
ORCL,2026-07-23,120.040001,30900600,yahoo
ORCL,2026-07-24,114.989998,46405700,yahoo
ORCL,2026-07-27,119.900002,36916600,yahoo
ORCL,2026-07-28,119.959999,32665400,yahoo
ORCL,2026-07-29,117.739998,28081800,yahoo
ORCL,2026-07-30,127.559998,41338400,yahoo
ORCL,2026-07-31,129.869995,34438700,yahoo
ORCL,2026-08-03,141.850006,49696900,yahoo
ORCL,2026-08-04,145.740005,43723500,yahoo
ORCL,2026-08-05,144.389999,23398500,yahoo
META,2025-08-06,769.468018,9733900,yahoo
META,2025-08-07,759.341187,9019700,yahoo
META,2025-08-08,766.786865,7320800,yahoo
META,2025-08-11,763.368103,7612000,yahoo
META,2025-08-12,787.419189,14563100,yahoo
META,2025-08-13,777.531616,8811800,yahoo
META,2025-08-14,779.57489,8116200,yahoo
META,2025-08-15,782.664795,13375400,yahoo
META,2025-08-18,764.863159,16513700,yahoo
META,2025-08-19,749.024963,12286700,yahoo
META,2025-08-20,745.277283,11898200,yahoo
META,2025-08-21,736.685486,8876300,yahoo
META,2025-08-22,752.324219,10612700,yahoo
META,2025-08-25,750.839111,6861200,yahoo
META,2025-08-26,751.636475,7601800,yahoo
META,2025-08-27,744.938538,8315400,yahoo
META,2025-08-28,748.656189,7468000,yahoo
META,2025-08-29,736.286743,9070500,yahoo
META,2025-09-02,732.708557,9350900,yahoo
META,2025-09-03,734.642151,7699300,yahoo
META,2025-09-04,746.204346,11439100,yahoo
META,2025-09-05,749.991943,9663400,yahoo
META,2025-09-08,749.842346,13087800,yahoo
META,2025-09-09,763.198608,10999000,yahoo
META,2025-09-10,749.523438,12478300,yahoo
META,2025-09-11,748.44696,7923300,yahoo
META,2025-09-12,753.121643,8248600,yahoo
META,2025-09-15,762.201904,10533800,yahoo
META,2025-09-16,776.4552,11782500,yahoo
META,2025-09-17,773.185852,9400900,yahoo
META,2025-09-18,777.70105,10955000,yahoo
META,2025-09-19,775.837219,23696800,yahoo
META,2025-09-22,763.17511,11706900,yahoo
META,2025-09-23,753.44043,10872600,yahoo
META,2025-09-24,758.686768,8828200,yahoo
META,2025-09-25,746.967224,10591100,yahoo
META,2025-09-26,741.820679,9696300,yahoo
META,2025-09-29,741.471558,9246800,yahoo
META,2025-09-30,732.474976,16226800,yahoo
META,2025-10-01,715.479126,20419600,yahoo
META,2025-10-02,725.16394,11415300,yahoo
META,2025-10-03,708.716736,16154300,yahoo
META,2025-10-06,713.803528,21654700,yahoo
META,2025-10-07,711.230225,12062900,yahoo
META,2025-10-08,715.977905,10790600,yahoo
META,2025-10-09,731.607239,12717200,yahoo
META,2025-10-10,703.470398,16980100,yahoo
META,2025-10-13,713.843384,9251800,yahoo
META,2025-10-14,706.811707,8829800,yahoo
META,2025-10-15,715.688599,10246800,yahoo
META,2025-10-16,710.222839,9017000,yahoo
META,2025-10-17,715.060242,12232400,yahoo
META,2025-10-20,730.270691,8900200,yahoo
META,2025-10-21,731.367859,7647300,yahoo
META,2025-10-22,731.507446,8734500,yahoo
META,2025-10-23,732.095947,9856000,yahoo
META,2025-10-24,736.44458,9151300,yahoo
META,2025-10-27,748.872314,11321100,yahoo
META,2025-10-28,749.490723,12193800,yahoo
META,2025-10-29,749.720093,26818600,yahoo
META,2025-10-30,664.741089,88440100,yahoo
META,2025-10-31,646.668091,56953200,yahoo
META,2025-11-03,636.055725,33003600,yahoo
META,2025-11-04,625.692688,27356600,yahoo
META,2025-11-05,634.300293,20219900,yahoo
META,2025-11-06,617.334412,23628800,yahoo
META,2025-11-07,620.097229,29946800,yahoo
META,2025-11-10,630.121216,19245000,yahoo
META,2025-11-11,625.453308,13302200,yahoo
META,2025-11-12,607.430176,24493300,yahoo
META,2025-11-13,608.307922,20973800,yahoo
META,2025-11-14,607.879028,20724100,yahoo
META,2025-11-17,600.448364,16501300,yahoo
META,2025-11-18,596.139587,25500600,yahoo
META,2025-11-19,588.788635,24744700,yahoo
META,2025-11-20,587.621704,20603000,yahoo
META,2025-11-21,592.708496,21052600,yahoo
META,2025-11-24,611.459656,23554900,yahoo
META,2025-11-25,634.56958,25213000,yahoo
META,2025-11-26,631.96637,15209500,yahoo
META,2025-11-28,646.269165,11033200,yahoo
META,2025-12-01,639.20752,13029900,yahoo
META,2025-12-02,645.421387,11640900,yahoo
META,2025-12-03,637.940857,11134300,yahoo
META,2025-12-04,659.813965,29874600,yahoo
META,2025-12-05,671.673096,21207900,yahoo
META,2025-12-08,665.070251,13161000,yahoo
META,2025-12-09,655.255798,12997100,yahoo
META,2025-12-10,648.443481,16910900,yahoo
META,2025-12-11,651.016846,13056700,yahoo
META,2025-12-12,642.558777,14016900,yahoo
META,2025-12-15,646.357056,15549100,yahoo
META,2025-12-16,655.979858,14309100,yahoo
META,2025-12-17,648.343506,15598500,yahoo
META,2025-12-18,663.266907,20260300,yahoo
META,2025-12-19,657.596985,49977100,yahoo
META,2025-12-22,660.322083,15659400,yahoo
META,2025-12-23,663.755981,8486800,yahoo
META,2025-12-24,666.361389,5627500,yahoo
META,2025-12-26,662.108887,7133800,yahoo
META,2025-12-29,657.517151,8506500,yahoo
META,2025-12-30,664.764221,9187500,yahoo
META,2025-12-31,658.914673,7940400,yahoo
META,2026-01-02,649.251892,13726500,yahoo
META,2026-01-05,657.616943,12213700,yahoo
META,2026-01-06,659.443726,11074400,yahoo
META,2026-01-07,647.534973,12846300,yahoo
META,2026-01-08,644.909607,11921700,yahoo
META,2026-01-09,651.897095,11634900,yahoo
META,2026-01-12,640.826904,14797200,yahoo
META,2026-01-13,629.966309,18030400,yahoo
META,2026-01-14,614.424011,15527900,yahoo
META,2026-01-15,619.69458,13076100,yahoo
META,2026-01-16,619.145569,17012500,yahoo
META,2026-01-20,603.044312,15169600,yahoo
META,2026-01-21,611.868591,14494700,yahoo
META,2026-01-22,646.476807,21394700,yahoo
META,2026-01-23,657.587036,22797700,yahoo
META,2026-01-26,671.162781,16327400,yahoo
META,2026-01-27,671.771667,13297400,yahoo
META,2026-01-28,667.539246,25709600,yahoo
META,2026-01-29,736.995361,59852900,yahoo
META,2026-01-30,715.224182,23744600,yahoo
META,2026-02-02,705.1521,14365200,yahoo
META,2026-02-03,690.468323,13760700,yahoo
META,2026-02-04,667.798767,16882800,yahoo
META,2026-02-05,669.016602,17131800,yahoo
META,2026-02-06,660.282227,18159300,yahoo
META,2026-02-09,676.014099,14837500,yahoo
META,2026-02-10,669.525696,10455800,yahoo
META,2026-02-11,667.499329,14323800,yahoo
META,2026-02-12,648.652954,14960100,yahoo
META,2026-02-13,638.630859,12336400,yahoo
META,2026-02-17,638.151611,12674700,yahoo
META,2026-02-18,642.074646,14649200,yahoo
META,2026-02-19,643.631897,10035700,yahoo
META,2026-02-20,654.492493,14183500,yahoo
META,2026-02-23,636.115295,8605900,yahoo
META,2026-02-24,638.161621,10135600,yahoo
META,2026-02-25,652.526062,11330700,yahoo
META,2026-02-26,655.840149,10637700,yahoo
META,2026-02-27,647.025879,15703000,yahoo
META,2026-03-02,652.39624,9816100,yahoo
META,2026-03-03,653.913574,12263800,yahoo
META,2026-03-04,666.541016,10810100,yahoo
META,2026-03-05,659.393799,13341400,yahoo
META,2026-03-06,643.711731,13159400,yahoo
META,2026-03-09,646.237305,13489700,yahoo
META,2026-03-10,652.905334,9859300,yahoo
META,2026-03-11,653.693909,8977200,yahoo
META,2026-03-12,637.04364,11617500,yahoo
META,2026-03-13,612.617188,18957600,yahoo
META,2026-03-16,626.869019,15134900,yahoo
META,2026-03-17,622.083435,10348800,yahoo
META,2026-03-18,615.109924,11726300,yahoo
META,2026-03-19,606.138245,13247700,yahoo
META,2026-03-20,593.110291,21214900,yahoo
META,2026-03-23,603.500671,13638000,yahoo
META,2026-03-24,592.370972,10739700,yahoo
META,2026-03-25,594.339172,12585000,yahoo
META,2026-03-26,547.032959,35780100,yahoo
META,2026-03-27,525.233154,30133000,yahoo
META,2026-03-30,535.883362,22795200,yahoo
META,2026-03-31,571.60022,32898300,yahoo
META,2026-04-01,578.693665,23608100,yahoo
META,2026-04-02,573.928101,13518500,yahoo
META,2026-04-06,572.489441,9515700,yahoo
META,2026-04-07,574.517517,9580800,yahoo
META,2026-04-08,611.852905,32036600,yahoo
META,2026-04-09,627.808167,19012900,yahoo
META,2026-04-10,629.276733,13294800,yahoo
META,2026-04-13,633.942505,9538900,yahoo
META,2026-04-14,661.876526,17818000,yahoo
META,2026-04-15,670.958191,14952600,yahoo
META,2026-04-16,676.243225,9544800,yahoo
META,2026-04-17,687.912415,16283500,yahoo
META,2026-04-20,670.288757,12534000,yahoo
META,2026-04-21,668.220703,8660100,yahoo
META,2026-04-22,674.095215,9215600,yahoo
META,2026-04-23,658.539673,11667000,yahoo
META,2026-04-24,674.404968,13348300,yahoo
META,2026-04-27,677.991638,12805200,yahoo
META,2026-04-28,670.718384,10606800,yahoo
META,2026-04-29,668.500427,18947500,yahoo
META,2026-04-30,611.343384,52765000,yahoo
META,2026-05-01,608.18634,21404000,yahoo
META,2026-05-04,609.844788,16203900,yahoo
META,2026-05-05,604.399841,17171300,yahoo
META,2026-05-06,612.3125,19915500,yahoo
META,2026-05-07,616.238831,12307400,yahoo
META,2026-05-08,609.065491,13557000,yahoo
META,2026-05-11,598.305481,15940600,yahoo
META,2026-05-12,602.44165,11351600,yahoo
META,2026-05-13,616.059021,14634400,yahoo
META,2026-05-14,617.857361,10651200,yahoo
META,2026-05-15,613.661255,13272600,yahoo
META,2026-05-18,610.644043,13772400,yahoo
META,2026-05-19,602.052002,11749900,yahoo
META,2026-05-20,604.499756,11329700,yahoo
META,2026-05-21,606.817566,13476100,yahoo
META,2026-05-22,609.694946,11688600,yahoo
META,2026-05-26,611.77301,12234200,yahoo
META,2026-05-27,634.671814,23143600,yahoo
META,2026-05-28,634.701721,16772400,yahoo
META,2026-05-29,631.924316,19806500,yahoo
META,2026-06-01,599.91394,29138800,yahoo
META,2026-06-02,597.076599,18252000,yahoo
META,2026-06-03,622.403137,23020100,yahoo
META,2026-06-04,626.988892,21469200,yahoo
META,2026-06-05,592.450928,30091600,yahoo
META,2026-06-08,584.847961,19512400,yahoo
META,2026-06-09,584.048706,16977400,yahoo
META,2026-06-10,570.451294,17064000,yahoo
META,2026-06-11,567.903625,17628000,yahoo
META,2026-06-12,566.454956,14326400,yahoo
META,2026-06-15,593.47998,17653300,yahoo
META,2026-06-16,600.210022,11344400,yahoo
META,2026-06-17,567.580017,20478300,yahoo
META,2026-06-18,577.219971,28824600,yahoo
META,2026-06-22,563.849976,15405500,yahoo
META,2026-06-23,562.200012,13103300,yahoo
META,2026-06-24,557.669983,13963600,yahoo
META,2026-06-25,542.869995,16968600,yahoo
META,2026-06-26,550.25,18867700,yahoo
META,2026-06-29,562.599976,15011400,yahoo
META,2026-06-30,563.289978,18111100,yahoo
META,2026-07-01,612.909973,45536300,yahoo
META,2026-07-02,582.900024,21705900,yahoo
META,2026-07-06,600.289978,17674100,yahoo
META,2026-07-07,615.580017,18560800,yahoo
META,2026-07-08,603.119995,13606500,yahoo
META,2026-07-09,631.47998,26579700,yahoo
META,2026-07-10,669.210022,40608900,yahoo
META,2026-07-13,656.72998,19840700,yahoo
META,2026-07-14,661.039978,16748200,yahoo
META,2026-07-15,681.309998,19003400,yahoo
META,2026-07-16,664.539978,15816000,yahoo
META,2026-07-17,646.01001,22267900,yahoo
META,2026-07-20,645.849976,10225200,yahoo
META,2026-07-21,643.809998,9140500,yahoo
META,2026-07-22,627.169983,11019600,yahoo
META,2026-07-23,606.099976,15494800,yahoo
META,2026-07-24,595.190002,11503500,yahoo
META,2026-07-27,593.869995,11195300,yahoo
META,2026-07-28,593.409973,12009300,yahoo
META,2026-07-29,585.609985,22371100,yahoo
META,2026-07-30,539.030029,42271500,yahoo
META,2026-07-31,556.710022,24261500,yahoo
META,2026-08-03,590.23999,25938100,yahoo
META,2026-08-04,587.940002,17959200,yahoo
META,2026-08-05,588.77002,14824300,yahoo
VICR,2025-08-06,46.130001,544000,yahoo
VICR,2025-08-07,46.02,286100,yahoo
VICR,2025-08-08,46.84,349800,yahoo
VICR,2025-08-11,46.279999,398900,yahoo
VICR,2025-08-12,48.43,464200,yahoo
VICR,2025-08-13,49.48,332400,yahoo
VICR,2025-08-14,47.25,431500,yahoo
VICR,2025-08-15,47.650002,416300,yahoo
VICR,2025-08-18,48.130001,274500,yahoo
VICR,2025-08-19,47.240002,247500,yahoo
VICR,2025-08-20,46.490002,358400,yahoo
VICR,2025-08-21,46.709999,252400,yahoo
VICR,2025-08-22,50.950001,393300,yahoo
VICR,2025-08-25,50.700001,392900,yahoo
VICR,2025-08-26,51.509998,520600,yahoo
VICR,2025-08-27,51.32,261600,yahoo
VICR,2025-08-28,52.130001,421700,yahoo
VICR,2025-08-29,51.110001,410000,yahoo
VICR,2025-09-02,50.470001,294800,yahoo
VICR,2025-09-03,50.509998,262100,yahoo
VICR,2025-09-04,51.900002,283600,yahoo
VICR,2025-09-05,51.799999,250800,yahoo
VICR,2025-09-08,50.560001,296400,yahoo
VICR,2025-09-09,50.060001,234100,yahoo
VICR,2025-09-10,50.09,189600,yahoo
VICR,2025-09-11,50.959999,198200,yahoo
VICR,2025-09-12,50.77,260300,yahoo
VICR,2025-09-15,51.889999,327200,yahoo
VICR,2025-09-16,52.060001,346800,yahoo
VICR,2025-09-17,52.209999,219200,yahoo
VICR,2025-09-18,53.84,235500,yahoo
VICR,2025-09-19,52.880001,454800,yahoo
VICR,2025-09-22,54.720001,181900,yahoo
VICR,2025-09-23,53.82,271900,yahoo
VICR,2025-09-24,52.810001,215700,yahoo
VICR,2025-09-25,52.139999,168200,yahoo
VICR,2025-09-26,48.669998,459300,yahoo
VICR,2025-09-29,48.459999,529200,yahoo
VICR,2025-09-30,49.720001,317900,yahoo
VICR,2025-10-01,49.310001,322200,yahoo
VICR,2025-10-02,48.880001,234700,yahoo
VICR,2025-10-03,49.029999,224500,yahoo
VICR,2025-10-06,49.970001,303100,yahoo
VICR,2025-10-07,48.630001,243600,yahoo
VICR,2025-10-08,51.5,263700,yahoo
VICR,2025-10-09,52.619999,195400,yahoo
VICR,2025-10-10,48.560001,258400,yahoo
VICR,2025-10-13,51.959999,256900,yahoo
VICR,2025-10-14,53.650002,284900,yahoo
VICR,2025-10-15,57.310001,409100,yahoo
VICR,2025-10-16,60.470001,599000,yahoo
VICR,2025-10-17,57.43,466800,yahoo
VICR,2025-10-20,58.040001,367500,yahoo
VICR,2025-10-21,65.800003,1627300,yahoo
VICR,2025-10-22,85.760002,3388700,yahoo
VICR,2025-10-23,92.980003,1784600,yahoo
VICR,2025-10-24,90.440002,1038800,yahoo
VICR,2025-10-27,90.0,476400,yahoo
VICR,2025-10-28,89.650002,371400,yahoo
VICR,2025-10-29,91.169998,379600,yahoo
VICR,2025-10-30,91.419998,309400,yahoo
VICR,2025-10-31,90.730003,343800,yahoo
VICR,2025-11-03,93.349998,465400,yahoo
VICR,2025-11-04,88.360001,400600,yahoo
VICR,2025-11-05,94.879997,476700,yahoo
VICR,2025-11-06,89.019997,399100,yahoo
VICR,2025-11-07,87.43,581700,yahoo
VICR,2025-11-10,92.389999,346300,yahoo
VICR,2025-11-11,92.580002,358700,yahoo
VICR,2025-11-12,94.349998,653500,yahoo
VICR,2025-11-13,88.580002,307200,yahoo
VICR,2025-11-14,89.0,341100,yahoo
VICR,2025-11-17,87.080002,305900,yahoo
VICR,2025-11-18,84.660004,226500,yahoo
VICR,2025-11-19,85.07,261700,yahoo
VICR,2025-11-20,83.279999,393900,yahoo
VICR,2025-11-21,84.370003,340400,yahoo
VICR,2025-11-24,87.660004,221800,yahoo
VICR,2025-11-25,88.150002,276600,yahoo
VICR,2025-11-26,89.540001,319500,yahoo
VICR,2025-11-28,89.349998,125600,yahoo
VICR,2025-12-01,89.730003,267100,yahoo
VICR,2025-12-02,91.139999,382700,yahoo
VICR,2025-12-03,92.82,234700,yahoo
VICR,2025-12-04,94.540001,282700,yahoo
VICR,2025-12-05,96.830002,245400,yahoo
VICR,2025-12-08,98.690002,324700,yahoo
VICR,2025-12-09,99.300003,239000,yahoo
VICR,2025-12-10,100.830002,381200,yahoo
VICR,2025-12-11,100.970001,249600,yahoo
VICR,2025-12-12,97.800003,494700,yahoo
VICR,2025-12-15,95.589996,446600,yahoo
VICR,2025-12-16,93.449997,327600,yahoo
VICR,2025-12-17,97.190002,412500,yahoo
VICR,2025-12-18,98.290001,324200,yahoo
VICR,2025-12-19,104.400002,794200,yahoo
VICR,2025-12-22,111.019997,669700,yahoo
VICR,2025-12-23,108.970001,521000,yahoo
VICR,2025-12-24,108.459999,254600,yahoo
VICR,2025-12-26,111.019997,418400,yahoo
VICR,2025-12-29,112.0,366300,yahoo
VICR,2025-12-30,113.699997,679400,yahoo
VICR,2025-12-31,109.599998,487400,yahoo
VICR,2026-01-02,116.860001,611300,yahoo
VICR,2026-01-05,133.639999,2095200,yahoo
VICR,2026-01-06,138.919998,1296900,yahoo
VICR,2026-01-07,139.470001,553400,yahoo
VICR,2026-01-08,136.110001,558600,yahoo
VICR,2026-01-09,142.309998,530800,yahoo
VICR,2026-01-12,139.119995,820300,yahoo
VICR,2026-01-13,138.610001,426000,yahoo
VICR,2026-01-14,145.320007,547400,yahoo
VICR,2026-01-15,145.479996,529000,yahoo
VICR,2026-01-16,149.880005,427400,yahoo
VICR,2026-01-20,157.399994,749100,yahoo
VICR,2026-01-21,162.080002,465200,yahoo
VICR,2026-01-22,166.779999,737800,yahoo
VICR,2026-01-23,153.289993,686700,yahoo
VICR,2026-01-26,158.460007,449100,yahoo
VICR,2026-01-27,164.029999,320700,yahoo
VICR,2026-01-28,166.509995,318900,yahoo
VICR,2026-01-29,171.529999,435700,yahoo
VICR,2026-01-30,157.669998,467500,yahoo
VICR,2026-02-02,165.350006,420700,yahoo
VICR,2026-02-03,166.759995,745000,yahoo
VICR,2026-02-04,152.089996,939500,yahoo
VICR,2026-02-05,148.190002,697200,yahoo
VICR,2026-02-06,159.869995,772900,yahoo
VICR,2026-02-09,159.039993,398500,yahoo
VICR,2026-02-10,157.429993,688400,yahoo
VICR,2026-02-11,160.710007,478500,yahoo
VICR,2026-02-12,164.289993,521200,yahoo
VICR,2026-02-13,155.960007,556200,yahoo
VICR,2026-02-17,157.279999,453400,yahoo
VICR,2026-02-18,155.610001,420300,yahoo
VICR,2026-02-19,152.839996,682400,yahoo
VICR,2026-02-20,170.009995,1731900,yahoo
VICR,2026-02-23,171.800003,1058200,yahoo
VICR,2026-02-24,190.300003,1185000,yahoo
VICR,2026-02-25,197.160004,1025300,yahoo
VICR,2026-02-26,205.639999,869900,yahoo
VICR,2026-02-27,201.399994,828100,yahoo
VICR,2026-03-02,209.190002,930100,yahoo
VICR,2026-03-03,201.970001,811200,yahoo
VICR,2026-03-04,203.190002,779500,yahoo
VICR,2026-03-05,181.919998,1204900,yahoo
VICR,2026-03-06,162.669998,827100,yahoo
VICR,2026-03-09,170.029999,969900,yahoo
VICR,2026-03-10,175.800003,923700,yahoo
VICR,2026-03-11,178.830002,539400,yahoo
VICR,2026-03-12,167.809998,695800,yahoo
VICR,2026-03-13,172.570007,634300,yahoo
VICR,2026-03-16,185.419998,1041900,yahoo
VICR,2026-03-17,196.330002,744600,yahoo
VICR,2026-03-18,191.839996,830000,yahoo
VICR,2026-03-19,190.130005,802700,yahoo
VICR,2026-03-20,164.539993,4077400,yahoo
VICR,2026-03-23,173.070007,861000,yahoo
VICR,2026-03-24,180.5,534800,yahoo
VICR,2026-03-25,186.0,737300,yahoo
VICR,2026-03-26,157.960007,1014100,yahoo
VICR,2026-03-27,153.020004,822300,yahoo
VICR,2026-03-30,142.220001,1222400,yahoo
VICR,2026-03-31,161.0,951000,yahoo
VICR,2026-04-01,158.160004,589100,yahoo
VICR,2026-04-02,155.639999,676000,yahoo
VICR,2026-04-06,155.710007,418100,yahoo
VICR,2026-04-07,159.830002,470700,yahoo
VICR,2026-04-08,179.990005,823700,yahoo
VICR,2026-04-09,184.919998,612700,yahoo
VICR,2026-04-10,185.610001,325400,yahoo
VICR,2026-04-13,186.220001,390700,yahoo
VICR,2026-04-14,190.100006,444300,yahoo
VICR,2026-04-15,194.199997,528600,yahoo
VICR,2026-04-16,203.100006,644000,yahoo
VICR,2026-04-17,218.050003,1167100,yahoo
VICR,2026-04-20,224.809998,1056300,yahoo
VICR,2026-04-21,246.240005,2056900,yahoo
VICR,2026-04-22,265.0,2190100,yahoo
VICR,2026-04-23,260.130005,1132800,yahoo
VICR,2026-04-24,273.529999,727300,yahoo
VICR,2026-04-27,268.609985,816400,yahoo
VICR,2026-04-28,248.699997,1031300,yahoo
VICR,2026-04-29,256.700012,879800,yahoo
VICR,2026-04-30,269.269989,620900,yahoo
VICR,2026-05-01,268.359985,577800,yahoo
VICR,2026-05-04,251.020004,812800,yahoo
VICR,2026-05-05,266.01001,609900,yahoo
VICR,2026-05-06,280.339996,888900,yahoo
VICR,2026-05-07,261.339996,674100,yahoo
VICR,2026-05-08,256.470001,683600,yahoo
VICR,2026-05-11,312.959991,1803100,yahoo
VICR,2026-05-12,292.529999,1335100,yahoo
VICR,2026-05-13,309.269989,1108700,yahoo
VICR,2026-05-14,290.540009,1080200,yahoo
VICR,2026-05-15,273.670013,1097500,yahoo
VICR,2026-05-18,249.020004,1056000,yahoo
VICR,2026-05-19,243.429993,832400,yahoo
VICR,2026-05-20,264.200012,809300,yahoo
VICR,2026-05-21,268.290009,479400,yahoo
VICR,2026-05-22,267.98999,474300,yahoo
VICR,2026-05-26,332.950012,1586600,yahoo
VICR,2026-05-27,345.839996,1187900,yahoo
VICR,2026-05-28,342.089996,621200,yahoo
VICR,2026-05-29,334.839996,557500,yahoo
VICR,2026-06-01,328.850006,622900,yahoo
VICR,2026-06-02,332.950012,684700,yahoo
VICR,2026-06-03,330.480011,478000,yahoo
VICR,2026-06-04,306.119995,819500,yahoo
VICR,2026-06-05,271.040009,926600,yahoo
VICR,2026-06-08,274.970001,726000,yahoo
VICR,2026-06-09,283.480011,1028500,yahoo
VICR,2026-06-10,275.51001,732500,yahoo
VICR,2026-06-11,298.059998,541300,yahoo
VICR,2026-06-12,303.769989,473000,yahoo
VICR,2026-06-15,322.410004,672700,yahoo
VICR,2026-06-16,320.459991,580300,yahoo
VICR,2026-06-17,325.170013,476000,yahoo
VICR,2026-06-18,331.369995,946400,yahoo
VICR,2026-06-22,365.529999,922300,yahoo
VICR,2026-06-23,336.119995,1031700,yahoo
VICR,2026-06-24,322.279999,645800,yahoo
VICR,2026-06-25,331.589996,494400,yahoo
VICR,2026-06-26,326.929993,4158400,yahoo
VICR,2026-06-29,366.790009,1024300,yahoo
VICR,2026-06-30,379.779999,778500,yahoo
VICR,2026-07-01,350.209991,667600,yahoo
VICR,2026-07-02,282.950012,1152900,yahoo
VICR,2026-07-06,285.339996,666200,yahoo
VICR,2026-07-07,257.339996,1204600,yahoo
VICR,2026-07-08,263.160004,605800,yahoo
VICR,2026-07-09,277.429993,559100,yahoo
VICR,2026-07-10,272.049988,375700,yahoo
VICR,2026-07-13,252.160004,504700,yahoo
VICR,2026-07-14,264.5,672200,yahoo
VICR,2026-07-15,260.200012,618800,yahoo
VICR,2026-07-16,230.410004,883200,yahoo
VICR,2026-07-17,237.619995,966300,yahoo
VICR,2026-07-20,230.990005,1025600,yahoo
VICR,2026-07-21,214.699997,1774800,yahoo
VICR,2026-07-22,217.350006,1373400,yahoo
VICR,2026-07-23,231.380005,996200,yahoo
VICR,2026-07-24,211.009995,964400,yahoo
VICR,2026-07-27,206.440002,947200,yahoo
VICR,2026-07-28,192.119995,1099400,yahoo
VICR,2026-07-29,182.770004,1197900,yahoo
VICR,2026-07-30,206.669998,952400,yahoo
VICR,2026-07-31,207.369995,757900,yahoo
VICR,2026-08-03,213.539993,705400,yahoo
VICR,2026-08-04,226.479996,690300,yahoo
VICR,2026-08-05,219.080002,398700,yahoo
POWI,2025-08-06,46.656528,590200,yahoo
POWI,2025-08-07,42.373051,1660700,yahoo
POWI,2025-08-08,43.404621,859500,yahoo
POWI,2025-08-11,43.070591,1061000,yahoo
POWI,2025-08-12,45.408821,853000,yahoo
POWI,2025-08-13,47.589851,650300,yahoo
POWI,2025-08-14,46.430561,474900,yahoo
POWI,2025-08-15,45.487408,518600,yahoo
POWI,2025-08-18,45.448116,449000,yahoo
POWI,2025-08-19,45.693722,651200,yahoo
POWI,2025-08-20,44.799702,619200,yahoo
POWI,2025-08-21,44.259354,666300,yahoo
POWI,2025-08-22,46.587753,552400,yahoo
POWI,2025-08-25,45.693722,422500,yahoo
POWI,2025-08-26,45.290924,535000,yahoo
POWI,2025-08-27,45.909866,540000,yahoo
POWI,2025-08-28,45.526711,407100,yahoo
POWI,2025-08-29,44.510181,442700,yahoo
POWI,2025-09-02,43.957512,625200,yahoo
POWI,2025-09-03,43.335747,507100,yahoo
POWI,2025-09-04,44.14502,618500,yahoo
POWI,2025-09-05,44.322666,423400,yahoo
POWI,2025-09-08,44.401623,508700,yahoo
POWI,2025-09-09,44.085808,427300,yahoo
POWI,2025-09-10,43.898293,674700,yahoo
POWI,2025-09-11,45.02338,771300,yahoo
POWI,2025-09-12,43.582478,587600,yahoo
POWI,2025-09-15,44.283188,732000,yahoo
POWI,2025-09-16,44.539791,536300,yahoo
POWI,2025-09-17,44.006851,443000,yahoo
POWI,2025-09-18,44.974037,575600,yahoo
POWI,2025-09-19,42.388302,1668500,yahoo
POWI,2025-09-22,42.486992,610000,yahoo
POWI,2025-09-23,40.996742,725200,yahoo
POWI,2025-09-24,40.276287,555100,yahoo
POWI,2025-09-25,39.101849,838800,yahoo
POWI,2025-09-26,39.496624,651300,yahoo
POWI,2025-09-29,38.855118,480600,yahoo
POWI,2025-09-30,39.684135,759900,yahoo
POWI,2025-10-01,38.272835,979900,yahoo
POWI,2025-10-02,38.420876,704900,yahoo
POWI,2025-10-03,38.095188,619800,yahoo
POWI,2025-10-06,38.529438,670300,yahoo
POWI,2025-10-07,37.216827,709400,yahoo
POWI,2025-10-08,37.927414,450200,yahoo
POWI,2025-10-09,37.019444,539200,yahoo
POWI,2025-10-10,34.186977,1566200,yahoo
POWI,2025-10-13,42.585686,7338200,yahoo
POWI,2025-10-14,46.414944,7570600,yahoo
POWI,2025-10-15,48.191402,3329700,yahoo
POWI,2025-10-16,46.414944,1993300,yahoo
POWI,2025-10-17,44.885212,1272800,yahoo
POWI,2025-10-20,44.707565,1220400,yahoo
POWI,2025-10-21,44.115414,1253000,yahoo
POWI,2025-10-22,41.835621,1251400,yahoo
POWI,2025-10-23,43.12849,767800,yahoo
POWI,2025-10-24,42.447517,748400,yahoo
POWI,2025-10-27,42.477127,1013600,yahoo
POWI,2025-10-28,42.102093,816900,yahoo
POWI,2025-10-29,40.947395,942800,yahoo
POWI,2025-10-30,40.335503,886300,yahoo
POWI,2025-10-31,41.342163,1354700,yahoo
POWI,2025-11-03,41.075695,787800,yahoo
POWI,2025-11-04,38.450481,1075200,yahoo
POWI,2025-11-05,39.072247,1764000,yahoo
POWI,2025-11-06,36.042393,1339700,yahoo
POWI,2025-11-07,34.838348,1224900,yahoo
POWI,2025-11-10,35.213379,900300,yahoo
POWI,2025-11-11,34.92717,711100,yahoo
POWI,2025-11-12,35.193642,783300,yahoo
POWI,2025-11-13,34.29554,825700,yahoo
POWI,2025-11-14,34.147503,677000,yahoo
POWI,2025-11-17,31.86771,1040000,yahoo
POWI,2025-11-18,31.413727,1256200,yahoo
POWI,2025-11-19,31.176868,737900,yahoo
POWI,2025-11-20,30.515629,857100,yahoo
POWI,2025-11-21,32.627644,1284800,yahoo
POWI,2025-11-24,32.785549,948200,yahoo
POWI,2025-11-25,33.071758,527700,yahoo
POWI,2025-11-26,33.288879,889200,yahoo
POWI,2025-11-28,33.368324,333700,yahoo
POWI,2025-12-01,33.457706,851100,yahoo
POWI,2025-12-02,34.321709,673600,yahoo
POWI,2025-12-03,35.940468,784200,yahoo
POWI,2025-12-04,36.327782,637800,yahoo
POWI,2025-12-05,36.258263,1039300,yahoo
POWI,2025-12-08,36.983231,931500,yahoo
POWI,2025-12-09,36.119225,1110700,yahoo
POWI,2025-12-10,37.291088,1040600,yahoo
POWI,2025-12-11,37.092468,724100,yahoo
POWI,2025-12-12,36.21854,770000,yahoo
POWI,2025-12-15,36.089436,707200,yahoo
POWI,2025-12-16,35.890812,887400,yahoo
POWI,2025-12-17,35.851089,1007800,yahoo
POWI,2025-12-18,35.920605,848300,yahoo
POWI,2025-12-19,36.327782,10008000,yahoo
POWI,2025-12-22,36.774677,895900,yahoo
POWI,2025-12-23,36.804474,854100,yahoo
POWI,2025-12-24,36.903782,290800,yahoo
POWI,2025-12-26,37.042812,470400,yahoo
POWI,2025-12-29,35.65247,1175700,yahoo
POWI,2025-12-30,35.741848,823000,yahoo
POWI,2025-12-31,35.294952,532500,yahoo
POWI,2026-01-02,37.042812,960300,yahoo
POWI,2026-01-05,37.459919,1135000,yahoo
POWI,2026-01-06,39.406406,1202100,yahoo
POWI,2026-01-07,40.161167,1133100,yahoo
POWI,2026-01-08,40.528614,733000,yahoo
POWI,2026-01-09,41.223785,706900,yahoo
POWI,2026-01-12,41.253582,685700,yahoo
POWI,2026-01-13,40.617996,675300,yahoo
POWI,2026-01-14,41.809719,646800,yahoo
POWI,2026-01-15,43.180206,1047300,yahoo
POWI,2026-01-16,43.021305,1174100,yahoo
POWI,2026-01-20,42.604202,853200,yahoo
POWI,2026-01-21,45.335243,951300,yahoo
POWI,2026-01-22,45.166412,855800,yahoo
POWI,2026-01-23,44.183243,827100,yahoo
POWI,2026-01-26,43.964756,792500,yahoo
POWI,2026-01-27,45.603378,710400,yahoo
POWI,2026-01-28,46.447521,1236800,yahoo
POWI,2026-01-29,46.795109,859700,yahoo
POWI,2026-01-30,45.623241,1082500,yahoo
POWI,2026-02-02,46.199245,787000,yahoo
POWI,2026-02-03,44.928074,1169700,yahoo
POWI,2026-02-04,46.92421,1134000,yahoo
POWI,2026-02-05,46.874557,1102400,yahoo
POWI,2026-02-06,47.013588,1855400,yahoo
POWI,2026-02-09,45.474281,1108100,yahoo
POWI,2026-02-10,45.345173,1223300,yahoo
POWI,2026-02-11,47.937176,704200,yahoo
POWI,2026-02-12,46.368069,932000,yahoo
POWI,2026-02-13,46.884483,457200,yahoo
POWI,2026-02-17,45.414688,694500,yahoo
POWI,2026-02-18,45.613312,639500,yahoo
POWI,2026-02-19,45.355103,568600,yahoo
POWI,2026-02-20,45.196205,592700,yahoo
POWI,2026-02-23,45.255795,912900,yahoo
POWI,2026-02-24,46.755386,678200,yahoo
POWI,2026-02-25,48.32449,713700,yahoo
POWI,2026-02-26,48.125866,811100,yahoo
POWI,2026-02-27,47.80167,902200,yahoo
POWI,2026-03-02,50.115944,1463900,yahoo
POWI,2026-03-03,47.881474,1591900,yahoo
POWI,2026-03-04,46.854019,1216900,yahoo
POWI,2026-03-05,47.691944,779800,yahoo
POWI,2026-03-06,45.946266,1359300,yahoo
POWI,2026-03-09,47.033573,810200,yahoo
POWI,2026-03-10,44.95871,934500,yahoo
POWI,2026-03-11,46.73431,543900,yahoo
POWI,2026-03-12,46.235546,759700,yahoo
POWI,2026-03-13,47.332832,817200,yahoo
POWI,2026-03-16,46.65451,2180100,yahoo
POWI,2026-03-17,47.51239,676100,yahoo
POWI,2026-03-18,45.966217,640800,yahoo
POWI,2026-03-19,46.514858,804100,yahoo
POWI,2026-03-20,46.3353,1504900,yahoo
POWI,2026-03-23,47.462513,677100,yahoo
POWI,2026-03-24,50.684536,1050400,yahoo
POWI,2026-03-25,51.861622,639000,yahoo
POWI,2026-03-26,49.926411,1134800,yahoo
POWI,2026-03-27,49.377769,687000,yahoo
POWI,2026-03-30,47.761772,642400,yahoo
POWI,2026-03-31,51.073574,914700,yahoo
POWI,2026-04-01,52.240681,787300,yahoo
POWI,2026-04-02,52.240681,799800,yahoo
POWI,2026-04-06,51.312977,804700,yahoo
POWI,2026-04-07,51.482559,626400,yahoo
POWI,2026-04-08,53.756927,775500,yahoo
POWI,2026-04-09,54.405327,646800,yahoo
POWI,2026-04-10,54.395348,579400,yahoo
POWI,2026-04-13,53.248188,813800,yahoo
POWI,2026-04-14,53.896584,511100,yahoo
POWI,2026-04-15,54.734509,497600,yahoo
POWI,2026-04-16,55.911594,657400,yahoo
POWI,2026-04-17,58.505177,777500,yahoo
POWI,2026-04-20,61.677326,1250100,yahoo
POWI,2026-04-21,67.203644,2121800,yahoo
POWI,2026-04-22,71.552879,2694800,yahoo
POWI,2026-04-23,72.450653,1279900,yahoo
POWI,2026-04-24,73.358406,1274600,yahoo
POWI,2026-04-27,70.445618,926000,yahoo
POWI,2026-04-28,65.856972,1479900,yahoo
POWI,2026-04-29,69.517914,1317900,yahoo
POWI,2026-04-30,72.530457,1271500,yahoo
POWI,2026-05-01,73.138954,747200,yahoo
POWI,2026-05-04,72.670113,1969200,yahoo
POWI,2026-05-05,76.889671,997100,yahoo
POWI,2026-05-06,78.036827,1234700,yahoo
POWI,2026-05-07,71.652634,1756900,yahoo
POWI,2026-05-08,73.099045,1563100,yahoo
POWI,2026-05-11,74.156425,1527700,yahoo
POWI,2026-05-12,70.734909,987400,yahoo
POWI,2026-05-13,70.974312,1303300,yahoo
POWI,2026-05-14,71.493027,951700,yahoo
POWI,2026-05-15,73.059143,1413300,yahoo
POWI,2026-05-18,67.453026,1287800,yahoo
POWI,2026-05-19,68.111397,964500,yahoo
POWI,2026-05-20,68.959297,1002900,yahoo
POWI,2026-05-21,70.305969,1035300,yahoo
POWI,2026-05-22,70.675049,1158700,yahoo
POWI,2026-05-26,83.882355,3876700,yahoo
POWI,2026-05-27,86.685417,2854100,yahoo
POWI,2026-05-28,86.854996,1773700,yahoo
POWI,2026-05-29,84.0,1898900,yahoo
POWI,2026-06-01,81.910004,990700,yahoo
POWI,2026-06-02,84.190002,1170000,yahoo
POWI,2026-06-03,84.989998,991600,yahoo
POWI,2026-06-04,85.300003,809900,yahoo
POWI,2026-06-05,77.019997,1461100,yahoo
POWI,2026-06-08,76.68,1153400,yahoo
POWI,2026-06-09,74.709999,1414500,yahoo
POWI,2026-06-10,74.629997,1461800,yahoo
POWI,2026-06-11,77.760002,694800,yahoo
POWI,2026-06-12,78.379997,1109200,yahoo
POWI,2026-06-15,83.309998,885700,yahoo
POWI,2026-06-16,79.330002,562000,yahoo
POWI,2026-06-17,80.730003,852000,yahoo
POWI,2026-06-18,87.110001,1651000,yahoo
POWI,2026-06-22,87.349998,1111300,yahoo
POWI,2026-06-23,80.57,1085100,yahoo
POWI,2026-06-24,81.860001,977900,yahoo
POWI,2026-06-25,84.809998,1014100,yahoo
POWI,2026-06-26,79.370003,2544700,yahoo
POWI,2026-06-29,78.959999,879600,yahoo
POWI,2026-06-30,83.760002,858400,yahoo
POWI,2026-07-01,80.269997,511900,yahoo
POWI,2026-07-02,72.989998,1342200,yahoo
POWI,2026-07-06,73.059998,618000,yahoo
POWI,2026-07-07,66.839996,1107600,yahoo
POWI,2026-07-08,66.459999,944200,yahoo
POWI,2026-07-09,70.830002,660500,yahoo
POWI,2026-07-10,72.07,452800,yahoo
POWI,2026-07-13,69.440002,586200,yahoo
POWI,2026-07-14,70.760002,838200,yahoo
POWI,2026-07-15,71.019997,954700,yahoo
POWI,2026-07-16,69.839996,1045100,yahoo
POWI,2026-07-17,70.449997,741800,yahoo
POWI,2026-07-20,71.150002,497700,yahoo
POWI,2026-07-21,74.389999,539800,yahoo
POWI,2026-07-22,72.489998,507100,yahoo
POWI,2026-07-23,70.870003,494200,yahoo
POWI,2026-07-24,63.459999,677700,yahoo
POWI,2026-07-27,63.41,938000,yahoo
POWI,2026-07-28,59.200001,717200,yahoo
POWI,2026-07-29,56.57,744200,yahoo
POWI,2026-07-30,60.869999,697100,yahoo
POWI,2026-07-31,60.709999,578500,yahoo
POWI,2026-08-03,60.400002,685300,yahoo
POWI,2026-08-04,64.57,741900,yahoo
POWI,2026-08-05,61.950001,796500,yahoo
ETN,2025-08-06,354.051239,4507500,yahoo
ETN,2025-08-07,357.065094,3057700,yahoo
ETN,2025-08-08,359.722107,2139200,yahoo
ETN,2025-08-11,357.015533,2850000,yahoo
ETN,2025-08-12,360.178101,2488900,yahoo
ETN,2025-08-13,354.41806,2751600,yahoo
ETN,2025-08-14,352.048615,1895500,yahoo
ETN,2025-08-15,348.01358,1899700,yahoo
ETN,2025-08-18,350.462341,1158500,yahoo
ETN,2025-08-19,346.001007,1870500,yahoo
ETN,2025-08-20,343.244904,2454300,yahoo
ETN,2025-08-21,342.41214,1455400,yahoo
ETN,2025-08-22,344.622955,1964900,yahoo
ETN,2025-08-25,342.788879,1251400,yahoo
ETN,2025-08-26,348.995056,1994900,yahoo
ETN,2025-08-27,348.380402,1434500,yahoo
ETN,2025-08-28,352.28653,1773100,yahoo
ETN,2025-08-29,346.139862,2386100,yahoo
ETN,2025-09-02,340.796112,2464100,yahoo
ETN,2025-09-03,340.042664,1521200,yahoo
ETN,2025-09-04,345.227722,1859300,yahoo
ETN,2025-09-05,346.030762,2120700,yahoo
ETN,2025-09-08,346.486786,1632000,yahoo
ETN,2025-09-09,345.23764,1763300,yahoo
ETN,2025-09-10,359.137177,3484000,yahoo
ETN,2025-09-11,356.985779,2253200,yahoo
ETN,2025-09-12,362.755798,3108400,yahoo
ETN,2025-09-15,372.312958,3031500,yahoo
ETN,2025-09-16,368.000336,2251100,yahoo
ETN,2025-09-17,360.227722,3481400,yahoo
ETN,2025-09-18,368.079651,1857900,yahoo
ETN,2025-09-19,371.281921,3483100,yahoo
ETN,2025-09-22,375.059174,2399300,yahoo
ETN,2025-09-23,365.353271,2776200,yahoo
ETN,2025-09-24,369.011536,2290800,yahoo
ETN,2025-09-25,361.605743,2029100,yahoo
ETN,2025-09-26,362.438538,1625400,yahoo
ETN,2025-09-29,363.995056,1466300,yahoo
ETN,2025-09-30,371.034027,1805800,yahoo
ETN,2025-10-01,370.627563,1590400,yahoo
ETN,2025-10-02,373.522491,1777800,yahoo
ETN,2025-10-03,370.250793,1372100,yahoo
ETN,2025-10-06,376.754456,1852100,yahoo
ETN,2025-10-07,367.752472,2321600,yahoo
ETN,2025-10-08,373.462982,2168600,yahoo
ETN,2025-10-09,373.948761,1723200,yahoo
ETN,2025-10-10,365.908447,2164700,yahoo
ETN,2025-10-13,372.144409,2089900,yahoo
ETN,2025-10-14,371.133179,1669400,yahoo
ETN,2025-10-15,378.43985,1589200,yahoo
ETN,2025-10-16,372.362518,1597300,yahoo
ETN,2025-10-17,370.092224,1732900,yahoo
ETN,2025-10-20,374.444489,1331400,yahoo
ETN,2025-10-21,370.250793,2334700,yahoo
ETN,2025-10-22,357.501373,4029400,yahoo
ETN,2025-10-23,369.199921,1601600,yahoo
ETN,2025-10-24,373.056519,1650200,yahoo
ETN,2025-10-27,376.476837,1772200,yahoo
ETN,2025-10-28,372.7789,1551400,yahoo
ETN,2025-10-29,384.41803,2245000,yahoo
ETN,2025-10-30,379.798096,3112800,yahoo
ETN,2025-10-31,378.28125,2407300,yahoo
ETN,2025-11-03,383.248199,3254500,yahoo
ETN,2025-11-04,374.474243,7551400,yahoo
ETN,2025-11-05,383.182922,3075600,yahoo
ETN,2025-11-06,375.190002,2235800,yahoo
ETN,2025-11-07,371.581268,2604600,yahoo
ETN,2025-11-10,377.347321,1801700,yahoo
ETN,2025-11-11,365.755585,3103300,yahoo
ETN,2025-11-12,367.236847,1962100,yahoo
ETN,2025-11-13,351.996643,2762400,yahoo
ETN,2025-11-14,350.326477,3385200,yahoo
ETN,2025-11-17,340.74292,3019500,yahoo
ETN,2025-11-18,336.309052,3158100,yahoo
ETN,2025-11-19,343.625916,2650800,yahoo
ETN,2025-11-20,326.268188,4550600,yahoo
ETN,2025-11-21,329.767548,4397400,yahoo
ETN,2025-11-24,328.495056,3672800,yahoo
ETN,2025-11-25,334.678619,3968800,yahoo
ETN,2025-11-26,339.689148,2474500,yahoo
ETN,2025-11-28,343.864563,935100,yahoo
ETN,2025-12-01,337.720703,2248800,yahoo
ETN,2025-12-02,331.159363,3850000,yahoo
ETN,2025-12-03,333.60498,3079400,yahoo
ETN,2025-12-04,336.945282,2351500,yahoo
ETN,2025-12-05,335.682739,1845400,yahoo
ETN,2025-12-08,341.379211,3734100,yahoo
ETN,2025-12-09,339.758728,2149700,yahoo
ETN,2025-12-10,351.38028,2554100,yahoo
ETN,2025-12-11,348.30835,2405600,yahoo
ETN,2025-12-12,330.036011,3921900,yahoo
ETN,2025-12-15,331.258759,2569000,yahoo
ETN,2025-12-16,327.997986,2527100,yahoo
ETN,2025-12-17,313.970642,7694400,yahoo
ETN,2025-12-18,314.099884,3826600,yahoo
ETN,2025-12-19,315.938995,7357000,yahoo
ETN,2025-12-22,318.513855,2080400,yahoo
ETN,2025-12-23,320.919678,2196900,yahoo
ETN,2025-12-24,321.774658,766500,yahoo
ETN,2025-12-26,320.283447,1100800,yahoo
ETN,2025-12-29,319.567657,1948700,yahoo
ETN,2025-12-30,318.981079,1727000,yahoo
ETN,2025-12-31,316.644867,1553900,yahoo
ETN,2026-01-02,325.393311,2559600,yahoo
ETN,2026-01-05,320.372925,3381700,yahoo
ETN,2026-01-06,331.020203,3246600,yahoo
ETN,2026-01-07,320.780518,3166100,yahoo
ETN,2026-01-08,318.702728,4582300,yahoo
ETN,2026-01-09,322.609741,2690000,yahoo
ETN,2026-01-12,327.172852,2166600,yahoo
ETN,2026-01-13,330.433655,2524500,yahoo
ETN,2026-01-14,329.200897,2148000,yahoo
ETN,2026-01-15,331.507324,2127500,yahoo
ETN,2026-01-16,341.737061,3768500,yahoo
ETN,2026-01-20,335.613129,2869500,yahoo
ETN,2026-01-21,335.980957,3426200,yahoo
ETN,2026-01-22,332.083923,2549000,yahoo
ETN,2026-01-23,329.280426,2235400,yahoo
ETN,2026-01-26,330.334229,2812600,yahoo
ETN,2026-01-27,339.192078,2814700,yahoo
ETN,2026-01-28,345.286163,3072500,yahoo
ETN,2026-01-29,352.294861,4065400,yahoo
ETN,2026-01-30,349.362183,4260900,yahoo
ETN,2026-02-02,357.335205,3867500,yahoo
ETN,2026-02-03,360.407104,5853300,yahoo
ETN,2026-02-04,362.86261,5131600,yahoo
ETN,2026-02-05,352.59314,3303300,yahoo
ETN,2026-02-06,371.630981,3105600,yahoo
ETN,2026-02-09,374.85202,2809400,yahoo
ETN,2026-02-10,375.259613,1795300,yahoo
ETN,2026-02-11,393.770569,3826600,yahoo
ETN,2026-02-12,388.044281,4603600,yahoo
ETN,2026-02-13,386.970612,2253500,yahoo
ETN,2026-02-17,389.19751,2094500,yahoo
ETN,2026-02-18,378.152588,2740000,yahoo
ETN,2026-02-19,375.110474,2277400,yahoo
ETN,2026-02-20,371.193573,2600300,yahoo
ETN,2026-02-23,359.929901,2920800,yahoo
ETN,2026-02-24,372.366669,2387200,yahoo
ETN,2026-02-25,371.342651,2300100,yahoo
ETN,2026-02-26,372.396454,2231100,yahoo
ETN,2026-02-27,373.718689,2169000,yahoo
ETN,2026-03-02,375.190002,1828400,yahoo
ETN,2026-03-03,353.477905,2864200,yahoo
ETN,2026-03-04,352.384338,1793000,yahoo
ETN,2026-03-05,352.712402,3219700,yahoo
ETN,2026-03-06,345.713623,3795100,yahoo
ETN,2026-03-09,351.797791,3409100,yahoo
ETN,2026-03-10,360.064972,3646400,yahoo
ETN,2026-03-11,354.809479,2807300,yahoo
ETN,2026-03-12,347.679199,2429200,yahoo
ETN,2026-03-13,354.420563,3581800,yahoo
ETN,2026-03-16,360.045013,3493900,yahoo
ETN,2026-03-17,362.947021,1942300,yahoo
ETN,2026-03-18,359.546417,2240200,yahoo
ETN,2026-03-19,359.237274,2144800,yahoo
ETN,2026-03-20,355.816681,4219100,yahoo
ETN,2026-03-23,358.748596,2618100,yahoo
ETN,2026-03-24,373.069031,2666100,yahoo
ETN,2026-03-25,373.966553,2527400,yahoo
ETN,2026-03-26,356.115875,2036900,yahoo
ETN,2026-03-27,356.375153,2152100,yahoo
ETN,2026-03-30,342.583282,3239200,yahoo
ETN,2026-03-31,356.684326,2175100,yahoo
ETN,2026-04-01,364.552551,1980500,yahoo
ETN,2026-04-02,360.104858,1424600,yahoo
ETN,2026-04-06,362.887177,1360900,yahoo
ETN,2026-04-07,367.833496,2185300,yahoo
ETN,2026-04-08,384.517365,2255100,yahoo
ETN,2026-04-09,399.336426,2134100,yahoo
ETN,2026-04-10,401.889374,2218700,yahoo
ETN,2026-04-13,402.248383,1818700,yahoo
ETN,2026-04-14,400.792419,1825900,yahoo
ETN,2026-04-15,393.971252,2266900,yahoo
ETN,2026-04-16,391.647705,1815700,yahoo
ETN,2026-04-17,405.090515,2624700,yahoo
ETN,2026-04-20,406.446808,2416200,yahoo
ETN,2026-04-21,408.570923,2022300,yahoo
ETN,2026-04-22,412.729431,2683000,yahoo
ETN,2026-04-23,423.330139,2912100,yahoo
ETN,2026-04-24,422.75174,2490300,yahoo
ETN,2026-04-27,415.621429,2463900,yahoo
ETN,2026-04-28,411.931641,2483900,yahoo
ETN,2026-04-29,409.63797,1932500,yahoo
ETN,2026-04-30,431.816681,3251000,yahoo
ETN,2026-05-01,424.377228,2478400,yahoo
ETN,2026-05-04,421.275818,3298500,yahoo
ETN,2026-05-05,409.727692,6876500,yahoo
ETN,2026-05-06,420.228729,3289700,yahoo
ETN,2026-05-07,398.049988,3590000,yahoo
ETN,2026-05-08,401.51001,2386900,yahoo
ETN,2026-05-11,419.0,3724700,yahoo
ETN,2026-05-12,401.529999,2953100,yahoo
ETN,2026-05-13,406.940002,2316800,yahoo
ETN,2026-05-14,408.100006,2011900,yahoo
ETN,2026-05-15,399.440002,3253300,yahoo
ETN,2026-05-18,381.869995,2862900,yahoo
ETN,2026-05-19,371.880005,2951900,yahoo
ETN,2026-05-20,379.690002,2684600,yahoo
ETN,2026-05-21,381.51001,1933700,yahoo
ETN,2026-05-22,391.350006,2353500,yahoo
ETN,2026-05-26,403.130005,2855200,yahoo
ETN,2026-05-27,406.369995,2846000,yahoo
ETN,2026-05-28,401.940002,2318400,yahoo
ETN,2026-05-29,400.600006,3321300,yahoo
ETN,2026-06-01,400.079987,2339300,yahoo
ETN,2026-06-02,417.619995,2074500,yahoo
ETN,2026-06-03,421.209991,2181800,yahoo
ETN,2026-06-04,418.609985,1859800,yahoo
ETN,2026-06-05,395.940002,2538000,yahoo
ETN,2026-06-08,403.140015,2100500,yahoo
ETN,2026-06-09,401.720001,2335800,yahoo
ETN,2026-06-10,375.459991,3555500,yahoo
ETN,2026-06-11,393.640015,2639800,yahoo
ETN,2026-06-12,391.390015,2175100,yahoo
ETN,2026-06-15,407.059998,2336700,yahoo
ETN,2026-06-16,407.709991,1788700,yahoo
ETN,2026-06-17,409.640015,2242500,yahoo
ETN,2026-06-18,421.769989,3715600,yahoo
ETN,2026-06-22,435.779999,2571500,yahoo
ETN,2026-06-23,405.279999,2459000,yahoo
ETN,2026-06-24,404.589996,2397000,yahoo
ETN,2026-06-25,419.869995,1896100,yahoo
ETN,2026-06-26,402.679993,5273200,yahoo
ETN,2026-06-29,408.26001,2201100,yahoo
ETN,2026-06-30,426.119995,2537600,yahoo
ETN,2026-07-01,412.309998,2379600,yahoo
ETN,2026-07-02,398.519989,2601600,yahoo
ETN,2026-07-06,413.420013,1764800,yahoo
ETN,2026-07-07,395.679993,2330000,yahoo
ETN,2026-07-08,399.559998,1754200,yahoo
ETN,2026-07-09,405.829987,1706200,yahoo
ETN,2026-07-10,407.279999,1404000,yahoo
ETN,2026-07-13,402.850006,1682900,yahoo
ETN,2026-07-14,415.519989,1918200,yahoo
ETN,2026-07-15,412.859985,1946000,yahoo
ETN,2026-07-16,396.269989,3239100,yahoo
ETN,2026-07-17,399.98999,2650000,yahoo
ETN,2026-07-20,401.410004,1650900,yahoo
ETN,2026-07-21,402.950012,1883600,yahoo
ETN,2026-07-22,406.910004,1770900,yahoo
ETN,2026-07-23,415.130005,1828100,yahoo
ETN,2026-07-24,404.070007,1564100,yahoo
ETN,2026-07-27,398.640015,2138900,yahoo
ETN,2026-07-28,386.26001,2963500,yahoo
ETN,2026-07-29,361.880005,4513900,yahoo
ETN,2026-07-30,386.890015,3897300,yahoo
ETN,2026-07-31,415.200012,4550700,yahoo
ETN,2026-08-03,438.230011,3635400,yahoo
ETN,2026-08-04,444.769989,3028300,yahoo
ETN,2026-08-05,447.279999,2178300,yahoo
COHR,2025-08-06,107.150002,2456800,yahoo
COHR,2025-08-07,113.82,4458300,yahoo
COHR,2025-08-08,115.440002,3484900,yahoo
COHR,2025-08-11,113.599998,4006200,yahoo
COHR,2025-08-12,116.559998,4019300,yahoo
COHR,2025-08-13,114.010002,10793700,yahoo
COHR,2025-08-14,91.650002,28971800,yahoo
COHR,2025-08-15,93.400002,8990800,yahoo
COHR,2025-08-18,90.489998,4692800,yahoo
COHR,2025-08-19,87.760002,4490000,yahoo
COHR,2025-08-20,86.550003,4682600,yahoo
COHR,2025-08-21,86.599998,3057700,yahoo
COHR,2025-08-22,89.900002,3902000,yahoo
COHR,2025-08-25,90.5,2842900,yahoo
COHR,2025-08-26,91.580002,3114000,yahoo
COHR,2025-08-27,90.709999,4306400,yahoo
COHR,2025-08-28,95.199997,5218200,yahoo
COHR,2025-08-29,90.470001,3739900,yahoo
COHR,2025-09-02,87.800003,4122500,yahoo
COHR,2025-09-03,88.470001,3760300,yahoo
COHR,2025-09-04,95.620003,5600300,yahoo
COHR,2025-09-05,97.839996,7214700,yahoo
COHR,2025-09-08,98.669998,2941200,yahoo
COHR,2025-09-09,99.220001,2790100,yahoo
COHR,2025-09-10,103.489998,5020100,yahoo
COHR,2025-09-11,103.510002,3944100,yahoo
COHR,2025-09-12,102.989998,3475300,yahoo
COHR,2025-09-15,106.339996,4235200,yahoo
COHR,2025-09-16,104.470001,3712600,yahoo
COHR,2025-09-17,103.410004,3901100,yahoo
COHR,2025-09-18,108.050003,3659700,yahoo
COHR,2025-09-19,109.110001,3427000,yahoo
COHR,2025-09-22,114.599998,4579000,yahoo
COHR,2025-09-23,109.290001,3488300,yahoo
COHR,2025-09-24,106.519997,3291700,yahoo
COHR,2025-09-25,106.57,2602600,yahoo
COHR,2025-09-26,106.989998,2968500,yahoo
COHR,2025-09-29,107.970001,2411700,yahoo
COHR,2025-09-30,107.720001,2331000,yahoo
COHR,2025-10-01,114.650002,3101700,yahoo
COHR,2025-10-02,112.790001,3007500,yahoo
COHR,2025-10-03,113.580002,3016800,yahoo
COHR,2025-10-06,114.769997,3775500,yahoo
COHR,2025-10-07,113.559998,3932300,yahoo
COHR,2025-10-08,116.669998,2378700,yahoo
COHR,2025-10-09,122.349998,3574600,yahoo
COHR,2025-10-10,111.099998,3883700,yahoo
COHR,2025-10-13,115.129997,2868300,yahoo
COHR,2025-10-14,109.370003,2641100,yahoo
COHR,2025-10-15,110.410004,3175500,yahoo
COHR,2025-10-16,115.959999,3368300,yahoo
COHR,2025-10-17,116.349998,2405500,yahoo
COHR,2025-10-20,120.199997,3075800,yahoo
COHR,2025-10-21,120.790001,2993200,yahoo
COHR,2025-10-22,115.370003,3602300,yahoo
COHR,2025-10-23,121.519997,2603300,yahoo
COHR,2025-10-24,129.339996,5477100,yahoo
COHR,2025-10-27,134.990005,4588800,yahoo
COHR,2025-10-28,134.240005,3008400,yahoo
COHR,2025-10-29,138.059998,3712000,yahoo
COHR,2025-10-30,132.710007,3002500,yahoo
COHR,2025-10-31,131.960007,4537100,yahoo
COHR,2025-11-03,132.0,3782700,yahoo
COHR,2025-11-04,128.699997,4230900,yahoo
COHR,2025-11-05,134.630005,9063100,yahoo
COHR,2025-11-06,159.300003,10803400,yahoo
COHR,2025-11-07,154.509995,7985100,yahoo
COHR,2025-11-10,166.720001,6874700,yahoo
COHR,2025-11-11,158.009995,4184700,yahoo
COHR,2025-11-12,156.669998,3716900,yahoo
COHR,2025-11-13,139.970001,7205800,yahoo
COHR,2025-11-14,139.330002,4134900,yahoo
COHR,2025-11-17,139.070007,3523500,yahoo
COHR,2025-11-18,138.149994,3108900,yahoo
COHR,2025-11-19,142.940002,3658500,yahoo
COHR,2025-11-20,135.610001,5688700,yahoo
COHR,2025-11-21,139.509995,5003000,yahoo
COHR,2025-11-24,151.809998,5471200,yahoo
COHR,2025-11-25,148.850006,6559700,yahoo
COHR,2025-11-26,154.0,3664300,yahoo
COHR,2025-11-28,164.259995,4781500,yahoo
COHR,2025-12-01,163.5,4136200,yahoo
COHR,2025-12-02,164.889999,4572600,yahoo
COHR,2025-12-03,170.960007,4085700,yahoo
COHR,2025-12-04,177.350006,6568600,yahoo
COHR,2025-12-05,181.789993,5181700,yahoo
COHR,2025-12-08,185.860001,5857200,yahoo
COHR,2025-12-09,192.729996,3995700,yahoo
COHR,2025-12-10,197.449997,4188500,yahoo
COHR,2025-12-11,198.5,5474400,yahoo
COHR,2025-12-12,178.339996,7353000,yahoo
COHR,2025-12-15,178.449997,4507400,yahoo
COHR,2025-12-16,175.199997,4319600,yahoo
COHR,2025-12-17,170.440002,4582800,yahoo
COHR,2025-12-18,175.710007,4707800,yahoo
COHR,2025-12-19,185.830002,4441000,yahoo
COHR,2025-12-22,190.979996,3380000,yahoo
COHR,2025-12-23,191.869995,2052300,yahoo
COHR,2025-12-24,191.369995,1566300,yahoo
COHR,2025-12-26,191.720001,1707600,yahoo
COHR,2025-12-29,189.020004,2023200,yahoo
COHR,2025-12-30,186.809998,1259500,yahoo
COHR,2025-12-31,184.570007,2170000,yahoo
COHR,2026-01-02,194.330002,3515100,yahoo
COHR,2026-01-05,186.360001,5235400,yahoo
COHR,2026-01-06,194.110001,4647500,yahoo
COHR,2026-01-07,191.619995,3064300,yahoo
COHR,2026-01-08,173.149994,5985000,yahoo
COHR,2026-01-09,178.059998,5456500,yahoo
COHR,2026-01-12,185.179993,5984600,yahoo
COHR,2026-01-13,190.029999,4541300,yahoo
COHR,2026-01-14,184.110001,2882800,yahoo
COHR,2026-01-15,195.960007,7028800,yahoo
COHR,2026-01-16,191.039993,3592300,yahoo
COHR,2026-01-20,193.460007,4305500,yahoo
COHR,2026-01-21,201.460007,5978400,yahoo
COHR,2026-01-22,202.720001,4101300,yahoo
COHR,2026-01-23,196.940002,2564900,yahoo
COHR,2026-01-26,197.759995,3097000,yahoo
COHR,2026-01-27,214.0,4140200,yahoo
COHR,2026-01-28,221.139999,4303500,yahoo
COHR,2026-01-29,215.860001,4535800,yahoo
COHR,2026-01-30,212.179993,7083200,yahoo
COHR,2026-02-02,222.440002,5212000,yahoo
COHR,2026-02-03,229.179993,6938800,yahoo
COHR,2026-02-04,211.0,13363100,yahoo
COHR,2026-02-05,209.240005,12867100,yahoo
COHR,2026-02-06,227.679993,6589900,yahoo
COHR,2026-02-09,242.460007,5940600,yahoo
COHR,2026-02-10,228.369995,7514100,yahoo
COHR,2026-02-11,223.690002,5608400,yahoo
COHR,2026-02-12,216.100006,6733700,yahoo
COHR,2026-02-13,217.229996,4052200,yahoo
COHR,2026-02-17,219.960007,4616600,yahoo
COHR,2026-02-18,223.889999,3227100,yahoo
COHR,2026-02-19,232.479996,4084700,yahoo
COHR,2026-02-20,248.179993,6285900,yahoo
COHR,2026-02-23,248.889999,4712700,yahoo
COHR,2026-02-24,254.860001,4618900,yahoo
COHR,2026-02-25,267.899994,7096800,yahoo
COHR,2026-02-26,250.139999,7894000,yahoo
COHR,2026-02-27,258.929993,15226100,yahoo
COHR,2026-03-02,298.910004,10243400,yahoo
COHR,2026-03-03,280.809998,8099500,yahoo
COHR,2026-03-04,274.859985,10520100,yahoo
COHR,2026-03-05,253.869995,8812300,yahoo
COHR,2026-03-06,235.720001,8055900,yahoo
COHR,2026-03-09,252.320007,10589700,yahoo
COHR,2026-03-10,260.640015,7866100,yahoo
COHR,2026-03-11,251.410004,6806900,yahoo
COHR,2026-03-12,241.270004,5718800,yahoo
COHR,2026-03-13,242.759995,3932600,yahoo
COHR,2026-03-16,247.369995,6165200,yahoo
COHR,2026-03-17,245.800003,7599900,yahoo
COHR,2026-03-18,257.209991,9952700,yahoo
COHR,2026-03-19,275.570007,9382800,yahoo
COHR,2026-03-20,253.630005,51484800,yahoo
COHR,2026-03-23,255.050003,9205200,yahoo
COHR,2026-03-24,272.329987,9338800,yahoo
COHR,2026-03-25,272.040009,5314100,yahoo
COHR,2026-03-26,243.289993,6390900,yahoo
COHR,2026-03-27,243.479996,5433500,yahoo
COHR,2026-03-30,219.649994,8235200,yahoo
COHR,2026-03-31,238.210007,6152000,yahoo
COHR,2026-04-01,247.800003,6927800,yahoo
COHR,2026-04-02,258.160004,5188100,yahoo
COHR,2026-04-06,253.220001,3772200,yahoo
COHR,2026-04-07,255.100006,4027500,yahoo
COHR,2026-04-08,281.790009,7230100,yahoo
COHR,2026-04-09,284.170013,6374700,yahoo
COHR,2026-04-10,307.5,7969000,yahoo
COHR,2026-04-13,307.929993,4516800,yahoo
COHR,2026-04-14,313.420013,4500100,yahoo
COHR,2026-04-15,308.200012,4953400,yahoo
COHR,2026-04-16,328.0,6805400,yahoo
COHR,2026-04-17,345.019989,5628900,yahoo
COHR,2026-04-20,347.51001,3872500,yahoo
COHR,2026-04-21,343.790009,5115900,yahoo
COHR,2026-04-22,350.470001,5202300,yahoo
COHR,2026-04-23,337.679993,6064200,yahoo
COHR,2026-04-24,336.089996,5294900,yahoo
COHR,2026-04-27,321.529999,6217500,yahoo
COHR,2026-04-28,303.970001,6393400,yahoo
COHR,2026-04-29,304.929993,6884400,yahoo
COHR,2026-04-30,319.709991,6165400,yahoo
COHR,2026-05-01,329.5,4620100,yahoo
COHR,2026-05-04,329.890015,6539000,yahoo
COHR,2026-05-05,335.730011,5601200,yahoo
COHR,2026-05-06,344.670013,9720600,yahoo
COHR,2026-05-07,319.190002,12673300,yahoo
COHR,2026-05-08,335.26001,7901600,yahoo
COHR,2026-05-11,379.690002,9856100,yahoo
COHR,2026-05-12,374.01001,5990300,yahoo
COHR,2026-05-13,403.709991,6758900,yahoo
COHR,2026-05-14,404.940002,4791300,yahoo
COHR,2026-05-15,382.450012,6627000,yahoo
COHR,2026-05-18,362.829987,6342100,yahoo
COHR,2026-05-19,353.630005,5779000,yahoo
COHR,2026-05-20,358.5,5065900,yahoo
COHR,2026-05-21,378.0,4366200,yahoo
COHR,2026-05-22,377.570007,3980200,yahoo
COHR,2026-05-26,381.350006,4081200,yahoo
COHR,2026-05-27,380.179993,3989500,yahoo
COHR,2026-05-28,376.950012,3698100,yahoo
COHR,2026-05-29,361.470001,11073100,yahoo
COHR,2026-06-01,362.899994,6065900,yahoo
COHR,2026-06-02,426.890015,9124000,yahoo
COHR,2026-06-03,417.429993,5393600,yahoo
COHR,2026-06-04,421.899994,6032700,yahoo
COHR,2026-06-05,376.98999,6418700,yahoo
COHR,2026-06-08,401.929993,5558400,yahoo
COHR,2026-06-09,355.940002,8180300,yahoo
COHR,2026-06-10,354.769989,5666800,yahoo
COHR,2026-06-11,363.579987,6489500,yahoo
COHR,2026-06-12,385.029999,5386600,yahoo
COHR,2026-06-15,413.839996,5158700,yahoo
COHR,2026-06-16,382.809998,5594400,yahoo
COHR,2026-06-17,378.850006,5707600,yahoo
COHR,2026-06-18,389.570007,7520600,yahoo
COHR,2026-06-22,425.480011,9178100,yahoo
COHR,2026-06-23,381.220001,5954800,yahoo
COHR,2026-06-24,392.5,4641200,yahoo
COHR,2026-06-25,407.25,4530200,yahoo
COHR,2026-06-26,380.559998,7103900,yahoo
COHR,2026-06-29,391.220001,7860000,yahoo
COHR,2026-06-30,394.470001,4428300,yahoo
COHR,2026-07-01,368.649994,4316200,yahoo
COHR,2026-07-02,333.359985,6965900,yahoo
COHR,2026-07-06,335.700012,3258300,yahoo
COHR,2026-07-07,314.130005,5475000,yahoo
COHR,2026-07-08,317.049988,3873700,yahoo
COHR,2026-07-09,327.23999,4158600,yahoo
COHR,2026-07-10,324.5,4030200,yahoo
COHR,2026-07-13,307.390015,3218900,yahoo
COHR,2026-07-14,310.769989,3093700,yahoo
COHR,2026-07-15,299.380005,5188100,yahoo
COHR,2026-07-16,276.959991,4962600,yahoo
COHR,2026-07-17,277.600006,5956400,yahoo
COHR,2026-07-20,285.399994,3606800,yahoo
COHR,2026-07-21,317.220001,4531800,yahoo
COHR,2026-07-22,312.190002,2769700,yahoo
COHR,2026-07-23,313.220001,2853300,yahoo
COHR,2026-07-24,282.390015,3765800,yahoo
COHR,2026-07-27,271.309998,4637800,yahoo
COHR,2026-07-28,243.330002,8375000,yahoo
COHR,2026-07-29,222.050003,6900600,yahoo
COHR,2026-07-30,249.059998,6357000,yahoo
COHR,2026-07-31,262.890015,5475200,yahoo
COHR,2026-08-03,288.140015,5547900,yahoo
COHR,2026-08-04,323.730011,8958000,yahoo
COHR,2026-08-05,328.220001,5770900,yahoo
STX,2025-08-06,146.06398,3776600,yahoo
STX,2025-08-07,146.887177,3472500,yahoo
STX,2025-08-08,149.217941,1901600,yahoo
STX,2025-08-11,150.447784,2759400,yahoo
STX,2025-08-12,154.315842,2361600,yahoo
STX,2025-08-13,155.634949,2052600,yahoo
STX,2025-08-14,154.454681,2319600,yahoo
STX,2025-08-15,153.165344,1431500,yahoo
STX,2025-08-18,157.400391,2016300,yahoo
STX,2025-08-19,156.636673,2546400,yahoo
STX,2025-08-20,157.102829,2177100,yahoo
STX,2025-08-21,153.333969,2300000,yahoo
STX,2025-08-22,157.906219,1920000,yahoo
STX,2025-08-25,162.656967,2515400,yahoo
STX,2025-08-26,163.886826,3272300,yahoo
STX,2025-08-27,165.870453,2688400,yahoo
STX,2025-08-28,170.968369,3079800,yahoo
STX,2025-08-29,166.029129,2798500,yahoo
STX,2025-09-02,169.103745,3175400,yahoo
STX,2025-09-03,174.876099,3790400,yahoo
STX,2025-09-04,182.473358,5571800,yahoo
STX,2025-09-05,186.619125,3761500,yahoo
STX,2025-09-08,187.690292,4019700,yahoo
STX,2025-09-09,190.021042,3230800,yahoo
STX,2025-09-10,191.459152,4343800,yahoo
STX,2025-09-11,195.198288,3625600,yahoo
STX,2025-09-12,194.385025,3293200,yahoo
STX,2025-09-15,209.391113,7398100,yahoo
STX,2025-09-16,209.401016,4888200,yahoo
STX,2025-09-17,211.612762,4268800,yahoo
STX,2025-09-18,214.865891,3044200,yahoo
STX,2025-09-19,219.418304,4834900,yahoo
STX,2025-09-22,227.451965,5243400,yahoo
STX,2025-09-23,226.26181,4389400,yahoo
STX,2025-09-24,221.868057,4121100,yahoo
STX,2025-09-25,218.049606,4200900,yahoo
STX,2025-09-26,215.72876,2477000,yahoo
STX,2025-09-29,227.263535,5108400,yahoo
STX,2025-09-30,234.864853,4184000,yahoo
STX,2025-10-01,255.539627,9751900,yahoo
STX,2025-10-02,253.450287,4801300,yahoo
STX,2025-10-03,251.510147,4916000,yahoo
STX,2025-10-06,241.600586,5233600,yahoo
STX,2025-10-07,223.870789,10019400,yahoo
STX,2025-10-08,223.214142,5190300,yahoo
STX,2025-10-09,220.577545,3427000,yahoo
STX,2025-10-10,213.294617,5191000,yahoo
STX,2025-10-13,218.398636,3348800,yahoo
STX,2025-10-14,210.558548,3646700,yahoo
STX,2025-10-15,218.269302,6236800,yahoo
STX,2025-10-16,224.885635,5196500,yahoo
STX,2025-10-17,224.258804,3258800,yahoo
STX,2025-10-20,213.314514,4602000,yahoo
STX,2025-10-21,213.483658,2817500,yahoo
STX,2025-10-22,213.961227,2925200,yahoo
STX,2025-10-23,225.263718,2569600,yahoo
STX,2025-10-24,232.934677,3664000,yahoo
STX,2025-10-27,229.153915,4942400,yahoo
STX,2025-10-28,221.870972,6501000,yahoo
STX,2025-10-29,264.275177,9900800,yahoo
STX,2025-10-30,266.981415,7175700,yahoo
STX,2025-10-31,254.584503,8616100,yahoo
STX,2025-11-03,264.205505,4450400,yahoo
STX,2025-11-04,249.11235,3438000,yahoo
STX,2025-11-05,274.373779,9050400,yahoo
STX,2025-11-06,277.06012,4075300,yahoo
STX,2025-11-07,277.935669,5098700,yahoo
STX,2025-11-10,292.501556,3971600,yahoo
STX,2025-11-11,286.54187,3881100,yahoo
STX,2025-11-12,281.825928,3985300,yahoo
STX,2025-11-13,261.230682,5350200,yahoo
STX,2025-11-14,256.902679,4718800,yahoo
STX,2025-11-17,260.056641,2851600,yahoo
STX,2025-11-18,252.574738,2479400,yahoo
STX,2025-11-19,257.828033,2306500,yahoo
STX,2025-11-20,239.282364,4071000,yahoo
STX,2025-11-21,236.287613,4177300,yahoo
STX,2025-11-24,252.097168,4200400,yahoo
STX,2025-11-25,260.564087,2555300,yahoo
STX,2025-11-26,270.901489,3487500,yahoo
STX,2025-11-28,275.289154,1243100,yahoo
STX,2025-12-01,268.732513,2320000,yahoo
STX,2025-12-02,265.51886,3101600,yahoo
STX,2025-12-03,257.360413,3828300,yahoo
STX,2025-12-04,264.285156,1971700,yahoo
STX,2025-12-05,277.37851,2863400,yahoo
STX,2025-12-08,283.964996,3469000,yahoo
STX,2025-12-09,281.427887,2072700,yahoo
STX,2025-12-10,297.406616,3617400,yahoo
STX,2025-12-11,306.291351,3176300,yahoo
STX,2025-12-12,286.183716,5255600,yahoo
STX,2025-12-15,284.134094,3465600,yahoo
STX,2025-12-16,286.671234,3091000,yahoo
STX,2025-12-17,276.244293,3514100,yahoo
STX,2025-12-18,290.521606,3730500,yahoo
STX,2025-12-19,294.859558,24731300,yahoo
STX,2025-12-22,281.417969,4340400,yahoo
STX,2025-12-23,281.368195,2084400,yahoo
STX,2025-12-24,284.570343,1474900,yahoo
STX,2025-12-26,285.518005,1063800,yahoo
STX,2025-12-29,280.610046,2537400,yahoo
STX,2025-12-30,279.393066,1873600,yahoo
STX,2025-12-31,274.714569,1316800,yahoo
STX,2026-01-02,286.834778,2731000,yahoo
STX,2026-01-05,289.119141,3350300,yahoo
STX,2026-01-06,329.609589,5563900,yahoo
STX,2026-01-07,307.503967,5179200,yahoo
STX,2026-01-08,283.772308,4826000,yahoo
STX,2026-01-09,303.264374,3187100,yahoo
STX,2026-01-12,320.691528,3066100,yahoo
STX,2026-01-13,317.658997,3459600,yahoo
STX,2026-01-14,311.514099,1947500,yahoo
STX,2026-01-15,319.534363,3180200,yahoo
STX,2026-01-16,325.429871,3378500,yahoo
STX,2026-01-20,325.19046,3620800,yahoo
STX,2026-01-21,343.375763,4710600,yahoo
STX,2026-01-22,345.680084,2796300,yahoo
STX,2026-01-23,345.251129,2957800,yahoo
STX,2026-01-26,357.411255,5039000,yahoo
STX,2026-01-27,370.848206,7353600,yahoo
STX,2026-01-28,441.843658,14749800,yahoo
STX,2026-01-29,445.474762,9052800,yahoo
STX,2026-01-30,406.690094,9224400,yahoo
STX,2026-02-02,431.888153,6062800,yahoo
STX,2026-02-03,443.359955,6089200,yahoo
STX,2026-02-04,417.603271,6601100,yahoo
STX,2026-02-05,404.455597,5641900,yahoo
STX,2026-02-06,428.267029,3284500,yahoo
STX,2026-02-09,423.957642,3188600,yahoo
STX,2026-02-10,395.258209,3172000,yahoo
STX,2026-02-11,406.25119,2827000,yahoo
STX,2026-02-12,430.112518,6436900,yahoo
STX,2026-02-13,424.94519,3856100,yahoo
STX,2026-02-17,414.919861,2839300,yahoo
STX,2026-02-18,423.099762,2865600,yahoo
STX,2026-02-19,407.96698,3518300,yahoo
STX,2026-02-20,410.101715,2962600,yahoo
STX,2026-02-23,406.400787,2402300,yahoo
STX,2026-02-24,395.048706,3119300,yahoo
STX,2026-02-25,420.815369,3385600,yahoo
STX,2026-02-26,408.665253,3077500,yahoo
STX,2026-02-27,406.839722,3605500,yahoo
STX,2026-03-02,378.589172,4224400,yahoo
STX,2026-03-03,356.742889,5712500,yahoo
STX,2026-03-04,374.09024,3774200,yahoo
STX,2026-03-05,366.439026,3394900,yahoo
STX,2026-03-06,351.934692,2415600,yahoo
STX,2026-03-09,373.411896,2929900,yahoo
STX,2026-03-10,383.347504,3487000,yahoo
STX,2026-03-11,385.023376,1970100,yahoo
STX,2026-03-12,373.062775,2058300,yahoo
STX,2026-03-13,382.76889,2913500,yahoo
STX,2026-03-16,397.801941,3120200,yahoo
STX,2026-03-17,420.05722,3469200,yahoo
STX,2026-03-18,405.772339,3830800,yahoo
STX,2026-03-19,433.534088,4157000,yahoo
STX,2026-03-20,410.221436,8620000,yahoo
STX,2026-03-23,403.029083,3864800,yahoo
STX,2026-03-24,423.917725,3759700,yahoo
STX,2026-03-25,412.925568,3452500,yahoo
STX,2026-03-26,378.520111,4111900,yahoo
STX,2026-03-27,379.799194,2322500,yahoo
STX,2026-03-30,362.171753,4159300,yahoo
STX,2026-03-31,391.480865,3605200,yahoo
STX,2026-04-01,422.818512,3716000,yahoo
STX,2026-04-02,429.054047,2376300,yahoo
STX,2026-04-06,452.97702,4887400,yahoo
STX,2026-04-07,468.386017,4276700,yahoo
STX,2026-04-08,495.946381,5424600,yahoo
STX,2026-04-09,500.413177,3092200,yahoo
STX,2026-04-10,502.771515,3435200,yahoo
STX,2026-04-13,512.914307,2880000,yahoo
STX,2026-04-14,533.059937,3568600,yahoo
STX,2026-04-15,519.229736,3841400,yahoo
STX,2026-04-16,531.431091,3122700,yahoo
STX,2026-04-17,547.359741,3449100,yahoo
STX,2026-04-20,539.365417,2915800,yahoo
STX,2026-04-21,559.501099,3563000,yahoo
STX,2026-04-22,579.466858,3233300,yahoo
STX,2026-04-23,587.201294,3175700,yahoo
STX,2026-04-24,585.832275,2704100,yahoo
STX,2026-04-27,595.435425,2919500,yahoo
STX,2026-04-28,578.617493,5956800,yahoo
STX,2026-04-29,642.841614,10896900,yahoo
STX,2026-04-30,673.160034,6479300,yahoo
STX,2026-05-01,726.412048,7378700,yahoo
STX,2026-05-04,738.013733,6022100,yahoo
STX,2026-05-05,770.460632,6522500,yahoo
STX,2026-05-06,785.859619,5575000,yahoo
STX,2026-05-07,765.893921,4900900,yahoo
STX,2026-05-08,782.082397,4874000,yahoo
STX,2026-05-11,833.415771,6078600,yahoo
STX,2026-05-12,808.223694,3798100,yahoo
STX,2026-05-13,816.767578,2511700,yahoo
STX,2026-05-14,804.186584,2360000,yahoo
STX,2026-05-15,794.903198,2784800,yahoo
STX,2026-05-18,740.312195,4945800,yahoo
STX,2026-05-19,732.827454,3639300,yahoo
STX,2026-05-20,750.534851,2269100,yahoo
STX,2026-05-21,809.882568,3483500,yahoo
STX,2026-05-22,812.150879,2531400,yahoo
STX,2026-05-26,845.15741,3437900,yahoo
STX,2026-05-27,870.039612,3794300,yahoo
STX,2026-05-28,880.092468,2838100,yahoo
STX,2026-05-29,879.173096,4674500,yahoo
STX,2026-06-01,920.603577,3358000,yahoo
STX,2026-06-02,925.949768,2561900,yahoo
STX,2026-06-03,940.019775,2902300,yahoo
STX,2026-06-04,925.3302,2534400,yahoo
STX,2026-06-05,846.86615,3611300,yahoo
STX,2026-06-08,876.145325,2483100,yahoo
STX,2026-06-09,845.407227,3137600,yahoo
STX,2026-06-10,815.408569,3455000,yahoo
STX,2026-06-11,867.471497,2755000,yahoo
STX,2026-06-12,930.376587,3189700,yahoo
STX,2026-06-15,1018.074097,5774200,yahoo
STX,2026-06-16,1030.605103,5804300,yahoo
STX,2026-06-17,1065.310303,4593000,yahoo
STX,2026-06-18,1069.467407,8424500,yahoo
STX,2026-06-22,1093.260498,6876000,yahoo
STX,2026-06-23,1037.849976,5211300,yahoo
STX,2026-06-24,993.25,4259600,yahoo
STX,2026-06-25,1025.359985,5544900,yahoo
STX,2026-06-26,899.900024,9311400,yahoo
STX,2026-06-29,968.530029,5391300,yahoo
STX,2026-06-30,965.0,4187700,yahoo
STX,2026-07-01,915.190002,3599800,yahoo
STX,2026-07-02,820.159973,6294100,yahoo
STX,2026-07-06,868.26001,3461400,yahoo
STX,2026-07-07,827.640015,4146000,yahoo
STX,2026-07-08,860.02002,4935900,yahoo
STX,2026-07-09,890.090027,4556500,yahoo
STX,2026-07-10,910.340027,4051300,yahoo
STX,2026-07-13,860.659973,4143400,yahoo
STX,2026-07-14,878.309998,3771500,yahoo
STX,2026-07-15,828.299988,4730800,yahoo
STX,2026-07-16,745.48999,6220300,yahoo
STX,2026-07-17,787.659973,7013100,yahoo
STX,2026-07-20,802.450012,4867500,yahoo
STX,2026-07-21,891.830017,6062900,yahoo
STX,2026-07-22,908.099976,5263500,yahoo
STX,2026-07-23,913.359985,4559600,yahoo
STX,2026-07-24,851.690002,5226300,yahoo
STX,2026-07-27,816.98999,4636600,yahoo
STX,2026-07-28,747.299988,8941600,yahoo
STX,2026-07-29,764.429993,9280100,yahoo
STX,2026-07-30,851.679993,7380100,yahoo
STX,2026-07-31,856.130005,6130400,yahoo
STX,2026-08-03,831.059998,5329400,yahoo
STX,2026-08-04,845.349976,5027400,yahoo
STX,2026-08-05,837.659973,4216300,yahoo
WDC,2025-08-06,73.580597,7647000,yahoo
WDC,2025-08-07,74.238808,6938300,yahoo
WDC,2025-08-08,74.76738,4983600,yahoo
WDC,2025-08-11,74.438271,7304300,yahoo
WDC,2025-08-12,75.704842,7694700,yahoo
WDC,2025-08-13,75.864395,5298600,yahoo
WDC,2025-08-14,76.033943,6621400,yahoo
WDC,2025-08-15,74.857132,4258400,yahoo
WDC,2025-08-18,76.083809,5191900,yahoo
WDC,2025-08-19,75.654976,3770800,yahoo
WDC,2025-08-20,75.43557,5478100,yahoo
WDC,2025-08-21,74.458221,5490400,yahoo
WDC,2025-08-22,76.761978,6521300,yahoo
WDC,2025-08-25,79.005898,5401400,yahoo
WDC,2025-08-26,79.49456,8724600,yahoo
WDC,2025-08-27,80.451973,5536600,yahoo
WDC,2025-08-28,81.818275,4557500,yahoo
WDC,2025-08-29,80.122856,5004400,yahoo
WDC,2025-09-02,81.688614,5777800,yahoo
WDC,2025-09-03,85.76757,12194800,yahoo
WDC,2025-09-04,90.350487,13542500,yahoo
WDC,2025-09-05,91.898102,20310400,yahoo
WDC,2025-09-08,93.146172,8499400,yahoo
WDC,2025-09-09,94.394241,7195000,yahoo
WDC,2025-09-10,94.873505,8398400,yahoo
WDC,2025-09-11,96.001762,6985100,yahoo
WDC,2025-09-12,97.509438,6753100,yahoo
WDC,2025-09-15,102.23214,12523300,yahoo
WDC,2025-09-16,102.931061,8734900,yahoo
WDC,2025-09-17,100.784386,8787600,yahoo
WDC,2025-09-18,104.987885,10389100,yahoo
WDC,2025-09-19,106.465599,11030700,yahoo
WDC,2025-09-22,112.236702,9686300,yahoo
WDC,2025-09-23,110.080025,7375500,yahoo
WDC,2025-09-24,109.520889,8412700,yahoo
WDC,2025-09-25,107.044708,8499400,yahoo
WDC,2025-09-26,106.715218,5520000,yahoo
WDC,2025-09-29,116.56002,14023900,yahoo
WDC,2025-09-30,119.874901,13861700,yahoo
WDC,2025-10-01,130.388657,18540400,yahoo
WDC,2025-10-02,131.057632,15306200,yahoo
WDC,2025-10-03,131.107559,8465900,yahoo
WDC,2025-10-06,125.086845,13060300,yahoo
WDC,2025-10-07,119.745102,13674300,yahoo
WDC,2025-10-08,120.993172,7191700,yahoo
WDC,2025-10-09,119.51545,6234300,yahoo
WDC,2025-10-10,115.242058,7046200,yahoo
WDC,2025-10-13,118.676743,8388900,yahoo
WDC,2025-10-14,112.955582,7844200,yahoo
WDC,2025-10-15,120.254318,9943300,yahoo
WDC,2025-10-16,125.725868,13878600,yahoo
WDC,2025-10-17,126.005432,6868400,yahoo
WDC,2025-10-20,121.342628,10172200,yahoo
WDC,2025-10-21,121.222816,4594400,yahoo
WDC,2025-10-22,120.284271,9033800,yahoo
WDC,2025-10-23,125.526169,7263500,yahoo
WDC,2025-10-24,129.230438,6546400,yahoo
WDC,2025-10-27,126.474709,7249300,yahoo
WDC,2025-10-28,124.727402,7031900,yahoo
WDC,2025-10-29,141.162033,18267300,yahoo
WDC,2025-10-30,137.917038,13870700,yahoo
WDC,2025-10-31,149.978409,20139900,yahoo
WDC,2025-11-03,157.776382,13275400,yahoo
WDC,2025-11-04,151.945374,8870900,yahoo
WDC,2025-11-05,159.85318,9749000,yahoo
WDC,2025-11-06,163.347778,8419200,yahoo
WDC,2025-11-07,162.708771,9652800,yahoo
WDC,2025-11-10,173.951401,11230700,yahoo
WDC,2025-11-11,169.727936,9244000,yahoo
WDC,2025-11-12,165.853897,9868300,yahoo
WDC,2025-11-13,156.917709,10238600,yahoo
WDC,2025-11-14,157.58667,9677800,yahoo
WDC,2025-11-17,162.199554,8774200,yahoo
WDC,2025-11-18,152.624329,9321300,yahoo
WDC,2025-11-19,153.73262,6499100,yahoo
WDC,2025-11-20,140.013809,11373600,yahoo
WDC,2025-11-21,138.975403,11191100,yahoo
WDC,2025-11-24,150.697296,10818400,yahoo
WDC,2025-11-25,155.17041,5467700,yahoo
WDC,2025-11-26,157.496826,4853800,yahoo
WDC,2025-11-28,163.078186,3232100,yahoo
WDC,2025-12-01,163.287857,7882200,yahoo
WDC,2025-12-02,159.743347,7657400,yahoo
WDC,2025-12-03,155.350128,6756400,yahoo
WDC,2025-12-04,160.881027,6303300,yahoo
WDC,2025-12-05,168.765198,5815300,yahoo
WDC,2025-12-08,169.654541,4272200,yahoo
WDC,2025-12-09,169.414719,3709900,yahoo
WDC,2025-12-10,181.815552,7966000,yahoo
WDC,2025-12-11,187.061676,7468900,yahoo
WDC,2025-12-12,176.209686,9677900,yahoo
WDC,2025-12-15,171.912872,5781900,yahoo
WDC,2025-12-16,174.451004,5857000,yahoo
WDC,2025-12-17,166.137131,6693100,yahoo
WDC,2025-12-18,174.880676,9147100,yahoo
WDC,2025-12-19,180.946198,36269600,yahoo
WDC,2025-12-22,176.629379,8685200,yahoo
WDC,2025-12-23,178.118301,3721100,yahoo
WDC,2025-12-24,179.427322,3067000,yahoo
WDC,2025-12-26,181.405838,3351600,yahoo
WDC,2025-12-29,179.547226,3906300,yahoo
WDC,2025-12-30,175.929901,6008000,yahoo
WDC,2025-12-31,172.142715,3552200,yahoo
WDC,2026-01-02,187.561295,6808300,yahoo
WDC,2026-01-05,187.74118,9826700,yahoo
WDC,2026-01-06,219.217896,17178400,yahoo
WDC,2026-01-07,199.7323,14305000,yahoo
WDC,2026-01-08,187.541321,11902300,yahoo
WDC,2026-01-09,200.311874,9887700,yahoo
WDC,2026-01-12,211.983246,7465400,yahoo
WDC,2026-01-13,213.841873,6485600,yahoo
WDC,2026-01-14,214.841125,5611900,yahoo
WDC,2026-01-15,221.935898,7536200,yahoo
WDC,2026-01-16,221.346313,8972800,yahoo
WDC,2026-01-20,222.805252,7125400,yahoo
WDC,2026-01-21,241.721252,9447100,yahoo
WDC,2026-01-22,243.110214,8926900,yahoo
WDC,2026-01-23,236.215332,6115700,yahoo
WDC,2026-01-26,240.672043,7128300,yahoo
WDC,2026-01-27,252.473312,7483000,yahoo
WDC,2026-01-28,279.493317,16090500,yahoo
WDC,2026-01-29,278.204285,15770500,yahoo
WDC,2026-01-30,250.045105,21695100,yahoo
WDC,2026-02-02,270.030334,16019300,yahoo
WDC,2026-02-03,290.025513,15378400,yahoo
WDC,2026-02-04,269.210938,14795800,yahoo
WDC,2026-02-05,259.997742,10663900,yahoo
WDC,2026-02-06,282.371185,9913300,yahoo
WDC,2026-02-09,285.778687,8044900,yahoo
WDC,2026-02-10,262.365997,9560700,yahoo
WDC,2026-02-11,273.53772,9362700,yahoo
WDC,2026-02-12,283.890106,16651700,yahoo
WDC,2026-02-13,281.371918,9901700,yahoo
WDC,2026-02-17,283.900055,5524200,yahoo
WDC,2026-02-18,296.340851,12173000,yahoo
WDC,2026-02-19,284.459686,10399800,yahoo
WDC,2026-02-20,285.309021,10510500,yahoo
WDC,2026-02-23,280.212799,8617300,yahoo
WDC,2026-02-24,270.370087,8679700,yahoo
WDC,2026-02-25,290.735016,10801200,yahoo
WDC,2026-02-26,282.041443,10841400,yahoo
WDC,2026-02-27,279.493317,9899000,yahoo
WDC,2026-03-02,269.880402,7408700,yahoo
WDC,2026-03-03,250.42482,9983000,yahoo
WDC,2026-03-04,261.106903,9724800,yahoo
WDC,2026-03-05,258.962494,6296300,yahoo
WDC,2026-03-06,245.186081,6352700,yahoo
WDC,2026-03-09,261.991699,10377400,yahoo
WDC,2026-03-10,266.150604,9668000,yahoo
WDC,2026-03-11,268.739929,5672200,yahoo
WDC,2026-03-12,261.111908,5426400,yahoo
WDC,2026-03-13,272.219025,8201200,yahoo
WDC,2026-03-16,286.135376,8565000,yahoo
WDC,2026-03-17,313.72821,14247500,yahoo
WDC,2026-03-18,304.820526,12453900,yahoo
WDC,2026-03-19,316.847382,9092000,yahoo
WDC,2026-03-20,293.023621,12877100,yahoo
WDC,2026-03-23,294.713165,8990500,yahoo
WDC,2026-03-24,300.971527,7194700,yahoo
WDC,2026-03-25,296.062836,7642100,yahoo
WDC,2026-03-26,273.278748,9726800,yahoo
WDC,2026-03-27,275.268219,6956000,yahoo
WDC,2026-03-30,251.604401,9063600,yahoo
WDC,2026-03-31,270.419495,8781900,yahoo
WDC,2026-04-01,297.652405,12920000,yahoo
WDC,2026-04-02,294.893127,7860400,yahoo
WDC,2026-04-06,304.070709,8532200,yahoo
WDC,2026-04-07,311.878693,5891600,yahoo
WDC,2026-04-08,338.691681,9163500,yahoo
WDC,2026-04-09,337.791931,6391800,yahoo
WDC,2026-04-10,343.340485,6122600,yahoo
WDC,2026-04-13,350.068726,5429400,yahoo
WDC,2026-04-14,366.124542,7301100,yahoo
WDC,2026-04-15,364.904877,6438800,yahoo
WDC,2026-04-16,361.595734,5887400,yahoo
WDC,2026-04-17,372.422882,5627500,yahoo
WDC,2026-04-20,374.012482,5410700,yahoo
WDC,2026-04-21,383.709961,6125700,yahoo
WDC,2026-04-22,388.998596,7001900,yahoo
WDC,2026-04-23,403.014923,6774800,yahoo
WDC,2026-04-24,403.894684,5603000,yahoo
WDC,2026-04-27,400.625549,5788200,yahoo
WDC,2026-04-28,390.888092,7285500,yahoo
WDC,2026-04-29,412.652435,10458100,yahoo
WDC,2026-04-30,434.406738,11700600,yahoo
WDC,2026-05-01,431.407501,15485300,yahoo
WDC,2026-05-04,442.24469,10175700,yahoo
WDC,2026-05-05,465.138733,9794500,yahoo
WDC,2026-05-06,483.024048,8338900,yahoo
WDC,2026-05-07,463.789093,7162900,yahoo
WDC,2026-05-08,479.874878,7929800,yahoo
WDC,2026-05-11,515.695557,10022600,yahoo
WDC,2026-05-12,488.61261,7773000,yahoo
WDC,2026-05-13,493.961212,5772800,yahoo
WDC,2026-05-14,489.022491,5540900,yahoo
WDC,2026-05-15,481.894348,7014400,yahoo
WDC,2026-05-18,458.560425,8996700,yahoo
WDC,2026-05-19,455.681183,5891600,yahoo
WDC,2026-05-20,459.500183,5311700,yahoo
WDC,2026-05-21,486.333191,5046800,yahoo
WDC,2026-05-22,484.153778,4492800,yahoo
WDC,2026-05-26,524.513245,7552500,yahoo
WDC,2026-05-27,530.46167,6263200,yahoo
WDC,2026-05-28,531.041565,6002800,yahoo
WDC,2026-05-29,531.071533,8383500,yahoo
WDC,2026-06-01,546.057617,6240900,yahoo
WDC,2026-06-02,562.953186,5029100,yahoo
WDC,2026-06-03,593.955139,7846100,yahoo
WDC,2026-06-04,575.349976,6488200,yahoo
WDC,2026-06-05,511.720001,9009200,yahoo
WDC,2026-06-08,526.929993,6226300,yahoo
WDC,2026-06-09,517.719971,7278700,yahoo
WDC,2026-06-10,490.089996,5978300,yahoo
WDC,2026-06-11,529.289978,6334600,yahoo
WDC,2026-06-12,562.929993,6285300,yahoo
WDC,2026-06-15,653.530029,9522900,yahoo
WDC,2026-06-16,681.080017,15860100,yahoo
WDC,2026-06-17,712.130005,13569100,yahoo
WDC,2026-06-18,746.22998,16683900,yahoo
WDC,2026-06-22,732.619995,13160100,yahoo
WDC,2026-06-23,670.75,12684400,yahoo
WDC,2026-06-24,643.830017,12214400,yahoo
WDC,2026-06-25,675.390015,11717600,yahoo
WDC,2026-06-26,586.450012,23404400,yahoo
WDC,2026-06-29,651.880005,11268900,yahoo
WDC,2026-06-30,638.719971,9277300,yahoo
WDC,2026-07-01,598.369995,7934200,yahoo
WDC,2026-07-02,539.0,8925700,yahoo
WDC,2026-07-06,577.460022,7600700,yahoo
WDC,2026-07-07,532.099976,7993500,yahoo
WDC,2026-07-08,550.299988,6870000,yahoo
WDC,2026-07-09,578.049988,6868500,yahoo
WDC,2026-07-10,582.590027,4814100,yahoo
WDC,2026-07-13,555.549988,4780800,yahoo
WDC,2026-07-14,563.320007,5293200,yahoo
WDC,2026-07-15,513.840027,7926900,yahoo
WDC,2026-07-16,466.809998,10527000,yahoo
WDC,2026-07-17,477.220001,11777100,yahoo
WDC,2026-07-20,487.420013,5403500,yahoo
WDC,2026-07-21,548.390015,7449100,yahoo
WDC,2026-07-22,556.669983,5435000,yahoo
WDC,2026-07-23,558.299988,5689300,yahoo
WDC,2026-07-24,519.799988,4775600,yahoo
WDC,2026-07-27,497.920013,6217000,yahoo
WDC,2026-07-28,463.51001,10511900,yahoo
WDC,2026-07-29,462.040009,9231500,yahoo
WDC,2026-07-30,533.039978,8408800,yahoo
WDC,2026-07-31,544.840027,9502300,yahoo
WDC,2026-08-03,527.219971,8279900,yahoo
WDC,2026-08-04,548.559998,7806200,yahoo
WDC,2026-08-05,519.169983,9454700,yahoo
LRCX,2025-08-06,95.411949,10631900,yahoo
LRCX,2025-08-07,98.604279,9572300,yahoo
LRCX,2025-08-08,101.189957,8765100,yahoo
LRCX,2025-08-11,101.438583,8637000,yahoo
LRCX,2025-08-12,104.700539,11885800,yahoo
LRCX,2025-08-13,106.152504,12118600,yahoo
LRCX,2025-08-14,106.788971,11163800,yahoo
LRCX,2025-08-15,98.962296,23155700,yahoo
LRCX,2025-08-18,98.33577,15119300,yahoo
LRCX,2025-08-19,99.777779,11622900,yahoo
LRCX,2025-08-20,98.604279,14287700,yahoo
LRCX,2025-08-21,97.868355,10706500,yahoo
LRCX,2025-08-22,99.529152,9689700,yahoo
LRCX,2025-08-25,100.722542,5438500,yahoo
LRCX,2025-08-26,103.059608,11781100,yahoo
LRCX,2025-08-27,103.099396,7214700,yahoo
LRCX,2025-08-28,103.517082,7375200,yahoo
LRCX,2025-08-29,99.59877,12178800,yahoo
LRCX,2025-09-02,96.495941,14695200,yahoo
LRCX,2025-09-03,97.202026,11023300,yahoo
LRCX,2025-09-04,99.867279,8822400,yahoo
LRCX,2025-09-05,102.383354,8142000,yahoo
LRCX,2025-09-08,104.491692,7972700,yahoo
LRCX,2025-09-09,104.98893,7264300,yahoo
LRCX,2025-09-10,106.769081,12279400,yahoo
LRCX,2025-09-11,114.94384,20296100,yahoo
LRCX,2025-09-12,116.316246,11060500,yahoo
LRCX,2025-09-15,118.553864,9785700,yahoo
LRCX,2025-09-16,119.806923,9897200,yahoo
LRCX,2025-09-17,121.229065,10996100,yahoo
LRCX,2025-09-18,125.624733,13763900,yahoo
LRCX,2025-09-19,126.22142,24271900,yahoo
LRCX,2025-09-22,131.472366,13403700,yahoo
LRCX,2025-09-23,131.203842,12051100,yahoo
LRCX,2025-09-24,127.865715,12435900,yahoo
LRCX,2025-09-25,127.676399,9621700,yahoo
LRCX,2025-09-26,127.875687,8789000,yahoo
LRCX,2025-09-29,130.625916,11015500,yahoo
LRCX,2025-09-30,133.425949,10328800,yahoo
LRCX,2025-10-01,142.284485,15549100,yahoo
LRCX,2025-10-02,146.46962,16417100,yahoo
LRCX,2025-10-03,145.293793,8970300,yahoo
LRCX,2025-10-06,148.621979,11217100,yahoo
LRCX,2025-10-07,139.853134,16549800,yahoo
LRCX,2025-10-08,142.03537,13695700,yahoo
LRCX,2025-10-09,140.500824,8102500,yahoo
LRCX,2025-10-10,130.904907,18749000,yahoo
LRCX,2025-10-13,137.322113,10048100,yahoo
LRCX,2025-10-14,137.820343,10509700,yahoo
LRCX,2025-10-15,144.267456,9722700,yahoo
LRCX,2025-10-16,141.865982,11650300,yahoo
LRCX,2025-10-17,141.009018,6389800,yahoo
LRCX,2025-10-20,143.540024,8919400,yahoo
LRCX,2025-10-21,144.52652,8855600,yahoo
LRCX,2025-10-22,140.749924,16927800,yahoo
LRCX,2025-10-23,147.01767,13336600,yahoo
LRCX,2025-10-24,151.14299,10966400,yahoo
LRCX,2025-10-27,156.344528,13313100,yahoo
LRCX,2025-10-28,155.069046,7939700,yahoo
LRCX,2025-10-29,160.101181,12783300,yahoo
LRCX,2025-10-30,160.439987,10440600,yahoo
LRCX,2025-10-31,156.902573,9652100,yahoo
LRCX,2025-11-03,160.669189,7302400,yahoo
LRCX,2025-11-04,155.2285,11211100,yahoo
LRCX,2025-11-05,164.465683,11130200,yahoo
LRCX,2025-11-06,161.615814,9640100,yahoo
LRCX,2025-11-07,158.785873,11609300,yahoo
LRCX,2025-11-10,165.781006,10030600,yahoo
LRCX,2025-11-11,158.61644,9144600,yahoo
LRCX,2025-11-12,160.848526,8950000,yahoo
LRCX,2025-11-13,152.777222,13693700,yahoo
LRCX,2025-11-14,147.735123,15076100,yahoo
LRCX,2025-11-17,146.937958,10487800,yahoo
LRCX,2025-11-18,142.732895,12706700,yahoo
LRCX,2025-11-19,148.273209,9818300,yahoo
LRCX,2025-11-20,139.095825,13695500,yahoo
LRCX,2025-11-21,142.144989,14654600,yahoo
LRCX,2025-11-24,149.84761,23096000,yahoo
LRCX,2025-11-25,151.39212,9691500,yahoo
LRCX,2025-11-26,154.590759,8398100,yahoo
LRCX,2025-11-28,155.447739,4919200,yahoo
LRCX,2025-12-01,154.241989,7416700,yahoo
LRCX,2025-12-02,157.629974,10711900,yahoo
LRCX,2025-12-03,159.446503,9964300,yahoo
LRCX,2025-12-04,156.791565,8834700,yahoo
LRCX,2025-12-05,158.398499,7834100,yahoo
LRCX,2025-12-08,162.430832,10170500,yahoo
LRCX,2025-12-09,165.494995,8127000,yahoo
LRCX,2025-12-10,167.940338,9259600,yahoo
LRCX,2025-12-11,168.389496,10000000,yahoo
LRCX,2025-12-12,160.215057,11414800,yahoo
LRCX,2025-12-15,163.987869,10258800,yahoo
LRCX,2025-12-16,162.949829,8078600,yahoo
LRCX,2025-12-17,154.685577,12277800,yahoo
LRCX,2025-12-18,164.3871,14006400,yahoo
LRCX,2025-12-19,171.942734,38469400,yahoo
LRCX,2025-12-22,174.927032,11436100,yahoo
LRCX,2025-12-23,174.82724,6483000,yahoo
LRCX,2025-12-24,176.993118,2598900,yahoo
LRCX,2025-12-26,177.73172,5238900,yahoo
LRCX,2025-12-29,175.535873,6663300,yahoo
LRCX,2025-12-30,173.44986,5670800,yahoo
LRCX,2025-12-31,170.854782,4935800,yahoo
LRCX,2026-01-02,184.708435,11957400,yahoo
LRCX,2026-01-05,194.389999,16268200,yahoo
LRCX,2026-01-06,206.566833,18787600,yahoo
LRCX,2026-01-07,202.694199,15121000,yahoo
LRCX,2026-01-08,200.578232,13928600,yahoo
LRCX,2026-01-09,217.94516,16758600,yahoo
LRCX,2026-01-12,219.981277,10749100,yahoo
LRCX,2026-01-13,213.972733,12737000,yahoo
LRCX,2026-01-14,208.393326,18187200,yahoo
LRCX,2026-01-15,217.05687,15249800,yahoo
LRCX,2026-01-16,222.536438,14392700,yahoo
LRCX,2026-01-20,221.987473,11601700,yahoo
LRCX,2026-01-21,227.9561,12454800,yahoo
LRCX,2026-01-22,220.280716,11958600,yahoo
LRCX,2026-01-23,217.52597,10156800,yahoo
LRCX,2026-01-26,222.446594,10625600,yahoo
LRCX,2026-01-27,238.006989,12005900,yahoo
LRCX,2026-01-28,239.124863,15630600,yahoo
LRCX,2026-01-29,247.698532,16801600,yahoo
LRCX,2026-01-30,233.016495,18352900,yahoo
LRCX,2026-02-02,237.048813,13299300,yahoo
LRCX,2026-02-03,229.662872,13500400,yahoo
LRCX,2026-02-04,209.38147,19608000,yahoo
LRCX,2026-02-05,212.904755,10928900,yahoo
LRCX,2026-02-06,230.571136,13848800,yahoo
LRCX,2026-02-09,228.844421,9976700,yahoo
LRCX,2026-02-10,226.179489,7909500,yahoo
LRCX,2026-02-11,234.673325,9555800,yahoo
LRCX,2026-02-12,230.850601,10662100,yahoo
LRCX,2026-02-13,235.082535,9905400,yahoo
LRCX,2026-02-17,235.132446,7368500,yahoo
LRCX,2026-02-18,239.633881,10095400,yahoo
LRCX,2026-02-19,236.939026,6384200,yahoo
LRCX,2026-02-20,244.454712,8601200,yahoo
LRCX,2026-02-23,241.809753,9488000,yahoo
LRCX,2026-02-24,243.785995,9087100,yahoo
LRCX,2026-02-25,249.006042,9835400,yahoo
LRCX,2026-02-26,238.615829,10700300,yahoo
LRCX,2026-02-27,233.445663,12988900,yahoo
LRCX,2026-03-02,230.561157,10294000,yahoo
LRCX,2026-03-03,216.857239,12442300,yahoo
LRCX,2026-03-04,222.833038,8614400,yahoo
LRCX,2026-03-05,214.52887,10241000,yahoo
LRCX,2026-03-06,199.189682,13597800,yahoo
LRCX,2026-03-09,211.001358,13421000,yahoo
LRCX,2026-03-10,215.078491,10699700,yahoo
LRCX,2026-03-11,218.715927,7160500,yahoo
LRCX,2026-03-12,209.342545,9932900,yahoo
LRCX,2026-03-13,212.050629,8906500,yahoo
LRCX,2026-03-16,219.245544,9533100,yahoo
LRCX,2026-03-17,226.310577,10043700,yahoo
LRCX,2026-03-18,224.551819,12478800,yahoo
LRCX,2026-03-19,233.825287,10101900,yahoo
LRCX,2026-03-20,228.199249,26176400,yahoo
LRCX,2026-03-23,233.145767,9506200,yahoo
LRCX,2026-03-24,238.671875,7388000,yahoo
LRCX,2026-03-25,233.28566,8330600,yahoo
LRCX,2026-03-26,211.471024,13460500,yahoo
LRCX,2026-03-27,211.261185,8503300,yahoo
LRCX,2026-03-30,199.789261,11921000,yahoo
LRCX,2026-03-31,213.509598,11725000,yahoo
LRCX,2026-04-01,221.853714,10697600,yahoo
LRCX,2026-04-02,218.28624,6805400,yahoo
LRCX,2026-04-06,220.494675,4031200,yahoo
LRCX,2026-04-07,224.192078,6818400,yahoo
LRCX,2026-04-08,246.316498,11023000,yahoo
LRCX,2026-04-09,258.57785,9757800,yahoo
LRCX,2026-04-10,263.474396,9124700,yahoo
LRCX,2026-04-13,267.131836,8773600,yahoo
LRCX,2026-04-14,272.218231,8500600,yahoo
LRCX,2026-04-15,264.973358,11324200,yahoo
LRCX,2026-04-16,260.776306,7829400,yahoo
LRCX,2026-04-17,267.411621,8465400,yahoo
LRCX,2026-04-20,262.974762,5989900,yahoo
LRCX,2026-04-21,258.18811,7830300,yahoo
LRCX,2026-04-22,265.363068,9803300,yahoo
LRCX,2026-04-23,258.377991,12269100,yahoo
LRCX,2026-04-24,267.591492,12313200,yahoo
LRCX,2026-04-27,259.287354,8095400,yahoo
LRCX,2026-04-28,251.053146,11499500,yahoo
LRCX,2026-04-29,248.57489,9585300,yahoo
LRCX,2026-04-30,257.678467,10381100,yahoo
LRCX,2026-05-01,256.539276,8094500,yahoo
LRCX,2026-05-04,258.388,6497400,yahoo
LRCX,2026-05-05,275.605835,11884000,yahoo
LRCX,2026-05-06,296.960815,14788600,yahoo
LRCX,2026-05-07,286.318298,9704500,yahoo
LRCX,2026-05-08,293.842987,8996700,yahoo
LRCX,2026-05-11,295.841583,9150000,yahoo
LRCX,2026-05-12,289.036377,9341800,yahoo
LRCX,2026-05-13,295.232025,8633100,yahoo
LRCX,2026-05-14,298.939423,6404900,yahoo
LRCX,2026-05-15,284.519592,9643200,yahoo
LRCX,2026-05-18,277.764313,8562200,yahoo
LRCX,2026-05-19,273.187561,8308600,yahoo
LRCX,2026-05-20,291.884399,8574200,yahoo
LRCX,2026-05-21,302.027222,9162400,yahoo
LRCX,2026-05-22,305.135071,7854700,yahoo
LRCX,2026-05-26,322.45285,9763600,yahoo
LRCX,2026-05-27,318.705475,8819300,yahoo
LRCX,2026-05-28,317.776154,8402800,yahoo
LRCX,2026-05-29,317.956024,10872200,yahoo
LRCX,2026-06-01,316.896759,8052800,yahoo
LRCX,2026-06-02,334.174591,8632400,yahoo
LRCX,2026-06-03,343.468048,8630900,yahoo
LRCX,2026-06-04,336.173187,8277000,yahoo
LRCX,2026-06-05,303.066498,13309000,yahoo
LRCX,2026-06-08,324.221619,11465100,yahoo
LRCX,2026-06-09,326.929718,14466800,yahoo
LRCX,2026-06-10,321.573456,14088500,yahoo
LRCX,2026-06-11,362.264801,14984000,yahoo
LRCX,2026-06-12,366.551788,9253300,yahoo
LRCX,2026-06-15,388.64624,13459800,yahoo
LRCX,2026-06-16,369.080017,12054900,yahoo
LRCX,2026-06-17,374.179993,10900800,yahoo
LRCX,2026-06-18,389.040009,22686600,yahoo
LRCX,2026-06-22,409.540009,14638600,yahoo
LRCX,2026-06-23,371.329987,16065200,yahoo
LRCX,2026-06-24,374.799988,12016700,yahoo
LRCX,2026-06-25,401.820007,16824000,yahoo
LRCX,2026-06-26,379.089996,19733700,yahoo
LRCX,2026-06-29,410.910004,14049600,yahoo
LRCX,2026-06-30,433.329987,16885100,yahoo
LRCX,2026-07-01,391.26001,18699300,yahoo
LRCX,2026-07-02,351.410004,18954700,yahoo
LRCX,2026-07-06,350.200012,13581700,yahoo
LRCX,2026-07-07,326.130005,15530600,yahoo
LRCX,2026-07-08,333.149994,8029400,yahoo
LRCX,2026-07-09,353.170013,12119700,yahoo
LRCX,2026-07-10,350.329987,6890900,yahoo
LRCX,2026-07-13,329.920013,9770500,yahoo
LRCX,2026-07-14,346.100006,10699100,yahoo
LRCX,2026-07-15,335.429993,10257300,yahoo
LRCX,2026-07-16,320.959991,10641300,yahoo
LRCX,2026-07-17,313.299988,12805700,yahoo
LRCX,2026-07-20,306.76001,8074400,yahoo
LRCX,2026-07-21,322.0,11936500,yahoo
LRCX,2026-07-22,319.290009,6344700,yahoo
LRCX,2026-07-23,319.779999,8106900,yahoo
LRCX,2026-07-24,305.209991,9278400,yahoo
LRCX,2026-07-27,291.609985,14117600,yahoo
LRCX,2026-07-28,269.609985,16097700,yahoo
LRCX,2026-07-29,252.350006,16103100,yahoo
LRCX,2026-07-30,297.720001,22085800,yahoo
LRCX,2026-07-31,293.019989,12561200,yahoo
LRCX,2026-08-03,294.609985,10010900,yahoo
LRCX,2026-08-04,317.73999,15796600,yahoo
LRCX,2026-08-05,307.420013,9291400,yahoo
AMAT,2025-08-06,176.842728,5857800,yahoo
AMAT,2025-08-07,181.816223,6616600,yahoo
AMAT,2025-08-08,183.523712,4338400,yahoo
AMAT,2025-08-11,183.037292,7816000,yahoo
AMAT,2025-08-12,187.077637,5915400,yahoo
AMAT,2025-08-13,188.646118,5923400,yahoo
AMAT,2025-08-14,186.869171,10992400,yahoo
AMAT,2025-08-15,160.582001,31803300,yahoo
AMAT,2025-08-18,162.339127,10125800,yahoo
AMAT,2025-08-19,161.038666,8921500,yahoo
AMAT,2025-08-20,159.787827,9323300,yahoo
AMAT,2025-08-21,159.130768,8294900,yahoo
AMAT,2025-08-22,161.768997,7448100,yahoo
AMAT,2025-08-25,161.271225,4186800,yahoo
AMAT,2025-08-26,163.780029,6770200,yahoo
AMAT,2025-08-27,163.660568,4633500,yahoo
AMAT,2025-08-28,164.536682,7899500,yahoo
AMAT,2025-08-29,160.046677,7202100,yahoo
AMAT,2025-09-02,156.870834,7683400,yahoo
AMAT,2025-09-03,155.556702,7335000,yahoo
AMAT,2025-09-04,157.537857,6245100,yahoo
AMAT,2025-09-05,162.027847,7046800,yahoo
AMAT,2025-09-08,161.330948,7933600,yahoo
AMAT,2025-09-09,162.774521,5315400,yahoo
AMAT,2025-09-10,162.694885,5690200,yahoo
AMAT,2025-09-11,169.395004,8999900,yahoo
AMAT,2025-09-12,167.05545,5170600,yahoo
AMAT,2025-09-15,170.171555,5597600,yahoo
AMAT,2025-09-16,172.769958,6447500,yahoo
AMAT,2025-09-17,177.339615,9588300,yahoo
AMAT,2025-09-18,188.917984,15473700,yahoo
AMAT,2025-09-19,189.256516,18903500,yahoo
AMAT,2025-09-22,199.630264,15475500,yahoo
AMAT,2025-09-23,199.978683,12417900,yahoo
AMAT,2025-09-24,200.546173,6360500,yahoo
AMAT,2025-09-25,198.714355,6027600,yahoo
AMAT,2025-09-26,203.015152,7363300,yahoo
AMAT,2025-09-29,204.040588,9295400,yahoo
AMAT,2025-09-30,203.831528,12253800,yahoo
AMAT,2025-10-01,216.773849,12699200,yahoo
AMAT,2025-10-02,222.5979,11166000,yahoo
AMAT,2025-10-03,216.564774,9269800,yahoo
AMAT,2025-10-06,222.916489,7891900,yahoo
AMAT,2025-10-07,210.621277,10543300,yahoo
AMAT,2025-10-08,216.544861,7875500,yahoo
AMAT,2025-10-09,219.322479,6701400,yahoo
AMAT,2025-10-10,209.018402,12829700,yahoo
AMAT,2025-10-13,218.506119,7853000,yahoo
AMAT,2025-10-14,217.221863,8260000,yahoo
AMAT,2025-10-15,226.57019,8033600,yahoo
AMAT,2025-10-16,226.709564,7742800,yahoo
AMAT,2025-10-17,223.991684,5272800,yahoo
AMAT,2025-10-20,227.117752,5494800,yahoo
AMAT,2025-10-21,224.997192,4557500,yahoo
AMAT,2025-10-22,219.581329,7498100,yahoo
AMAT,2025-10-23,227.456223,7001900,yahoo
AMAT,2025-10-24,227.735001,5346700,yahoo
AMAT,2025-10-27,230.303558,7671700,yahoo
AMAT,2025-10-28,226.629929,6118500,yahoo
AMAT,2025-10-29,234.703934,7784500,yahoo
AMAT,2025-10-30,231.518143,7317700,yahoo
AMAT,2025-10-31,232.065689,6532600,yahoo
AMAT,2025-11-03,236.655243,6160600,yahoo
AMAT,2025-11-04,229.16861,6896400,yahoo
AMAT,2025-11-05,239.821121,7230800,yahoo
AMAT,2025-11-06,232.493774,9278400,yahoo
AMAT,2025-11-07,229.049149,6892800,yahoo
AMAT,2025-11-10,234.036911,7673700,yahoo
AMAT,2025-11-11,227.65535,6237600,yahoo
AMAT,2025-11-12,229.706207,5955400,yahoo
AMAT,2025-11-13,222.239487,13465900,yahoo
AMAT,2025-11-14,225.007141,15254400,yahoo
AMAT,2025-11-17,227.69519,8713600,yahoo
AMAT,2025-11-18,224.121109,12167400,yahoo
AMAT,2025-11-19,234.0867,8870500,yahoo
AMAT,2025-11-20,219.682571,9264000,yahoo
AMAT,2025-11-21,223.453171,8596800,yahoo
AMAT,2025-11-24,230.336029,8806600,yahoo
AMAT,2025-11-25,241.857315,8330300,yahoo
AMAT,2025-11-26,249.348648,8791100,yahoo
AMAT,2025-11-28,251.622986,2916300,yahoo
AMAT,2025-12-01,254.116776,6842400,yahoo
AMAT,2025-12-02,264.670441,9196800,yahoo
AMAT,2025-12-03,267.96225,7999600,yahoo
AMAT,2025-12-04,268.770233,6348800,yahoo
AMAT,2025-12-05,267.333832,5373400,yahoo
AMAT,2025-12-08,267.493439,5338100,yahoo
AMAT,2025-12-09,266.475983,4062600,yahoo
AMAT,2025-12-10,274.466034,6244600,yahoo
AMAT,2025-12-11,269.438568,7061200,yahoo
AMAT,2025-12-12,258.565674,6739300,yahoo
AMAT,2025-12-15,260.620544,6406000,yahoo
AMAT,2025-12-16,258.196594,5859700,yahoo
AMAT,2025-12-17,247.652878,7855400,yahoo
AMAT,2025-12-18,252.869873,8741200,yahoo
AMAT,2025-12-19,255.772644,25749700,yahoo
AMAT,2025-12-22,258.36618,4182000,yahoo
AMAT,2025-12-23,259.58316,3791500,yahoo
AMAT,2025-12-24,260.131775,1279500,yahoo
AMAT,2025-12-26,261.248993,1836000,yahoo
AMAT,2025-12-29,262.396118,2601600,yahoo
AMAT,2025-12-30,259.323792,2185100,yahoo
AMAT,2025-12-31,256.351196,3025800,yahoo
AMAT,2026-01-02,268.201691,7553200,yahoo
AMAT,2026-01-05,283.613281,10398700,yahoo
AMAT,2026-01-06,295.274231,7237900,yahoo
AMAT,2026-01-07,291.473663,6148400,yahoo
AMAT,2026-01-08,280.939941,5500700,yahoo
AMAT,2026-01-09,300.431366,9427600,yahoo
AMAT,2026-01-12,306.476288,6612800,yahoo
AMAT,2026-01-13,304.112183,7146500,yahoo
AMAT,2026-01-14,301.139618,6545200,yahoo
AMAT,2026-01-15,318.286835,11262800,yahoo
AMAT,2026-01-16,326.197174,11399300,yahoo
AMAT,2026-01-20,317.438995,9387300,yahoo
AMAT,2026-01-21,324.431549,7914000,yahoo
AMAT,2026-01-22,317.997589,6036100,yahoo
AMAT,2026-01-23,321.578674,6201000,yahoo
AMAT,2026-01-26,318.665924,4777200,yahoo
AMAT,2026-01-27,331.882965,8033000,yahoo
AMAT,2026-01-28,335.912933,8470000,yahoo
AMAT,2026-01-29,340.491547,7350500,yahoo
AMAT,2026-01-30,321.518829,9814100,yahoo
AMAT,2026-02-02,327.58371,7409600,yahoo
AMAT,2026-02-03,317.877899,10697000,yahoo
AMAT,2026-02-04,296.86026,14719400,yahoo
AMAT,2026-02-05,303.234344,8514300,yahoo
AMAT,2026-02-06,321.708344,8344400,yahoo
AMAT,2026-02-09,329.748291,7458900,yahoo
AMAT,2026-02-10,328.252045,6785800,yahoo
AMAT,2026-02-11,339.035156,7160900,yahoo
AMAT,2026-02-12,327.57373,9764400,yahoo
AMAT,2026-02-13,354.027802,15706000,yahoo
AMAT,2026-02-17,358.237335,8791300,yahoo
AMAT,2026-02-18,368.38205,8784300,yahoo
AMAT,2026-02-19,369.370789,6640100,yahoo
AMAT,2026-02-20,374.91391,8178700,yahoo
AMAT,2026-02-23,373.086182,6077400,yahoo
AMAT,2026-02-24,377.460754,5711800,yahoo
AMAT,2026-02-25,394.459625,9745000,yahoo
AMAT,2026-02-26,375.25351,7717100,yahoo
AMAT,2026-02-27,371.837738,9041400,yahoo
AMAT,2026-03-02,371.717896,5802100,yahoo
AMAT,2026-03-03,350.883789,7982000,yahoo
AMAT,2026-03-04,357.315796,5980400,yahoo
AMAT,2026-03-05,346.099731,5899700,yahoo
AMAT,2026-03-06,324.336792,8655200,yahoo
AMAT,2026-03-09,338.519165,9504100,yahoo
AMAT,2026-03-10,345.450562,6121100,yahoo
AMAT,2026-03-11,350.634125,4517200,yahoo
AMAT,2026-03-12,336.851227,5978200,yahoo
AMAT,2026-03-13,341.105957,5332200,yahoo
AMAT,2026-03-16,345.750153,4427000,yahoo
AMAT,2026-03-17,352.022369,4833900,yahoo
AMAT,2026-03-18,349.036102,5170500,yahoo
AMAT,2026-03-19,356.766479,6459700,yahoo
AMAT,2026-03-20,356.616669,17587900,yahoo
AMAT,2026-03-23,361.34079,6490700,yahoo
AMAT,2026-03-24,373.525635,6406200,yahoo
AMAT,2026-03-25,368.881409,5052000,yahoo
AMAT,2026-03-26,338.129639,9261000,yahoo
AMAT,2026-03-27,336.751373,5984800,yahoo
AMAT,2026-03-30,322.718811,6568100,yahoo
AMAT,2026-03-31,341.365631,8335600,yahoo
AMAT,2026-04-01,353.360687,5974800,yahoo
AMAT,2026-04-02,348.037323,4269400,yahoo
AMAT,2026-04-06,352.182159,2505500,yahoo
AMAT,2026-04-07,353.870087,4024800,yahoo
AMAT,2026-04-08,385.241089,7628500,yahoo
AMAT,2026-04-09,397.316071,5373600,yahoo
AMAT,2026-04-10,398.993988,6399900,yahoo
AMAT,2026-04-13,395.238678,5246600,yahoo
AMAT,2026-04-14,395.148773,5353200,yahoo
AMAT,2026-04-15,393.770477,5925100,yahoo
AMAT,2026-04-16,389.415894,5113000,yahoo
AMAT,2026-04-17,396.447144,6017900,yahoo
AMAT,2026-04-20,391.133759,3747500,yahoo
AMAT,2026-04-21,393.840363,5414900,yahoo
AMAT,2026-04-22,402.979034,5268100,yahoo
AMAT,2026-04-23,403.408508,4420800,yahoo
AMAT,2026-04-24,416.522186,6159600,yahoo
AMAT,2026-04-27,404.3573,5663400,yahoo
AMAT,2026-04-28,380.63678,10396200,yahoo
AMAT,2026-04-29,382.11496,5116400,yahoo
AMAT,2026-04-30,394.000183,7050000,yahoo
AMAT,2026-05-01,388.596893,4586500,yahoo
AMAT,2026-05-04,390.894043,5062300,yahoo
AMAT,2026-05-05,410.309937,6321100,yahoo
AMAT,2026-05-06,428.087799,7241200,yahoo
AMAT,2026-05-07,410.130157,7741800,yahoo
AMAT,2026-05-08,434.899353,8165200,yahoo
AMAT,2026-05-11,443.069183,8324000,yahoo
AMAT,2026-05-12,430.664612,9319400,yahoo
AMAT,2026-05-13,436.067871,7839400,yahoo
AMAT,2026-05-14,440.013,14936200,yahoo
AMAT,2026-05-15,436.077881,12768700,yahoo
AMAT,2026-05-18,413.056519,8265000,yahoo
AMAT,2026-05-19,406.404785,8418700,yahoo
AMAT,2026-05-20,426.320007,6888400,yahoo
AMAT,2026-05-21,427.359985,5682900,yahoo
AMAT,2026-05-22,432.160004,4889300,yahoo
AMAT,2026-05-26,454.890015,8044400,yahoo
AMAT,2026-05-27,448.25,5047600,yahoo
AMAT,2026-05-28,449.679993,5675600,yahoo
AMAT,2026-05-29,450.059998,8546800,yahoo
AMAT,2026-06-01,458.170013,6613700,yahoo
AMAT,2026-06-02,490.049988,10440700,yahoo
AMAT,2026-06-03,500.769989,8964900,yahoo
AMAT,2026-06-04,501.700012,6729000,yahoo
AMAT,2026-06-05,453.01001,11909400,yahoo
AMAT,2026-06-08,492.170013,9726900,yahoo
AMAT,2026-06-09,499.209991,11731700,yahoo
AMAT,2026-06-10,497.01001,11393800,yahoo
AMAT,2026-06-11,552.640015,12427700,yahoo
AMAT,2026-06-12,567.25,8055800,yahoo
AMAT,2026-06-15,585.780029,11664400,yahoo
AMAT,2026-06-16,568.22998,10906100,yahoo
AMAT,2026-06-17,592.919983,11045500,yahoo
AMAT,2026-06-18,617.109985,16781200,yahoo
AMAT,2026-06-22,640.179993,10737300,yahoo
AMAT,2026-06-23,585.880005,12035100,yahoo
AMAT,2026-06-24,588.969971,10726700,yahoo
AMAT,2026-06-25,668.0,16477800,yahoo
AMAT,2026-06-26,626.840027,28138600,yahoo
AMAT,2026-06-29,694.640015,14165300,yahoo
AMAT,2026-06-30,723.0,16461200,yahoo
AMAT,2026-07-01,650.909973,16089200,yahoo
AMAT,2026-07-02,603.039978,15071700,yahoo
AMAT,2026-07-06,592.789978,8622800,yahoo
AMAT,2026-07-07,554.5,12552400,yahoo
AMAT,2026-07-08,570.5,7535700,yahoo
AMAT,2026-07-09,588.659973,14418000,yahoo
AMAT,2026-07-10,602.5,6279300,yahoo
AMAT,2026-07-13,575.390015,7561700,yahoo
AMAT,2026-07-14,595.700012,6513900,yahoo
AMAT,2026-07-15,579.429993,8168200,yahoo
AMAT,2026-07-16,560.929993,8406100,yahoo
AMAT,2026-07-17,529.659973,10326500,yahoo
AMAT,2026-07-20,525.700012,6558300,yahoo
AMAT,2026-07-21,564.549988,7636400,yahoo
AMAT,2026-07-22,553.919983,4963500,yahoo
AMAT,2026-07-23,562.799988,5706400,yahoo
AMAT,2026-07-24,536.25,6262200,yahoo
AMAT,2026-07-27,516.890015,8011400,yahoo
AMAT,2026-07-28,476.459991,9891300,yahoo
AMAT,2026-07-29,436.450012,10166900,yahoo
AMAT,2026-07-30,501.769989,12166300,yahoo
AMAT,2026-07-31,507.670013,7411500,yahoo
AMAT,2026-08-03,518.210022,5978900,yahoo
AMAT,2026-08-04,546.619995,7971700,yahoo
AMAT,2026-08-05,534.23999,5348100,yahoo
ASML,2025-08-06,686.438721,1218700,yahoo
ASML,2025-08-07,708.453674,1723800,yahoo
ASML,2025-08-08,717.593506,1042900,yahoo
ASML,2025-08-11,716.590088,1179700,yahoo
ASML,2025-08-12,736.936096,1461800,yahoo
ASML,2025-08-13,750.625977,2011900,yahoo
ASML,2025-08-14,750.268311,1577400,yahoo
ASML,2025-08-15,737.30365,1635100,yahoo
ASML,2025-08-18,742.658325,1086400,yahoo
ASML,2025-08-19,738.74408,1121300,yahoo
ASML,2025-08-20,744.585693,1368400,yahoo
ASML,2025-08-21,730.587891,952700,yahoo
ASML,2025-08-22,749.950317,1456000,yahoo
ASML,2025-08-25,749.523254,731100,yahoo
ASML,2025-08-26,758.205994,860100,yahoo
ASML,2025-08-27,764.961487,1140700,yahoo
ASML,2025-08-28,758.464294,985400,yahoo
ASML,2025-08-29,737.760681,1317800,yahoo
ASML,2025-09-02,721.100342,1867400,yahoo
ASML,2025-09-03,731.998657,1330300,yahoo
ASML,2025-09-04,748.499939,1532700,yahoo
ASML,2025-09-05,776.584961,1887300,yahoo
ASML,2025-09-08,791.039673,1284500,yahoo
ASML,2025-09-09,799.861572,1324100,yahoo
ASML,2025-09-10,787.950134,1634300,yahoo
ASML,2025-09-11,798.897949,1297800,yahoo
ASML,2025-09-12,808.544373,1019700,yahoo
ASML,2025-09-15,861.624817,2702300,yahoo
ASML,2025-09-16,872.671997,1832400,yahoo
ASML,2025-09-17,866.562317,1553300,yahoo
ASML,2025-09-18,921.728882,3176100,yahoo
ASML,2025-09-19,926.050476,2410200,yahoo
ASML,2025-09-22,951.532654,1885000,yahoo
ASML,2025-09-23,957.205261,1664800,yahoo
ASML,2025-09-24,940.743713,1400700,yahoo
ASML,2025-09-25,943.336548,1272600,yahoo
ASML,2025-09-26,945.293762,955200,yahoo
ASML,2025-09-29,956.311096,1213800,yahoo
ASML,2025-09-30,961.755249,1303600,yahoo
ASML,2025-10-01,996.705078,1963800,yahoo
ASML,2025-10-02,1023.429077,1689100,yahoo
ASML,2025-10-03,1025.465698,1352300,yahoo
ASML,2025-10-06,1036.473145,1385400,yahoo
ASML,2025-10-07,995.741394,1667800,yahoo
ASML,2025-10-08,981.346252,1947000,yahoo
ASML,2025-10-09,974.123779,1496000,yahoo
ASML,2025-10-10,930.064026,2933900,yahoo
ASML,2025-10-13,978.216797,2223900,yahoo
ASML,2025-10-14,976.746521,2422100,yahoo
ASML,2025-10-15,1003.202332,2900300,yahoo
ASML,2025-10-16,1012.918274,1938400,yahoo
ASML,2025-10-17,1022.534851,1663700,yahoo
ASML,2025-10-20,1035.330688,1271700,yahoo
ASML,2025-10-21,1018.312744,1072200,yahoo
ASML,2025-10-22,1004.950806,1328600,yahoo
ASML,2025-10-23,1029.628174,1318200,yahoo
ASML,2025-10-24,1026.339844,1032700,yahoo
ASML,2025-10-27,1053.043945,1265600,yahoo
ASML,2025-10-28,1045.593018,856900,yahoo
ASML,2025-10-29,1065.720337,1530000,yahoo
ASML,2025-10-30,1070.308228,1283100,yahoo
ASML,2025-10-31,1054.165894,1179400,yahoo
ASML,2025-11-03,1061.719482,868100,yahoo
ASML,2025-11-04,1025.214966,1735100,yahoo
ASML,2025-11-05,1038.759888,1169400,yahoo
ASML,2025-11-06,1024.279419,1073000,yahoo
ASML,2025-11-07,1012.097961,1841900,yahoo
ASML,2025-11-10,1033.823608,992900,yahoo
ASML,2025-11-11,1017.531799,1026000,yahoo
ASML,2025-11-12,1032.370605,961900,yahoo
ASML,2025-11-13,1014.98407,1406300,yahoo
ASML,2025-11-14,1002.16571,1307800,yahoo
ASML,2025-11-17,1015.123413,1691500,yahoo
ASML,2025-11-18,999.259644,1414000,yahoo
ASML,2025-11-19,1034.360962,1587800,yahoo
ASML,2025-11-20,976.34967,2055100,yahoo
ASML,2025-11-21,961.948914,2481800,yahoo
ASML,2025-11-24,983.09729,1628100,yahoo
ASML,2025-11-25,998.423645,1193000,yahoo
ASML,2025-11-26,1035.993164,1572400,yahoo
ASML,2025-11-28,1054.932129,939700,yahoo
ASML,2025-12-01,1082.78833,2103100,yahoo
ASML,2025-12-02,1103.479004,1426000,yahoo
ASML,2025-12-03,1135.465332,2059500,yahoo
ASML,2025-12-04,1104.772705,1511800,yahoo
ASML,2025-12-05,1094.213379,1054400,yahoo
ASML,2025-12-08,1114.336792,1118800,yahoo
ASML,2025-12-09,1106.126221,904700,yahoo
ASML,2025-12-10,1113.968628,1093600,yahoo
ASML,2025-12-11,1117.471802,1403600,yahoo
ASML,2025-12-12,1075.682495,1623000,yahoo
ASML,2025-12-15,1082.619141,1283400,yahoo
ASML,2025-12-16,1070.905518,956300,yahoo
ASML,2025-12-17,1010.575256,2140900,yahoo
ASML,2025-12-18,1031.355591,1645400,yahoo
ASML,2025-12-19,1050.971191,2319600,yahoo
ASML,2025-12-22,1051.926636,703700,yahoo
ASML,2025-12-23,1056.763428,543600,yahoo
ASML,2025-12-24,1060.425781,229800,yahoo
ASML,2025-12-26,1067.621216,363800,yahoo
ASML,2025-12-29,1060.903564,424300,yahoo
ASML,2025-12-30,1067.01416,807300,yahoo
ASML,2025-12-31,1064.744995,561300,yahoo
ASML,2026-01-02,1158.216064,2697900,yahoo
ASML,2026-01-05,1222.317993,3290600,yahoo
ASML,2026-01-06,1236.251099,1895800,yahoo
ASML,2026-01-07,1222.59668,1351200,yahoo
ASML,2026-01-08,1188.609985,1682300,yahoo
ASML,2026-01-09,1267.789673,2394500,yahoo
ASML,2026-01-12,1275.104492,1488600,yahoo
ASML,2026-01-13,1264.087524,1374200,yahoo
ASML,2026-01-14,1257.678223,1536500,yahoo
ASML,2026-01-15,1325.233643,2858400,yahoo
ASML,2026-01-16,1352.074707,2469100,yahoo
ASML,2026-01-20,1319.730103,2970800,yahoo
ASML,2026-01-21,1353.587402,2387200,yahoo
ASML,2026-01-22,1388.330566,1844200,yahoo
ASML,2026-01-23,1382.39917,1556300,yahoo
ASML,2026-01-26,1406.592896,2001300,yahoo
ASML,2026-01-27,1447.635742,3473900,yahoo
ASML,2026-01-28,1416.117188,5036800,yahoo
ASML,2026-01-29,1448.203125,2818900,yahoo
ASML,2026-01-30,1416.196777,2358800,yahoo
ASML,2026-02-02,1434.498779,1766600,yahoo
ASML,2026-02-03,1389.206421,2205100,yahoo
ASML,2026-02-04,1332.727661,2479400,yahoo
ASML,2026-02-05,1343.704956,1790200,yahoo
ASML,2026-02-06,1406.254395,1971000,yahoo
ASML,2026-02-09,1422.65564,1125100,yahoo
ASML,2026-02-10,1408.717163,1200600,yahoo
ASML,2026-02-11,1430.650879,1139300,yahoo
ASML,2026-02-12,1401.990601,1518100,yahoo
ASML,2026-02-13,1401.731445,1248900,yahoo
ASML,2026-02-17,1414.855835,1097200,yahoo
ASML,2026-02-18,1463.625977,1334400,yahoo
ASML,2026-02-19,1453.870117,1135200,yahoo
ASML,2026-02-20,1464.493042,1102500,yahoo
ASML,2026-02-23,1480.836182,1284200,yahoo
ASML,2026-02-24,1492.605225,1538900,yahoo
ASML,2026-02-25,1521.215698,1306900,yahoo
ASML,2026-02-26,1458.723145,2177900,yahoo
ASML,2026-02-27,1445.529175,1358300,yahoo
ASML,2026-03-02,1418.602783,1492400,yahoo
ASML,2026-03-03,1356.219849,2012500,yahoo
ASML,2026-03-04,1394.516602,1486700,yahoo
ASML,2026-03-05,1363.614136,1804500,yahoo
ASML,2026-03-06,1288.316284,1900100,yahoo
ASML,2026-03-09,1352.712158,1808900,yahoo
ASML,2026-03-10,1378.602051,1650900,yahoo
ASML,2026-03-11,1381.870605,1164700,yahoo
ASML,2026-03-12,1346.892334,1780200,yahoo
ASML,2026-03-13,1341.022705,1179000,yahoo
ASML,2026-03-16,1370.789307,1310400,yahoo
ASML,2026-03-17,1384.342041,1135600,yahoo
ASML,2026-03-18,1350.469971,1391400,yahoo
ASML,2026-03-19,1361.651001,1619100,yahoo
ASML,2026-03-20,1312.681396,2645100,yahoo
ASML,2026-03-23,1364.869873,1983200,yahoo
ASML,2026-03-24,1394.566528,1801000,yahoo
ASML,2026-03-25,1389.055542,1610000,yahoo
ASML,2026-03-26,1324.888916,1721100,yahoo
ASML,2026-03-27,1297.952759,1759700,yahoo
ASML,2026-03-30,1249.610962,2144500,yahoo
ASML,2026-03-31,1316.249023,1731500,yahoo
ASML,2026-04-01,1355.044067,1745000,yahoo
ASML,2026-04-02,1312.661499,1883400,yahoo
ASML,2026-04-06,1299.487305,1299200,yahoo
ASML,2026-04-07,1301.918945,1368900,yahoo
ASML,2026-04-08,1416.121582,2427300,yahoo
ASML,2026-04-09,1443.615723,1579700,yahoo
ASML,2026-04-10,1473.152954,1519600,yahoo
ASML,2026-04-13,1494.996826,1709400,yahoo
ASML,2026-04-14,1513.03418,1769200,yahoo
ASML,2026-04-15,1476.630737,4251700,yahoo
ASML,2026-04-16,1405.936768,2626700,yahoo
ASML,2026-04-17,1454.737061,1876500,yahoo
ASML,2026-04-20,1471.37915,1091900,yahoo
ASML,2026-04-21,1453.909912,1274600,yahoo
ASML,2026-04-22,1438.653076,2621800,yahoo
ASML,2026-04-23,1412.882812,1800500,yahoo
ASML,2026-04-24,1452.644287,1751800,yahoo
ASML,2026-04-27,1430.589722,1326200,yahoo
ASML,2026-04-28,1382.771729,1926900,yahoo
ASML,2026-04-29,1392.279297,1256500,yahoo
ASML,2026-04-30,1437.131348,1414400,yahoo
ASML,2026-05-01,1425.17688,707100,yahoo
ASML,2026-05-04,1384.419434,1755700,yahoo
ASML,2026-05-05,1441.056274,1621400,yahoo
ASML,2026-05-06,1542.744751,2312400,yahoo
ASML,2026-05-07,1514.641113,1726700,yahoo
ASML,2026-05-08,1589.963745,2288300,yahoo
ASML,2026-05-11,1563.787598,2191300,yahoo
ASML,2026-05-12,1518.975464,1846800,yahoo
ASML,2026-05-13,1579.537109,1691200,yahoo
ASML,2026-05-14,1582.463379,1412600,yahoo
ASML,2026-05-15,1499.870239,1807400,yahoo
ASML,2026-05-18,1470.488281,1664400,yahoo
ASML,2026-05-19,1457.554932,1395400,yahoo
ASML,2026-05-20,1548.127808,1744500,yahoo
ASML,2026-05-21,1589.943726,1358400,yahoo
ASML,2026-05-22,1630.790894,1666700,yahoo
ASML,2026-05-26,1629.921997,1651000,yahoo
ASML,2026-05-27,1595.806152,1361600,yahoo
ASML,2026-05-28,1603.695923,971600,yahoo
ASML,2026-05-29,1610.67688,1069400,yahoo
ASML,2026-06-01,1626.466431,1058900,yahoo
ASML,2026-06-02,1703.167236,1484000,yahoo
ASML,2026-06-03,1724.130127,1826900,yahoo
ASML,2026-06-04,1755.199951,2248200,yahoo
ASML,2026-06-05,1639.619507,2744600,yahoo
ASML,2026-06-08,1746.780884,2062100,yahoo
ASML,2026-06-09,1775.473755,3151400,yahoo
ASML,2026-06-10,1731.949951,2586400,yahoo
ASML,2026-06-11,1897.026489,2965600,yahoo
ASML,2026-06-12,1861.143066,2529600,yahoo
ASML,2026-06-15,1890.215454,2339100,yahoo
ASML,2026-06-16,1801.560059,1797600,yahoo
ASML,2026-06-17,1865.417358,2322900,yahoo
ASML,2026-06-18,1927.187622,2406100,yahoo
ASML,2026-06-22,1926.758179,1793300,yahoo
ASML,2026-06-23,1776.162842,2415700,yahoo
ASML,2026-06-24,1760.493164,2028200,yahoo
ASML,2026-06-25,1838.80188,2197000,yahoo
ASML,2026-06-26,1792.302002,2840000,yahoo
ASML,2026-06-29,1880.677734,1760500,yahoo
ASML,2026-06-30,1986.870361,2712600,yahoo
ASML,2026-07-01,1840.659546,2584700,yahoo
ASML,2026-07-02,1767.034668,2699100,yahoo
ASML,2026-07-06,1822.712646,1945000,yahoo
ASML,2026-07-07,1745.023193,1863900,yahoo
ASML,2026-07-08,1766.365601,1424500,yahoo
ASML,2026-07-09,1801.919556,1547400,yahoo
ASML,2026-07-10,1794.998413,1218400,yahoo
ASML,2026-07-13,1723.810669,1419800,yahoo
ASML,2026-07-14,1773.346558,2529100,yahoo
ASML,2026-07-15,1812.925415,4189300,yahoo
ASML,2026-07-16,1782.564575,2581400,yahoo
ASML,2026-07-17,1745.322754,2209400,yahoo
ASML,2026-07-20,1736.773804,1639000,yahoo
ASML,2026-07-21,1799.183105,1681100,yahoo
ASML,2026-07-22,1799.532593,1007400,yahoo
ASML,2026-07-23,1800.671143,1106700,yahoo
ASML,2026-07-24,1754.820435,1315000,yahoo
ASML,2026-07-27,1653.12207,3325500,yahoo
ASML,2026-07-28,1582.949951,3010100,yahoo
ASML,2026-07-29,1550.689941,2538800,yahoo
ASML,2026-07-30,1651.439941,2170500,yahoo
ASML,2026-07-31,1629.0,1601400,yahoo
ASML,2026-08-03,1642.52002,1437400,yahoo
ASML,2026-08-04,1711.890015,1526700,yahoo
ASML,2026-08-05,1678.219971,1217800,yahoo
NVT,2025-08-06,89.64003,1677300,yahoo
NVT,2025-08-07,88.507607,2493700,yahoo
NVT,2025-08-08,88.090408,2276700,yahoo
NVT,2025-08-11,88.169876,1507200,yahoo
NVT,2025-08-12,91.229393,1960400,yahoo
NVT,2025-08-13,90.007576,1899800,yahoo
NVT,2025-08-14,89.202957,1429400,yahoo
NVT,2025-08-15,87.424866,1408600,yahoo
NVT,2025-08-18,88.815552,1290000,yahoo
NVT,2025-08-19,87.563934,1519700,yahoo
NVT,2025-08-20,87.454659,2769300,yahoo
NVT,2025-08-21,87.434784,1196100,yahoo
NVT,2025-08-22,89.481094,1701200,yahoo
NVT,2025-08-25,88.805618,1642000,yahoo
NVT,2025-08-26,90.236038,1179300,yahoo
NVT,2025-08-27,90.50425,1793000,yahoo
NVT,2025-08-28,91.964478,1468700,yahoo
NVT,2025-08-29,89.789032,1275700,yahoo
NVT,2025-09-02,88.885086,1234100,yahoo
NVT,2025-09-03,88.89502,1054900,yahoo
NVT,2025-09-04,91.318794,2304300,yahoo
NVT,2025-09-05,92.183022,1957000,yahoo
NVT,2025-09-08,91.964478,1594700,yahoo
NVT,2025-09-09,90.832062,1098400,yahoo
NVT,2025-09-10,94.348518,2465600,yahoo
NVT,2025-09-11,95.073669,1599400,yahoo
NVT,2025-09-12,94.149849,1311900,yahoo
NVT,2025-09-15,95.709412,1332700,yahoo
NVT,2025-09-16,95.560402,1731000,yahoo
NVT,2025-09-17,95.81868,2101600,yahoo
NVT,2025-09-18,97.994125,1613900,yahoo
NVT,2025-09-19,98.331848,3830200,yahoo
NVT,2025-09-22,99.583473,1975100,yahoo
NVT,2025-09-23,97.05043,3148700,yahoo
NVT,2025-09-24,96.623291,1249700,yahoo
NVT,2025-09-25,95.957748,1868300,yahoo
NVT,2025-09-26,96.355095,1080200,yahoo
NVT,2025-09-29,96.057091,1030500,yahoo
NVT,2025-09-30,97.984184,1605500,yahoo
NVT,2025-10-01,99.454346,1649300,yahoo
NVT,2025-10-02,98.768929,1439000,yahoo
NVT,2025-10-03,97.149773,1282100,yahoo
NVT,2025-10-06,97.348442,1793700,yahoo
NVT,2025-10-07,95.36174,1982600,yahoo
NVT,2025-10-08,98.063652,2831200,yahoo
NVT,2025-10-09,97.080231,2438200,yahoo
NVT,2025-10-10,95.341881,2176100,yahoo
NVT,2025-10-13,98.83847,1657300,yahoo
NVT,2025-10-14,98.848396,1195500,yahoo
NVT,2025-10-15,100.427826,2336400,yahoo
NVT,2025-10-16,99.871552,2275100,yahoo
NVT,2025-10-17,98.866272,2398200,yahoo
NVT,2025-10-20,99.76207,2138700,yahoo
NVT,2025-10-21,99.184776,1782200,yahoo
NVT,2025-10-22,96.47747,3397000,yahoo
NVT,2025-10-23,100.150246,2292600,yahoo
NVT,2025-10-24,101.72287,2563200,yahoo
NVT,2025-10-27,103.424896,2237200,yahoo
NVT,2025-10-28,103.733444,2234000,yahoo
NVT,2025-10-29,105.783821,2391000,yahoo
NVT,2025-10-30,103.862831,3150000,yahoo
NVT,2025-10-31,113.816139,4498800,yahoo
NVT,2025-11-03,111.835434,2841900,yahoo
NVT,2025-11-04,109.108231,2507100,yahoo
NVT,2025-11-05,111.974785,2191000,yahoo
NVT,2025-11-06,109.456596,1344900,yahoo
NVT,2025-11-07,110.511642,1745500,yahoo
NVT,2025-11-10,111.805573,1826500,yahoo
NVT,2025-11-11,109.078362,1556100,yahoo
NVT,2025-11-12,110.939636,1698300,yahoo
NVT,2025-11-13,105.425499,3349600,yahoo
NVT,2025-11-14,106.052567,2045200,yahoo
NVT,2025-11-17,103.604042,2165700,yahoo
NVT,2025-11-18,103.823013,2323500,yahoo
NVT,2025-11-19,105.246346,2105900,yahoo
NVT,2025-11-20,101.046036,4679600,yahoo
NVT,2025-11-21,100.080566,4005700,yahoo
NVT,2025-11-24,103.613998,2681500,yahoo
NVT,2025-11-25,104.440125,2502000,yahoo
NVT,2025-11-26,106.032654,1614800,yahoo
NVT,2025-11-28,106.769196,790900,yahoo
NVT,2025-12-01,105.176666,1700200,yahoo
NVT,2025-12-02,104.868118,2340500,yahoo
NVT,2025-12-03,104.479935,1807300,yahoo
NVT,2025-12-04,107.764526,1539900,yahoo
NVT,2025-12-05,107.217094,1329200,yahoo
NVT,2025-12-08,106.609955,2106500,yahoo
NVT,2025-12-09,106.918495,2225200,yahoo
NVT,2025-12-10,108.361732,3080300,yahoo
NVT,2025-12-11,108.640427,1619800,yahoo
NVT,2025-12-12,101.235153,3228900,yahoo
NVT,2025-12-15,102.130959,2509000,yahoo
NVT,2025-12-16,101.931892,1806100,yahoo
NVT,2025-12-17,94.546524,5092200,yahoo
NVT,2025-12-18,97.821167,4608600,yahoo
NVT,2025-12-19,101.065956,3891000,yahoo
NVT,2025-12-22,102.310112,1605200,yahoo
NVT,2025-12-23,103.484604,1648600,yahoo
NVT,2025-12-24,103.484604,558900,yahoo
NVT,2025-12-26,103.693626,864300,yahoo
NVT,2025-12-29,102.777924,953600,yahoo
NVT,2025-12-30,102.529083,1008100,yahoo
NVT,2025-12-31,101.493942,1153500,yahoo
NVT,2026-01-02,106.321304,1515900,yahoo
NVT,2026-01-05,106.112282,1435600,yahoo
NVT,2026-01-06,109.576027,2968200,yahoo
NVT,2026-01-07,105.982895,1788800,yahoo
NVT,2026-01-08,102.240448,1913400,yahoo
NVT,2026-01-09,104.888016,1724100,yahoo
NVT,2026-01-12,105.893311,1557800,yahoo
NVT,2026-01-13,106.142136,1675700,yahoo
NVT,2026-01-14,104.051941,1718900,yahoo
NVT,2026-01-15,107.475891,2191700,yahoo
NVT,2026-01-16,111.974785,3346200,yahoo
NVT,2026-01-20,109.386925,2283600,yahoo
NVT,2026-01-21,112.134041,1674000,yahoo
NVT,2026-01-22,111.049126,1529600,yahoo
NVT,2026-01-23,109.982117,1208500,yahoo
NVT,2026-01-26,110.271309,2065000,yahoo
NVT,2026-01-27,112.844101,1275200,yahoo
NVT,2026-01-28,113.831337,1619100,yahoo
NVT,2026-01-29,115.297241,1948800,yahoo
NVT,2026-01-30,111.946617,1825200,yahoo
NVT,2026-02-02,115.466759,2570500,yahoo
NVT,2026-02-03,119.096596,2989500,yahoo
NVT,2026-02-04,116.36425,3356800,yahoo
NVT,2026-02-05,113.552116,3752600,yahoo
NVT,2026-02-06,112.325546,4986600,yahoo
NVT,2026-02-09,114.300034,3500600,yahoo
NVT,2026-02-10,111.836922,2664000,yahoo
NVT,2026-02-11,112.435242,3930500,yahoo
NVT,2026-02-12,111.587616,3403300,yahoo
NVT,2026-02-13,112.933853,1796800,yahoo
NVT,2026-02-17,114.898354,2206700,yahoo
NVT,2026-02-18,115.327148,1946400,yahoo
NVT,2026-02-19,116.553711,1228300,yahoo
NVT,2026-02-20,116.543747,1947300,yahoo
NVT,2026-02-23,114.609161,2279200,yahoo
NVT,2026-02-24,117.889984,1684300,yahoo
NVT,2026-02-25,121.459984,2811600,yahoo
NVT,2026-02-26,121.450012,2573500,yahoo
NVT,2026-02-27,118.029587,3341000,yahoo
NVT,2026-03-02,119.93425,1904200,yahoo
NVT,2026-03-03,111.338318,3228800,yahoo
NVT,2026-03-04,113.51223,2580100,yahoo
NVT,2026-03-05,110.241386,2007800,yahoo
NVT,2026-03-06,105.72403,1924400,yahoo
NVT,2026-03-09,107.82814,2746500,yahoo
NVT,2026-03-10,108.825348,1961900,yahoo
NVT,2026-03-11,110.779877,2306500,yahoo
NVT,2026-03-12,107.568871,1971700,yahoo
NVT,2026-03-13,109.623116,2601400,yahoo
NVT,2026-03-16,113.980919,2690900,yahoo
NVT,2026-03-17,114.389771,1510100,yahoo
NVT,2026-03-18,119.93425,4831100,yahoo
NVT,2026-03-19,122.237808,2735000,yahoo
NVT,2026-03-20,115.975342,4206600,yahoo
NVT,2026-03-23,120.662216,2658900,yahoo
NVT,2026-03-24,125.259346,2465400,yahoo
NVT,2026-03-25,126.655441,2062400,yahoo
NVT,2026-03-26,118.10936,2144700,yahoo
NVT,2026-03-27,116.653442,1741700,yahoo
NVT,2026-03-30,112.435242,1745600,yahoo
NVT,2026-03-31,117.949806,1888600,yahoo
NVT,2026-04-01,120.921494,1774500,yahoo
NVT,2026-04-02,117.630707,2593900,yahoo
NVT,2026-04-06,117.082245,1355900,yahoo
NVT,2026-04-07,118.58802,1330800,yahoo
NVT,2026-04-08,126.755165,3174800,yahoo
NVT,2026-04-09,128.27092,1363500,yahoo
NVT,2026-04-10,130.195526,1285300,yahoo
NVT,2026-04-13,132.788269,1905500,yahoo
NVT,2026-04-14,134.104584,2092600,yahoo
NVT,2026-04-15,131.013245,2374800,yahoo
NVT,2026-04-16,129.337936,2138600,yahoo
NVT,2026-04-17,134.314011,2351600,yahoo
NVT,2026-04-20,135.420914,1265000,yahoo
NVT,2026-04-21,136.617554,1667300,yahoo
NVT,2026-04-22,139.738815,2203500,yahoo
NVT,2026-04-23,142.361465,2855500,yahoo
NVT,2026-04-24,141.981964,2233500,yahoo
NVT,2026-04-27,141.522583,2094300,yahoo
NVT,2026-04-28,138.117096,2161000,yahoo
NVT,2026-04-29,137.188309,1660100,yahoo
NVT,2026-04-30,142.710999,2628900,yahoo
NVT,2026-05-01,158.709808,5132800,yahoo
NVT,2026-05-04,162.474838,3894600,yahoo
NVT,2026-05-05,169.185944,2796400,yahoo
NVT,2026-05-06,172.261871,3107600,yahoo
NVT,2026-05-07,166.509491,2537600,yahoo
NVT,2026-05-08,169.72522,1703300,yahoo
NVT,2026-05-11,173.160675,1881200,yahoo
NVT,2026-05-12,170.514191,1686200,yahoo
NVT,2026-05-13,172.68132,1635300,yahoo
NVT,2026-05-14,173.729935,1377100,yahoo
NVT,2026-05-15,168.786469,1875600,yahoo
NVT,2026-05-18,160.477478,2449700,yahoo
NVT,2026-05-19,158.020721,2723100,yahoo
NVT,2026-05-20,161.645935,1781100,yahoo
NVT,2026-05-21,163.353668,1587900,yahoo
NVT,2026-05-22,164.44223,1496700,yahoo
NVT,2026-05-26,169.066101,1633000,yahoo
NVT,2026-05-27,167.578079,2144400,yahoo
NVT,2026-05-28,164.651947,1403800,yahoo
NVT,2026-05-29,166.76915,1842500,yahoo
NVT,2026-06-01,171.32312,2306700,yahoo
NVT,2026-06-02,173.160675,1555800,yahoo
NVT,2026-06-03,176.156708,2007700,yahoo
NVT,2026-06-04,173.65004,1325600,yahoo
NVT,2026-06-05,162.644608,2035800,yahoo
NVT,2026-06-08,163.593353,2394800,yahoo
NVT,2026-06-09,163.583374,1984400,yahoo
NVT,2026-06-10,156.582626,2401600,yahoo
NVT,2026-06-11,164.302414,1596000,yahoo
NVT,2026-06-12,165.620667,1375100,yahoo
NVT,2026-06-15,168.776489,1615800,yahoo
NVT,2026-06-16,167.118683,1629100,yahoo
NVT,2026-06-17,170.713928,1942000,yahoo
NVT,2026-06-18,176.785889,4310900,yahoo
NVT,2026-06-22,184.096191,2790200,yahoo
NVT,2026-06-23,168.147308,2624800,yahoo
NVT,2026-06-24,167.3284,1777600,yahoo
NVT,2026-06-25,171.682648,1855600,yahoo
NVT,2026-06-26,162.704529,3841200,yahoo
NVT,2026-06-29,163.133972,2020600,yahoo
NVT,2026-06-30,169.385681,2098700,yahoo
NVT,2026-07-01,159.778412,1850000,yahoo
NVT,2026-07-02,151.948761,2947700,yahoo
NVT,2026-07-06,156.682495,1841600,yahoo
NVT,2026-07-07,152.977402,3159800,yahoo
NVT,2026-07-08,154.555313,1936700,yahoo
NVT,2026-07-09,157.840973,2209200,yahoo
NVT,2026-07-10,160.507431,1479700,yahoo
NVT,2026-07-13,157.811005,1312800,yahoo
NVT,2026-07-14,161.56604,1620200,yahoo
NVT,2026-07-15,159.249115,1380600,yahoo
NVT,2026-07-16,153.446777,2170300,yahoo
NVT,2026-07-17,154.715103,1856100,yahoo
NVT,2026-07-20,154.575287,1598400,yahoo
NVT,2026-07-21,160.467484,1209000,yahoo
NVT,2026-07-22,158.260406,1364300,yahoo
NVT,2026-07-23,158.570007,1185800,yahoo
NVT,2026-07-24,151.789993,1883300,yahoo
NVT,2026-07-27,149.289993,2230000,yahoo
NVT,2026-07-28,141.75,2747200,yahoo
NVT,2026-07-29,133.610001,3819100,yahoo
NVT,2026-07-30,144.800003,4229800,yahoo
NVT,2026-07-31,153.830002,4889500,yahoo
NVT,2026-08-03,159.410004,3015600,yahoo
NVT,2026-08-04,162.240005,2768800,yahoo
NVT,2026-08-05,162.039993,1903200,yahoo
JCI,2025-08-06,104.060387,2962000,yahoo
JCI,2025-08-07,103.702484,2832400,yahoo
JCI,2025-08-08,104.935272,6227800,yahoo
JCI,2025-08-11,105.094337,8854100,yahoo
JCI,2025-08-12,106.018921,6756000,yahoo
JCI,2025-08-13,105.153984,7802200,yahoo
JCI,2025-08-14,104.408348,5250400,yahoo
JCI,2025-08-15,102.917091,6360300,yahoo
JCI,2025-08-18,105.094337,4879500,yahoo
JCI,2025-08-19,103.911263,5470600,yahoo
JCI,2025-08-20,105.382652,4755200,yahoo
JCI,2025-08-21,104.139923,3801800,yahoo
JCI,2025-08-22,106.635307,5090900,yahoo
JCI,2025-08-25,105.780327,3927700,yahoo
JCI,2025-08-26,107.828323,6269500,yahoo
JCI,2025-08-27,108.633606,4714400,yahoo
JCI,2025-08-28,108.017212,3751900,yahoo
JCI,2025-08-29,106.267464,4216500,yahoo
JCI,2025-09-02,105.34288,4591000,yahoo
JCI,2025-09-03,104.726494,3934900,yahoo
JCI,2025-09-04,106.466301,2745900,yahoo
JCI,2025-09-05,105.611313,4278900,yahoo
JCI,2025-09-08,106.54583,4681500,yahoo
JCI,2025-09-09,105.670959,4016100,yahoo
JCI,2025-09-10,107.172173,4182600,yahoo
JCI,2025-09-11,107.192055,4620500,yahoo
JCI,2025-09-12,106.903732,2826300,yahoo
JCI,2025-09-15,107.182106,4277700,yahoo
JCI,2025-09-16,106.337059,3223700,yahoo
JCI,2025-09-17,106.784439,3196100,yahoo
JCI,2025-09-18,107.848213,3792700,yahoo
JCI,2025-09-19,108.056984,7388800,yahoo
JCI,2025-09-22,108.653488,4214200,yahoo
JCI,2025-09-23,107.659309,4009700,yahoo
JCI,2025-09-24,105.919502,5199900,yahoo
JCI,2025-09-25,105.153984,4860300,yahoo
JCI,2025-09-26,106.386772,2940500,yahoo
JCI,2025-09-29,107.530075,2719200,yahoo
JCI,2025-09-30,109.309647,3341100,yahoo
JCI,2025-10-01,108.255821,4189000,yahoo
JCI,2025-10-02,108.027161,3383300,yahoo
JCI,2025-10-03,108.156403,3791900,yahoo
JCI,2025-10-06,108.941803,2940300,yahoo
JCI,2025-10-07,107.679192,2824900,yahoo
JCI,2025-10-08,107.7985,3893000,yahoo
JCI,2025-10-09,107.132401,3626000,yahoo
JCI,2025-10-10,104.935272,3140500,yahoo
JCI,2025-10-13,105.760437,2336700,yahoo
JCI,2025-10-14,107.221878,2819600,yahoo
JCI,2025-10-15,110.174576,3935300,yahoo
JCI,2025-10-16,108.733025,3678800,yahoo
JCI,2025-10-17,108.196167,4228700,yahoo
JCI,2025-10-20,109.955856,3116100,yahoo
JCI,2025-10-21,110.532478,3962600,yahoo
JCI,2025-10-22,107.90786,3933100,yahoo
JCI,2025-10-23,109.906151,3740800,yahoo
JCI,2025-10-24,112.282227,4231500,yahoo
JCI,2025-10-27,112.391594,3660100,yahoo
JCI,2025-10-28,111.55648,2952800,yahoo
JCI,2025-10-29,112.679893,3187100,yahoo
JCI,2025-10-30,113.544838,3424100,yahoo
JCI,2025-10-31,113.723785,3696600,yahoo
JCI,2025-11-03,112.520836,4320400,yahoo
JCI,2025-11-04,110.393303,6765600,yahoo
JCI,2025-11-05,120.156105,13299800,yahoo
JCI,2025-11-06,121.53801,6802200,yahoo
JCI,2025-11-07,121.53801,4900800,yahoo
JCI,2025-11-10,121.866089,5589200,yahoo
JCI,2025-11-11,121.229813,4340700,yahoo
JCI,2025-11-12,121.945625,5138800,yahoo
JCI,2025-11-13,119.499947,4220300,yahoo
JCI,2025-11-14,118.028564,3399900,yahoo
JCI,2025-11-17,115.702194,4266700,yahoo
JCI,2025-11-18,113.773499,4865400,yahoo
JCI,2025-11-19,113.753609,4288300,yahoo
JCI,2025-11-20,112.331932,7047400,yahoo
JCI,2025-11-21,112.88868,5121900,yahoo
JCI,2025-11-24,113.524956,6430300,yahoo
JCI,2025-11-25,113.982269,6359300,yahoo
JCI,2025-11-26,115.612724,3488400,yahoo
JCI,2025-11-28,115.632599,1396000,yahoo
JCI,2025-12-01,114.270584,3481600,yahoo
JCI,2025-12-02,114.608604,3870400,yahoo
JCI,2025-12-03,113.554779,5046000,yahoo
JCI,2025-12-04,113.534889,4471700,yahoo
JCI,2025-12-05,113.56472,4329300,yahoo
JCI,2025-12-08,114.310356,4658900,yahoo
JCI,2025-12-09,115.095741,4534300,yahoo
JCI,2025-12-10,115.135513,5002900,yahoo
JCI,2025-12-11,117.372406,4423700,yahoo
JCI,2025-12-12,114.091629,7293200,yahoo
JCI,2025-12-15,116.19928,6351800,yahoo
JCI,2025-12-16,118.157806,6854500,yahoo
JCI,2025-12-17,115.702194,8227500,yahoo
JCI,2025-12-18,117.054276,8073600,yahoo
JCI,2025-12-19,118.833847,17473100,yahoo
JCI,2025-12-22,119.261345,3635500,yahoo
JCI,2025-12-23,120.424522,3726700,yahoo
JCI,2025-12-24,120.683022,1108800,yahoo
JCI,2025-12-26,121.349113,1912400,yahoo
JCI,2025-12-29,121.001152,2459900,yahoo
JCI,2025-12-30,120.235641,2554000,yahoo
JCI,2025-12-31,119.052567,2586500,yahoo
JCI,2026-01-02,121.597656,3196700,yahoo
JCI,2026-01-05,120.822197,4007400,yahoo
JCI,2026-01-06,113.286339,18982000,yahoo
JCI,2026-01-07,111.755325,6801300,yahoo
JCI,2026-01-08,110.641838,8168000,yahoo
JCI,2026-01-09,110.204399,6351800,yahoo
JCI,2026-01-12,110.741257,8936200,yahoo
JCI,2026-01-13,111.43718,8769800,yahoo
JCI,2026-01-14,111.476944,5771900,yahoo
JCI,2026-01-15,112.292168,6372300,yahoo
JCI,2026-01-16,113.942505,6561900,yahoo
JCI,2026-01-20,113.892792,4171500,yahoo
JCI,2026-01-21,114.817375,3607200,yahoo
JCI,2026-01-22,113.843086,3726300,yahoo
JCI,2026-01-23,112.928436,3410200,yahoo
JCI,2026-01-26,114.399818,4422500,yahoo
JCI,2026-01-27,116.278816,3810900,yahoo
JCI,2026-01-28,116.060097,3656600,yahoo
JCI,2026-01-29,119.579483,5807000,yahoo
JCI,2026-01-30,118.56543,6034400,yahoo
JCI,2026-02-02,122.263756,5418100,yahoo
JCI,2026-02-03,123.287758,7458800,yahoo
JCI,2026-02-04,128.73584,15320500,yahoo
JCI,2026-02-05,131.748199,7252300,yahoo
JCI,2026-02-06,136.848312,5373700,yahoo
JCI,2026-02-09,138.19046,5142700,yahoo
JCI,2026-02-10,137.94191,4526400,yahoo
JCI,2026-02-11,140.139038,3669600,yahoo
JCI,2026-02-12,137.76297,5474600,yahoo
JCI,2026-02-13,138.429062,3844400,yahoo
JCI,2026-02-17,141.381775,5043300,yahoo
JCI,2026-02-18,138.667648,4417900,yahoo
JCI,2026-02-19,141.868896,3555900,yahoo
JCI,2026-02-20,142.952545,4623300,yahoo
JCI,2026-02-23,141.998154,3517000,yahoo
JCI,2026-02-24,143.867203,8472900,yahoo
JCI,2026-02-25,143.648483,3254600,yahoo
JCI,2026-02-26,142.584717,4034400,yahoo
JCI,2026-02-27,143.459595,7554100,yahoo
JCI,2026-03-02,144.612839,2604400,yahoo
JCI,2026-03-03,138.767075,5490800,yahoo
JCI,2026-03-04,139.184631,3195000,yahoo
JCI,2026-03-05,136.381058,6187200,yahoo
JCI,2026-03-06,131.628876,4206100,yahoo
JCI,2026-03-09,132.314865,4954200,yahoo
JCI,2026-03-10,133.159927,4396400,yahoo
JCI,2026-03-11,134.203812,2711200,yahoo
JCI,2026-03-12,130.177399,5125900,yahoo
JCI,2026-03-13,129.401932,4120800,yahoo
JCI,2026-03-16,131.326614,4971200,yahoo
JCI,2026-03-17,132.194214,2961600,yahoo
JCI,2026-03-18,133.3909,3278600,yahoo
JCI,2026-03-19,132.882309,3712300,yahoo
JCI,2026-03-20,129.342102,8636400,yahoo
JCI,2026-03-23,132.902252,2898800,yahoo
JCI,2026-03-24,136.053528,3109200,yahoo
JCI,2026-03-25,137.100632,2281600,yahoo
JCI,2026-03-26,131.206955,4322000,yahoo
JCI,2026-03-27,130.927719,3372000,yahoo
JCI,2026-03-30,126.230721,3422600,yahoo
JCI,2026-03-31,130.588654,4190500,yahoo
JCI,2026-04-01,134.348251,2910800,yahoo
JCI,2026-04-02,132.603088,2466700,yahoo
JCI,2026-04-06,133.380936,1394300,yahoo
JCI,2026-04-07,132.782578,2368700,yahoo
JCI,2026-04-08,138.61644,3788400,yahoo
JCI,2026-04-09,141.458588,3910100,yahoo
JCI,2026-04-10,142.136703,3583800,yahoo
JCI,2026-04-13,142.425903,3974300,yahoo
JCI,2026-04-14,141.658035,3440000,yahoo
JCI,2026-04-15,136.83139,4222500,yahoo
JCI,2026-04-16,137.170441,2912400,yahoo
JCI,2026-04-17,140.481277,3582500,yahoo
JCI,2026-04-20,140.590973,1696900,yahoo
JCI,2026-04-21,139.334457,2163600,yahoo
JCI,2026-04-22,139.42421,2844300,yahoo
JCI,2026-04-23,141.338913,2728400,yahoo
JCI,2026-04-24,141.528381,2229500,yahoo
JCI,2026-04-27,142.98436,3077400,yahoo
JCI,2026-04-28,141.199295,2737800,yahoo
JCI,2026-04-29,140.959961,1976200,yahoo
JCI,2026-04-30,145.627045,3742400,yahoo
JCI,2026-05-01,144.679672,2062600,yahoo
JCI,2026-05-04,144.001541,2747300,yahoo
JCI,2026-05-05,144.420395,4087900,yahoo
JCI,2026-05-06,142.745026,7007600,yahoo
JCI,2026-05-07,138.865753,5939600,yahoo
JCI,2026-05-08,139.13501,2582400,yahoo
JCI,2026-05-11,141.388779,2788400,yahoo
JCI,2026-05-12,140.650803,3748600,yahoo
JCI,2026-05-13,143.403198,4485900,yahoo
JCI,2026-05-14,144.629807,3543100,yahoo
JCI,2026-05-15,142.685181,3177800,yahoo
JCI,2026-05-18,136.931107,4698300,yahoo
JCI,2026-05-19,135.046326,3263500,yahoo
JCI,2026-05-20,137.369888,3867800,yahoo
JCI,2026-05-21,135.096191,2801300,yahoo
JCI,2026-05-22,137.97821,3502700,yahoo
JCI,2026-05-26,139.833084,1962700,yahoo
JCI,2026-05-27,137.818649,3067200,yahoo
JCI,2026-05-28,135.774307,3027900,yahoo
JCI,2026-05-29,133.690079,5301300,yahoo
JCI,2026-06-01,133.540497,3278600,yahoo
JCI,2026-06-02,141.598206,4048600,yahoo
JCI,2026-06-03,146.554489,5298600,yahoo
JCI,2026-06-04,146.993256,4668300,yahoo
JCI,2026-06-05,143.253601,4685700,yahoo
JCI,2026-06-08,143.652512,4421300,yahoo
JCI,2026-06-09,147.3423,5465300,yahoo
JCI,2026-06-10,138.975449,5715300,yahoo
JCI,2026-06-11,143.61261,3552200,yahoo
JCI,2026-06-12,144.559998,2809300,yahoo
JCI,2026-06-15,146.059998,3602500,yahoo
JCI,2026-06-16,145.169998,3563500,yahoo
JCI,2026-06-17,143.619995,4803300,yahoo
JCI,2026-06-18,144.820007,6996800,yahoo
JCI,2026-06-22,148.210007,5711000,yahoo
JCI,2026-06-23,141.279999,5000600,yahoo
JCI,2026-06-24,142.809998,6238500,yahoo
JCI,2026-06-25,145.490005,4449800,yahoo
JCI,2026-06-26,138.399994,8311700,yahoo
JCI,2026-06-29,140.470001,5326700,yahoo
JCI,2026-06-30,146.110001,7556100,yahoo
JCI,2026-07-01,144.800003,9190500,yahoo
JCI,2026-07-02,140.759995,5968800,yahoo
JCI,2026-07-06,142.720001,3244400,yahoo
JCI,2026-07-07,140.619995,3972500,yahoo
JCI,2026-07-08,140.229996,3096400,yahoo
JCI,2026-07-09,140.529999,4414200,yahoo
JCI,2026-07-10,142.809998,2330600,yahoo
JCI,2026-07-13,143.929993,3384300,yahoo
JCI,2026-07-14,145.240005,3944600,yahoo
JCI,2026-07-15,142.759995,3112300,yahoo
JCI,2026-07-16,141.259995,3046500,yahoo
JCI,2026-07-17,140.460007,3398700,yahoo
JCI,2026-07-20,139.369995,2433300,yahoo
JCI,2026-07-21,141.710007,2051100,yahoo
JCI,2026-07-22,142.490005,1916300,yahoo
JCI,2026-07-23,143.289993,2815800,yahoo
JCI,2026-07-24,143.369995,3068500,yahoo
JCI,2026-07-27,143.389999,2895900,yahoo
JCI,2026-07-28,140.279999,5549100,yahoo
JCI,2026-07-29,139.419998,7138700,yahoo
JCI,2026-07-30,143.880005,4619300,yahoo
JCI,2026-07-31,146.660004,3519800,yahoo
JCI,2026-08-03,146.389999,3172500,yahoo
JCI,2026-08-04,153.619995,4569500,yahoo
JCI,2026-08-05,153.649994,4802600,yahoo
KLAC,2025-08-06,88.259163,9350000,yahoo
KLAC,2025-08-07,90.621933,7172000,yahoo
KLAC,2025-08-08,90.89418,7195000,yahoo
KLAC,2025-08-11,90.435143,8140000,yahoo
KLAC,2025-08-12,92.953903,10279000,yahoo
KLAC,2025-08-13,94.339966,9007000,yahoo
KLAC,2025-08-14,94.929169,10053000,yahoo
KLAC,2025-08-15,86.933708,20645000,yahoo
KLAC,2025-08-18,87.964302,8538000,yahoo
KLAC,2025-08-19,87.236412,9867000,yahoo
KLAC,2025-08-20,87.471413,9785000,yahoo
KLAC,2025-08-21,86.868973,7305000,yahoo
KLAC,2025-08-22,86.658882,9463000,yahoo
KLAC,2025-08-25,87.581947,4693000,yahoo
KLAC,2025-08-26,88.433319,8123000,yahoo
KLAC,2025-08-27,88.511986,5285000,yahoo
KLAC,2025-08-28,89.020813,9642000,yahoo
KLAC,2025-08-29,86.830147,9543000,yahoo
KLAC,2025-09-02,84.276024,12416000,yahoo
KLAC,2025-09-03,84.032059,9336000,yahoo
KLAC,2025-09-04,86.958603,8134000,yahoo
KLAC,2025-09-05,90.125107,11556000,yahoo
KLAC,2025-09-08,90.512459,8865000,yahoo
KLAC,2025-09-09,91.383751,6778000,yahoo
KLAC,2025-09-10,92.867424,7128000,yahoo
KLAC,2025-09-11,95.521126,10221000,yahoo
KLAC,2025-09-12,95.993111,5839000,yahoo
KLAC,2025-09-15,98.47155,8456000,yahoo
KLAC,2025-09-16,98.636856,7761000,yahoo
KLAC,2025-09-17,98.567146,7239000,yahoo
KLAC,2025-09-18,104.225052,18247000,yahoo
KLAC,2025-09-19,104.037857,15869000,yahoo
KLAC,2025-09-22,106.670631,10207000,yahoo
KLAC,2025-09-23,106.665657,8295000,yahoo
KLAC,2025-09-24,106.413727,8680000,yahoo
KLAC,2025-09-25,105.460785,7105000,yahoo
KLAC,2025-09-26,105.977585,5054000,yahoo
KLAC,2025-09-29,105.961655,7697000,yahoo
KLAC,2025-09-30,107.402519,8863000,yahoo
KLAC,2025-10-01,112.408195,11881000,yahoo
KLAC,2025-10-02,113.442787,9249000,yahoo
KLAC,2025-10-03,109.68779,9536000,yahoo
KLAC,2025-10-06,113.487595,9460000,yahoo
KLAC,2025-10-07,108.013908,8784000,yahoo
KLAC,2025-10-08,105.808304,14760000,yahoo
KLAC,2025-10-09,104.900177,12477000,yahoo
KLAC,2025-10-10,97.85817,15760000,yahoo
KLAC,2025-10-13,102.065247,12270000,yahoo
KLAC,2025-10-14,102.135956,10557000,yahoo
KLAC,2025-10-15,108.239937,13137000,yahoo
KLAC,2025-10-16,109.41394,10311000,yahoo
KLAC,2025-10-17,110.196617,8791000,yahoo
KLAC,2025-10-20,114.800011,10785000,yahoo
KLAC,2025-10-21,114.256317,7447000,yahoo
KLAC,2025-10-22,110.959366,13614000,yahoo
KLAC,2025-10-23,115.408417,9466000,yahoo
KLAC,2025-10-24,117.780312,8255000,yahoo
KLAC,2025-10-27,120.997604,9711000,yahoo
KLAC,2025-10-28,120.092461,6654000,yahoo
KLAC,2025-10-29,123.004059,14635000,yahoo
KLAC,2025-10-30,120.925919,20377000,yahoo
KLAC,2025-10-31,120.36132,8852000,yahoo
KLAC,2025-11-03,121.396904,9055000,yahoo
KLAC,2025-11-04,118.842781,12014000,yahoo
KLAC,2025-11-05,122.189529,9011000,yahoo
KLAC,2025-11-06,120.128311,11788000,yahoo
KLAC,2025-11-07,118.830826,11421000,yahoo
KLAC,2025-11-10,121.278404,9481000,yahoo
KLAC,2025-11-11,118.584877,9118000,yahoo
KLAC,2025-11-12,119.388466,8246000,yahoo
KLAC,2025-11-13,115.679253,12035000,yahoo
KLAC,2025-11-14,112.950882,14446000,yahoo
KLAC,2025-11-17,113.078552,13265000,yahoo
KLAC,2025-11-18,112.020279,11519000,yahoo
KLAC,2025-11-19,116.445877,9593000,yahoo
KLAC,2025-11-20,109.961586,11719000,yahoo
KLAC,2025-11-21,109.429955,14384000,yahoo
KLAC,2025-11-24,113.380775,15796000,yahoo
KLAC,2025-11-25,114.294418,9442000,yahoo
KLAC,2025-11-26,115.609024,11257000,yahoo
KLAC,2025-11-28,117.244804,3893000,yahoo
KLAC,2025-12-01,115.420517,6091000,yahoo
KLAC,2025-12-02,118.680115,9533000,yahoo
KLAC,2025-12-03,120.863487,8104000,yahoo
KLAC,2025-12-04,120.497437,7032000,yahoo
KLAC,2025-12-05,121.133789,6819000,yahoo
KLAC,2025-12-08,122.144188,8198000,yahoo
KLAC,2025-12-09,122.245926,7827000,yahoo
KLAC,2025-12-10,123.57251,7119000,yahoo
KLAC,2025-12-11,124.29763,9223000,yahoo
KLAC,2025-12-12,119.085068,11439000,yahoo
KLAC,2025-12-15,122.196053,12584000,yahoo
KLAC,2025-12-16,122.022499,7355000,yahoo
KLAC,2025-12-17,116.900703,9138000,yahoo
KLAC,2025-12-18,121.924751,10565000,yahoo
KLAC,2025-12-19,124.246773,21561000,yahoo
KLAC,2025-12-22,126.240631,6045000,yahoo
KLAC,2025-12-23,126.548836,6007000,yahoo
KLAC,2025-12-24,127.370712,2103000,yahoo
KLAC,2025-12-26,127.63105,3374000,yahoo
KLAC,2025-12-29,125.714989,6415000,yahoo
KLAC,2025-12-30,124.04528,3843000,yahoo
KLAC,2025-12-31,121.195641,6080000,yahoo
KLAC,2026-01-02,127.119362,8321000,yahoo
KLAC,2026-01-05,134.897308,13199000,yahoo
KLAC,2026-01-06,139.141373,11414000,yahoo
KLAC,2026-01-07,135.619446,9045000,yahoo
KLAC,2026-01-08,132.119476,9485000,yahoo
KLAC,2026-01-09,139.640106,11024000,yahoo
KLAC,2026-01-12,142.449844,8556000,yahoo
KLAC,2026-01-13,143.81134,9966000,yahoo
KLAC,2026-01-14,143.081223,8965000,yahoo
KLAC,2026-01-15,154.098831,16576000,yahoo
KLAC,2026-01-16,156.378952,15317000,yahoo
KLAC,2026-01-20,148.235947,17340000,yahoo
KLAC,2026-01-21,151.609238,14999000,yahoo
KLAC,2026-01-22,149.61438,10260000,yahoo
KLAC,2026-01-23,150.889099,10102000,yahoo
KLAC,2026-01-26,153.906326,12599000,yahoo
KLAC,2026-01-27,161.217468,11742000,yahoo
KLAC,2026-01-28,162.301697,10915000,yahoo
KLAC,2026-01-29,168.037888,15064000,yahoo
KLAC,2026-01-30,142.42691,27881000,yahoo
KLAC,2026-02-02,140.682404,16038000,yahoo
KLAC,2026-02-03,135.205521,20559000,yahoo
KLAC,2026-02-04,130.385956,15838000,yahoo
KLAC,2026-02-05,132.760818,13017000,yahoo
KLAC,2026-02-06,143.924057,15711000,yahoo
KLAC,2026-02-09,143.645782,16392000,yahoo
KLAC,2026-02-10,142.716171,8432000,yahoo
KLAC,2026-02-11,147.569641,10928000,yahoo
KLAC,2026-02-12,144.712036,10491000,yahoo
KLAC,2026-02-13,146.036606,10122000,yahoo
KLAC,2026-02-17,146.831589,6231000,yahoo
KLAC,2026-02-18,147.841309,6510000,yahoo
KLAC,2026-02-19,146.802643,6257000,yahoo
KLAC,2026-02-20,149.409317,6841000,yahoo
KLAC,2026-02-23,148.57637,8499000,yahoo
KLAC,2026-02-24,150.472946,6669000,yahoo
KLAC,2026-02-25,154.47084,8762000,yahoo
KLAC,2026-02-26,152.236694,11840000,yahoo
KLAC,2026-02-27,152.260666,11069000,yahoo
KLAC,2026-03-02,153.299332,7591000,yahoo
KLAC,2026-03-03,143.951263,12669000,yahoo
KLAC,2026-03-04,147.402863,7982000,yahoo
KLAC,2026-03-05,142.753799,10777000,yahoo
KLAC,2026-03-06,134.283615,11179000,yahoo
KLAC,2026-03-09,142.727829,11207000,yahoo
KLAC,2026-03-10,145.108795,8912000,yahoo
KLAC,2026-03-11,146.313263,8164000,yahoo
KLAC,2026-03-12,140.777328,12596000,yahoo
KLAC,2026-03-13,141.683167,12718000,yahoo
KLAC,2026-03-16,143.640671,9557000,yahoo
KLAC,2026-03-17,147.946167,8535000,yahoo
KLAC,2026-03-18,148.047043,8830000,yahoo
KLAC,2026-03-19,150.95932,9997000,yahoo
KLAC,2026-03-20,149.675964,21884000,yahoo
KLAC,2026-03-23,150.950348,11738000,yahoo
KLAC,2026-03-24,156.419357,7823000,yahoo
KLAC,2026-03-25,154.185211,7694000,yahoo
KLAC,2026-03-26,144.928024,10917000,yahoo
KLAC,2026-03-27,144.137039,8115000,yahoo
KLAC,2026-03-30,138.081757,10012000,yahoo
KLAC,2026-03-31,147.053314,11081000,yahoo
KLAC,2026-04-01,151.790253,8799000,yahoo
KLAC,2026-04-02,151.490646,6615000,yahoo
KLAC,2026-04-06,153.809677,4118000,yahoo
KLAC,2026-04-07,154.687561,5273000,yahoo
KLAC,2026-04-08,167.020813,10201000,yahoo
KLAC,2026-04-09,172.505829,9395000,yahoo
KLAC,2026-04-10,173.506546,6864000,yahoo
KLAC,2026-04-13,176.652542,8301000,yahoo
KLAC,2026-04-14,179.362076,8713000,yahoo
KLAC,2026-04-15,174.588165,11639000,yahoo
KLAC,2026-04-16,173.263855,8323000,yahoo
KLAC,2026-04-17,178.915634,7254000,yahoo
KLAC,2026-04-20,180.30188,6231000,yahoo
KLAC,2026-04-21,178.309418,6761000,yahoo
KLAC,2026-04-22,180.975006,6840000,yahoo
KLAC,2026-04-23,181.311584,9285000,yahoo
KLAC,2026-04-24,193.253342,11431000,yahoo
KLAC,2026-04-27,189.757812,11196000,yahoo
KLAC,2026-04-28,180.666412,13398000,yahoo
KLAC,2026-04-29,181.389496,10921000,yahoo
KLAC,2026-04-30,174.81189,18906000,yahoo
KLAC,2026-05-01,172.40596,7892000,yahoo
KLAC,2026-05-04,171.113602,7916000,yahoo
KLAC,2026-05-05,173.069107,11941000,yahoo
KLAC,2026-05-06,181.397476,13409000,yahoo
KLAC,2026-05-07,176.100235,12416000,yahoo
KLAC,2026-05-08,186.68074,12894000,yahoo
KLAC,2026-05-11,184.283783,12129000,yahoo
KLAC,2026-05-12,180.904099,10294000,yahoo
KLAC,2026-05-13,184.735214,9381000,yahoo
KLAC,2026-05-14,189.052719,8100000,yahoo
KLAC,2026-05-15,180.202011,9804000,yahoo
KLAC,2026-05-18,175.645004,9469000,yahoo
KLAC,2026-05-19,174.057999,11170000,yahoo
KLAC,2026-05-20,182.947006,9000000,yahoo
KLAC,2026-05-21,184.218002,8205000,yahoo
KLAC,2026-05-22,188.837997,7231000,yahoo
KLAC,2026-05-26,201.139008,11503000,yahoo
KLAC,2026-05-27,195.718994,9502000,yahoo
KLAC,2026-05-28,192.763,8855000,yahoo
KLAC,2026-05-29,192.171005,11457000,yahoo
KLAC,2026-06-01,194.003998,7359000,yahoo
KLAC,2026-06-02,204.520004,10611000,yahoo
KLAC,2026-06-03,212.511002,10200000,yahoo
KLAC,2026-06-04,213.110001,8253000,yahoo
KLAC,2026-06-05,192.919998,18586000,yahoo
KLAC,2026-06-08,210.806,11659000,yahoo
KLAC,2026-06-09,213.936996,16366000,yahoo
KLAC,2026-06-10,213.563995,16030000,yahoo
KLAC,2026-06-11,241.164001,17694000,yahoo
KLAC,2026-06-12,254.539993,10056600,yahoo
KLAC,2026-06-15,256.420013,18368200,yahoo
KLAC,2026-06-16,237.330002,14048600,yahoo
KLAC,2026-06-17,238.729996,13213500,yahoo
KLAC,2026-06-18,259.559998,26167300,yahoo
KLAC,2026-06-22,269.160004,11719800,yahoo
KLAC,2026-06-23,244.490005,18703800,yahoo
KLAC,2026-06-24,240.479996,11543700,yahoo
KLAC,2026-06-25,258.799988,11963400,yahoo
KLAC,2026-06-26,248.639999,21394400,yahoo
KLAC,2026-06-29,278.390015,14628600,yahoo
KLAC,2026-06-30,301.709991,19909300,yahoo
KLAC,2026-07-01,266.190002,24163600,yahoo
KLAC,2026-07-02,235.550003,23622500,yahoo
KLAC,2026-07-06,233.309998,12130800,yahoo
KLAC,2026-07-07,216.470001,17710900,yahoo
KLAC,2026-07-08,221.179993,13082600,yahoo
KLAC,2026-07-09,229.520004,13066400,yahoo
KLAC,2026-07-10,231.520004,7447800,yahoo
KLAC,2026-07-13,222.25,9947500,yahoo
KLAC,2026-07-14,230.369995,9033100,yahoo
KLAC,2026-07-15,224.5,10625500,yahoo
KLAC,2026-07-16,219.369995,14957000,yahoo
KLAC,2026-07-17,212.75,13061800,yahoo
KLAC,2026-07-20,207.600006,8396400,yahoo
KLAC,2026-07-21,217.559998,9947400,yahoo
KLAC,2026-07-22,214.690002,9051200,yahoo
KLAC,2026-07-23,218.729996,8774000,yahoo
KLAC,2026-07-24,210.520004,11304900,yahoo
KLAC,2026-07-27,203.360001,14194900,yahoo
KLAC,2026-07-28,190.800003,17199200,yahoo
KLAC,2026-07-29,170.190002,20427600,yahoo
KLAC,2026-07-30,180.330002,17485100,yahoo
KLAC,2026-07-31,182.820007,13512400,yahoo
KLAC,2026-08-03,182.75,10263000,yahoo
KLAC,2026-08-04,195.449997,13251400,yahoo
KLAC,2026-08-05,192.800003,10011500,yahoo
US10Y,2024-12-27,4.62,,fred
US10Y,2024-12-30,4.55,,fred
US10Y,2024-12-31,4.58,,fred
US10Y,2025-01-02,4.57,,fred
US10Y,2025-01-03,4.6,,fred
US10Y,2025-01-06,4.62,,fred
US10Y,2025-01-07,4.67,,fred
US10Y,2025-01-08,4.67,,fred
US10Y,2025-01-09,4.68,,fred
US10Y,2025-01-10,4.77,,fred
US10Y,2025-01-13,4.79,,fred
US10Y,2025-01-14,4.78,,fred
US10Y,2025-01-15,4.66,,fred
US10Y,2025-01-16,4.61,,fred
US10Y,2025-01-17,4.61,,fred
US10Y,2025-01-21,4.57,,fred
US10Y,2025-01-22,4.6,,fred
US10Y,2025-01-23,4.65,,fred
US10Y,2025-01-24,4.63,,fred
US10Y,2025-01-27,4.53,,fred
US10Y,2025-01-28,4.55,,fred
US10Y,2025-01-29,4.55,,fred
US10Y,2025-01-30,4.52,,fred
US10Y,2025-01-31,4.58,,fred
US10Y,2025-02-03,4.54,,fred
US10Y,2025-02-04,4.52,,fred
US10Y,2025-02-05,4.43,,fred
US10Y,2025-02-06,4.45,,fred
US10Y,2025-02-07,4.49,,fred
US10Y,2025-02-10,4.51,,fred
US10Y,2025-02-11,4.54,,fred
US10Y,2025-02-12,4.62,,fred
US10Y,2025-02-13,4.52,,fred
US10Y,2025-02-14,4.47,,fred
US10Y,2025-02-18,4.55,,fred
US10Y,2025-02-19,4.53,,fred
US10Y,2025-02-20,4.5,,fred
US10Y,2025-02-21,4.42,,fred
US10Y,2025-02-24,4.4,,fred
US10Y,2025-02-25,4.3,,fred
US10Y,2025-02-26,4.25,,fred
US10Y,2025-02-27,4.29,,fred
US10Y,2025-02-28,4.24,,fred
US10Y,2025-03-03,4.16,,fred
US10Y,2025-03-04,4.22,,fred
US10Y,2025-03-05,4.28,,fred
US10Y,2025-03-06,4.29,,fred
US10Y,2025-03-07,4.32,,fred
US10Y,2025-03-10,4.22,,fred
US10Y,2025-03-11,4.28,,fred
US10Y,2025-03-12,4.32,,fred
US10Y,2025-03-13,4.27,,fred
US10Y,2025-03-14,4.31,,fred
US10Y,2025-03-17,4.31,,fred
US10Y,2025-03-18,4.29,,fred
US10Y,2025-03-19,4.25,,fred
US10Y,2025-03-20,4.24,,fred
US10Y,2025-03-21,4.25,,fred
US10Y,2025-03-24,4.34,,fred
US10Y,2025-03-25,4.31,,fred
US10Y,2025-03-26,4.35,,fred
US10Y,2025-03-27,4.38,,fred
US10Y,2025-03-28,4.27,,fred
US10Y,2025-03-31,4.23,,fred
US10Y,2025-04-01,4.17,,fred
US10Y,2025-04-02,4.2,,fred
US10Y,2025-04-03,4.06,,fred
US10Y,2025-04-04,4.01,,fred
US10Y,2025-04-07,4.15,,fred
US10Y,2025-04-08,4.26,,fred
US10Y,2025-04-09,4.34,,fred
US10Y,2025-04-10,4.4,,fred
US10Y,2025-04-11,4.48,,fred
US10Y,2025-04-14,4.38,,fred
US10Y,2025-04-15,4.35,,fred
US10Y,2025-04-16,4.29,,fred
US10Y,2025-04-17,4.34,,fred
US10Y,2025-04-21,4.42,,fred
US10Y,2025-04-22,4.41,,fred
US10Y,2025-04-23,4.4,,fred
US10Y,2025-04-24,4.32,,fred
US10Y,2025-04-25,4.29,,fred
US10Y,2025-04-28,4.23,,fred
US10Y,2025-04-29,4.19,,fred
US10Y,2025-04-30,4.17,,fred
US10Y,2025-05-01,4.25,,fred
US10Y,2025-05-02,4.33,,fred
US10Y,2025-05-05,4.36,,fred
US10Y,2025-05-06,4.3,,fred
US10Y,2025-05-07,4.26,,fred
US10Y,2025-05-08,4.37,,fred
US10Y,2025-05-09,4.37,,fred
US10Y,2025-05-12,4.45,,fred
US10Y,2025-05-13,4.49,,fred
US10Y,2025-05-14,4.53,,fred
US10Y,2025-05-15,4.45,,fred
US10Y,2025-05-16,4.43,,fred
US10Y,2025-05-19,4.46,,fred
US10Y,2025-05-20,4.48,,fred
US10Y,2025-05-21,4.58,,fred
US10Y,2025-05-22,4.54,,fred
US10Y,2025-05-23,4.51,,fred
US10Y,2025-05-27,4.43,,fred
US10Y,2025-05-28,4.47,,fred
US10Y,2025-05-29,4.43,,fred
US10Y,2025-05-30,4.41,,fred
US10Y,2025-06-02,4.46,,fred
US10Y,2025-06-03,4.46,,fred
US10Y,2025-06-04,4.37,,fred
US10Y,2025-06-05,4.4,,fred
US10Y,2025-06-06,4.51,,fred
US10Y,2025-06-09,4.49,,fred
US10Y,2025-06-10,4.47,,fred
US10Y,2025-06-11,4.41,,fred
US10Y,2025-06-12,4.36,,fred
US10Y,2025-06-13,4.41,,fred
US10Y,2025-06-16,4.46,,fred
US10Y,2025-06-17,4.39,,fred
US10Y,2025-06-18,4.38,,fred
US10Y,2025-06-20,4.38,,fred
US10Y,2025-06-23,4.34,,fred
US10Y,2025-06-24,4.3,,fred
US10Y,2025-06-25,4.29,,fred
US10Y,2025-06-26,4.26,,fred
US10Y,2025-06-27,4.29,,fred
US10Y,2025-06-30,4.24,,fred
US10Y,2025-07-01,4.26,,fred
US10Y,2025-07-02,4.3,,fred
US10Y,2025-07-03,4.35,,fred
US10Y,2025-07-07,4.4,,fred
US10Y,2025-07-08,4.42,,fred
US10Y,2025-07-09,4.34,,fred
US10Y,2025-07-10,4.35,,fred
US10Y,2025-07-11,4.43,,fred
US10Y,2025-07-14,4.43,,fred
US10Y,2025-07-15,4.5,,fred
US10Y,2025-07-16,4.46,,fred
US10Y,2025-07-17,4.47,,fred
US10Y,2025-07-18,4.44,,fred
US10Y,2025-07-21,4.38,,fred
US10Y,2025-07-22,4.35,,fred
US10Y,2025-07-23,4.4,,fred
US10Y,2025-07-24,4.43,,fred
US10Y,2025-07-25,4.4,,fred
US10Y,2025-07-28,4.42,,fred
US10Y,2025-07-29,4.34,,fred
US10Y,2025-07-30,4.38,,fred
US10Y,2025-07-31,4.37,,fred
US10Y,2025-08-01,4.23,,fred
US10Y,2025-08-04,4.22,,fred
US10Y,2025-08-05,4.22,,fred
US10Y,2025-08-06,4.22,,fred
US10Y,2025-08-07,4.23,,fred
US10Y,2025-08-08,4.27,,fred
US10Y,2025-08-11,4.27,,fred
US10Y,2025-08-12,4.29,,fred
US10Y,2025-08-13,4.24,,fred
US10Y,2025-08-14,4.29,,fred
US10Y,2025-08-15,4.33,,fred
US10Y,2025-08-18,4.34,,fred
US10Y,2025-08-19,4.3,,fred
US10Y,2025-08-20,4.29,,fred
US10Y,2025-08-21,4.33,,fred
US10Y,2025-08-22,4.26,,fred
US10Y,2025-08-25,4.28,,fred
US10Y,2025-08-26,4.26,,fred
US10Y,2025-08-27,4.24,,fred
US10Y,2025-08-28,4.22,,fred
US10Y,2025-08-29,4.23,,fred
US10Y,2025-09-02,4.28,,fred
US10Y,2025-09-03,4.22,,fred
US10Y,2025-09-04,4.17,,fred
US10Y,2025-09-05,4.1,,fred
US10Y,2025-09-08,4.05,,fred
US10Y,2025-09-09,4.08,,fred
US10Y,2025-09-10,4.04,,fred
US10Y,2025-09-11,4.01,,fred
US10Y,2025-09-12,4.06,,fred
US10Y,2025-09-15,4.05,,fred
US10Y,2025-09-16,4.04,,fred
US10Y,2025-09-17,4.06,,fred
US10Y,2025-09-18,4.11,,fred
US10Y,2025-09-19,4.14,,fred
US10Y,2025-09-22,4.15,,fred
US10Y,2025-09-23,4.12,,fred
US10Y,2025-09-24,4.16,,fred
US10Y,2025-09-25,4.18,,fred
US10Y,2025-09-26,4.2,,fred
US10Y,2025-09-29,4.15,,fred
US10Y,2025-09-30,4.16,,fred
US10Y,2025-10-01,4.12,,fred
US10Y,2025-10-02,4.1,,fred
US10Y,2025-10-03,4.13,,fred
US10Y,2025-10-06,4.18,,fred
US10Y,2025-10-07,4.14,,fred
US10Y,2025-10-08,4.13,,fred
US10Y,2025-10-09,4.14,,fred
US10Y,2025-10-10,4.05,,fred
US10Y,2025-10-14,4.03,,fred
US10Y,2025-10-15,4.05,,fred
US10Y,2025-10-16,3.99,,fred
US10Y,2025-10-17,4.02,,fred
US10Y,2025-10-20,4.0,,fred
US10Y,2025-10-21,3.98,,fred
US10Y,2025-10-22,3.97,,fred
US10Y,2025-10-23,4.01,,fred
US10Y,2025-10-24,4.02,,fred
US10Y,2025-10-27,4.01,,fred
US10Y,2025-10-28,3.99,,fred
US10Y,2025-10-29,4.08,,fred
US10Y,2025-10-30,4.11,,fred
US10Y,2025-10-31,4.11,,fred
US10Y,2025-11-03,4.13,,fred
US10Y,2025-11-04,4.1,,fred
US10Y,2025-11-05,4.17,,fred
US10Y,2025-11-06,4.11,,fred
US10Y,2025-11-07,4.11,,fred
US10Y,2025-11-10,4.13,,fred
US10Y,2025-11-12,4.08,,fred
US10Y,2025-11-13,4.11,,fred
US10Y,2025-11-14,4.14,,fred
US10Y,2025-11-17,4.13,,fred
US10Y,2025-11-18,4.12,,fred
US10Y,2025-11-19,4.13,,fred
US10Y,2025-11-20,4.1,,fred
US10Y,2025-11-21,4.06,,fred
US10Y,2025-11-24,4.04,,fred
US10Y,2025-11-25,4.01,,fred
US10Y,2025-11-26,4.0,,fred
US10Y,2025-11-28,4.02,,fred
US10Y,2025-12-01,4.09,,fred
US10Y,2025-12-02,4.09,,fred
US10Y,2025-12-03,4.06,,fred
US10Y,2025-12-04,4.11,,fred
US10Y,2025-12-05,4.14,,fred
US10Y,2025-12-08,4.17,,fred
US10Y,2025-12-09,4.18,,fred
US10Y,2025-12-10,4.13,,fred
US10Y,2025-12-11,4.14,,fred
US10Y,2025-12-12,4.19,,fred
US10Y,2025-12-15,4.18,,fred
US10Y,2025-12-16,4.15,,fred
US10Y,2025-12-17,4.16,,fred
US10Y,2025-12-18,4.12,,fred
US10Y,2025-12-19,4.16,,fred
US10Y,2025-12-22,4.17,,fred
US10Y,2025-12-23,4.18,,fred
US10Y,2025-12-24,4.15,,fred
US10Y,2025-12-26,4.14,,fred
US10Y,2025-12-29,4.12,,fred
US10Y,2025-12-30,4.14,,fred
US10Y,2025-12-31,4.18,,fred
US10Y,2026-01-02,4.19,,fred
US10Y,2026-01-05,4.17,,fred
US10Y,2026-01-06,4.18,,fred
US10Y,2026-01-07,4.15,,fred
US10Y,2026-01-08,4.19,,fred
US10Y,2026-01-09,4.18,,fred
US10Y,2026-01-12,4.19,,fred
US10Y,2026-01-13,4.18,,fred
US10Y,2026-01-14,4.15,,fred
US10Y,2026-01-15,4.17,,fred
US10Y,2026-01-16,4.24,,fred
US10Y,2026-01-20,4.3,,fred
US10Y,2026-01-21,4.26,,fred
US10Y,2026-01-22,4.26,,fred
US10Y,2026-01-23,4.24,,fred
US10Y,2026-01-26,4.22,,fred
US10Y,2026-01-27,4.24,,fred
US10Y,2026-01-28,4.26,,fred
US10Y,2026-01-29,4.24,,fred
US10Y,2026-01-30,4.26,,fred
US10Y,2026-02-02,4.29,,fred
US10Y,2026-02-03,4.28,,fred
US10Y,2026-02-04,4.29,,fred
US10Y,2026-02-05,4.21,,fred
US10Y,2026-02-06,4.22,,fred
US10Y,2026-02-09,4.22,,fred
US10Y,2026-02-10,4.16,,fred
US10Y,2026-02-11,4.18,,fred
US10Y,2026-02-12,4.09,,fred
US10Y,2026-02-13,4.04,,fred
US10Y,2026-02-17,4.05,,fred
US10Y,2026-02-18,4.09,,fred
US10Y,2026-02-19,4.08,,fred
US10Y,2026-02-20,4.08,,fred
US10Y,2026-02-23,4.03,,fred
US10Y,2026-02-24,4.04,,fred
US10Y,2026-02-25,4.05,,fred
US10Y,2026-02-26,4.02,,fred
US10Y,2026-02-27,3.97,,fred
US10Y,2026-03-02,4.05,,fred
US10Y,2026-03-03,4.06,,fred
US10Y,2026-03-04,4.09,,fred
US10Y,2026-03-05,4.13,,fred
US10Y,2026-03-06,4.15,,fred
US10Y,2026-03-09,4.12,,fred
US10Y,2026-03-10,4.15,,fred
US10Y,2026-03-11,4.21,,fred
US10Y,2026-03-12,4.27,,fred
US10Y,2026-03-13,4.28,,fred
US10Y,2026-03-16,4.23,,fred
US10Y,2026-03-17,4.2,,fred
US10Y,2026-03-18,4.26,,fred
US10Y,2026-03-19,4.25,,fred
US10Y,2026-03-20,4.39,,fred
US10Y,2026-03-23,4.34,,fred
US10Y,2026-03-24,4.39,,fred
US10Y,2026-03-25,4.33,,fred
US10Y,2026-03-26,4.42,,fred
US10Y,2026-03-27,4.44,,fred
US10Y,2026-03-30,4.35,,fred
US10Y,2026-03-31,4.3,,fred
US10Y,2026-04-01,4.33,,fred
US10Y,2026-04-02,4.31,,fred
US10Y,2026-04-03,4.35,,fred
US10Y,2026-04-06,4.34,,fred
US10Y,2026-04-07,4.33,,fred
US10Y,2026-04-08,4.29,,fred
US10Y,2026-04-09,4.29,,fred
US10Y,2026-04-10,4.31,,fred
US10Y,2026-04-13,4.3,,fred
US10Y,2026-04-14,4.26,,fred
US10Y,2026-04-15,4.29,,fred
US10Y,2026-04-16,4.32,,fred
US10Y,2026-04-17,4.26,,fred
US10Y,2026-04-20,4.26,,fred
US10Y,2026-04-21,4.3,,fred
US10Y,2026-04-22,4.3,,fred
US10Y,2026-04-23,4.34,,fred
US10Y,2026-04-24,4.31,,fred
US10Y,2026-04-27,4.35,,fred
US10Y,2026-04-28,4.36,,fred
US10Y,2026-04-29,4.42,,fred
US10Y,2026-04-30,4.4,,fred
US10Y,2026-05-01,4.39,,fred
US10Y,2026-05-04,4.45,,fred
US10Y,2026-05-05,4.43,,fred
US10Y,2026-05-06,4.36,,fred
US10Y,2026-05-07,4.41,,fred
US10Y,2026-05-08,4.38,,fred
US10Y,2026-05-11,4.42,,fred
US10Y,2026-05-12,4.46,,fred
US10Y,2026-05-13,4.46,,fred
US10Y,2026-05-14,4.47,,fred
US10Y,2026-05-15,4.59,,fred
US10Y,2026-05-18,4.61,,fred
US10Y,2026-05-19,4.67,,fred
US10Y,2026-05-20,4.57,,fred
US10Y,2026-05-21,4.57,,fred
US10Y,2026-05-22,4.56,,fred
US10Y,2026-05-26,4.5,,fred
US10Y,2026-05-27,4.48,,fred
US10Y,2026-05-28,4.45,,fred
US10Y,2026-05-29,4.45,,fred
US10Y,2026-06-01,4.47,,fred
US10Y,2026-06-02,4.46,,fred
US10Y,2026-06-03,4.49,,fred
US10Y,2026-06-04,4.47,,fred
US10Y,2026-06-05,4.55,,fred
US10Y,2026-06-08,4.56,,fred
US10Y,2026-06-09,4.53,,fred
US10Y,2026-06-10,4.55,,fred
US10Y,2026-06-11,4.45,,fred
US10Y,2026-06-12,4.48,,fred
US10Y,2026-06-15,4.47,,fred
US10Y,2026-06-16,4.43,,fred
US10Y,2026-06-17,4.49,,fred
US10Y,2026-06-18,4.46,,fred
US10Y,2026-06-22,4.51,,fred
US10Y,2026-06-23,4.5,,fred
US10Y,2026-06-24,4.41,,fred
US10Y,2026-06-25,4.4,,fred
US10Y,2026-06-26,4.38,,fred
US10Y,2026-06-29,4.38,,fred
US10Y,2026-06-30,4.44,,fred
US10Y,2026-07-01,4.48,,fred
US10Y,2026-07-02,4.49,,fred
US10Y,2026-07-06,4.48,,fred
US10Y,2026-07-07,4.55,,fred
US10Y,2026-07-08,4.56,,fred
US10Y,2026-07-09,4.54,,fred
US10Y,2026-07-10,4.56,,fred
US10Y,2026-07-13,4.62,,fred
US10Y,2026-07-14,4.58,,fred
US10Y,2026-07-15,4.55,,fred
US10Y,2026-07-16,4.57,,fred
US10Y,2026-07-17,4.55,,fred
US10Y,2026-07-20,4.6,,fred
US10Y,2026-07-21,4.63,,fred
US10Y,2026-07-22,4.67,,fred
US10Y,2026-07-23,4.71,,fred
US10Y,2026-07-24,4.69,,fred
US10Y,2026-07-27,4.65,,fred
US10Y,2026-07-28,4.61,,fred
US10Y,2026-07-29,4.67,,fred
US10Y,2026-07-30,4.68,,fred
US10Y,2026-07-31,4.75,,fred
US10Y,2026-08-03,4.7,,fred
US10Y,2026-08-04,4.63,,fred
